gtin,nome,marca,quantidade,unidade_medida
7890000090810,Sequilho QUALITÁ Leite Condensado,Qualitá,200.0,g
7890000110266,Leite Condensado Semidesnatado ITALAC,Italac,395.0,g
7890000180146,Queijo Prato Fatiado Crioulo,Crioulo,150.0,g
7890001596243,Palitos de batata finos Airfryer!,McCain,1000.0,g
7890002007236,Creme De Leite Piracanjuba,Piracanjuba,200.0,g
7890010809587,Leite Desnatado Piracanjuba,Piracanjuba,1000.0,mL
7890014120725,Leite UHT Integral Qualitá Caixa com Tampa 1l,Qualitá,1000.0,mL
7890017981767,Sardinha Em Oléo 88 Lata 125g,88,125.0,g
7890106000751,Aveia Flocos Grossos Sem Glúten Casas Pedro - 200g,Casas Pedro,200.0,g
7890120202650,Ovomaltine Recheado,BrasilCacau,90.0,g
7890130202817,Trufa De Chocolate Suíço Ao Leite Lindt Lindor Caixa 112g 9 Unidades,LINDT LINDOR,112.0,g
7890130202848,Trufa De Chocolate Suíço Ao Leite Recheio Cremoso Coração Lindt Lindor Lata 50g 4 Unidades,LINDT LINDOR,50.0,g
7890130400725,Ovo De Páscoa Ao Leite Com Coelhos De Chocolate Lindt Caixa 125g,LINDT,125.0,g
7890130401050,Ovo De Páscoa Ao Leite Com Avelã Lindt Nocciolatte Caixa 350g,LINDT,350.0,g
7890130401173,Ovo De Páscoa Ao Leite Recheio Trufa De Chocolate Ao Leite Lindt Lindor Caixa 235g,LINDT LINDOR,235.0,g
7890130501354,Panettone Com Gotas De Chocolate Ao Leite Duplo Chocolate Lindt Caixa 400g,LINDT,400.0,g
78901612,Licor Amaretto Dellorso 700ml,AMARETTO DELL ORSO,700.0,mL
7890300018248,Fritz frida,,1000.0,g
7890300155929,Feijão Preto,Fritz & Frida,1000.0,g
7890300363614,Arroz Integral,Fritz & Frida,1000.0,g
7890300567203,Massa Caseira com Ovos Pappardelle,Fritz e Frida,400.0,g
7890300569856,Tapioca - Fritz Frida,Fritz Frida,500.0,g
7890300584637,Fritz frida,,400.0,g
7890300680308,Fritz frida,,400.0,g
7890300680322,Sagu de Mandioca Premium,Fritz e Frida,400.0,g
78903180,Sal Cisne Refinado Extra,Cisne,100.0,g
78903784,Sobremesa Láctea Chocolate Batavo Creamy Bandeja 180g 2 Unidades,BATAVO,180.0,g
78903791,Sobremesa Láctea Chocolate Branco Batavo Creamy Bandeja 180g 2 Unidades,BATAVO,180.0,g
7890515880517,Fininha Defumada Perdigão,,240.0,g
78906679,Requeijão cremoso,Ibiacão,250.0,g
78907188,Bombom Amor Carioca,Neugebauer,20.0,g
78907478,Talento Castanhas do Pará,"Garoto,Talento",25.0,g
78907485,Chocolate Cereales y Pasas mini,Talento,25.0,g
78907492,Talento Amêndoas e Passas,"Garoto,Talento",25.0,g
78908901,Refrigerante Coca Cola Garrafa 200ml,COCA-COLA,200.0,mL
7890914055851,Aubergine Parmigiana Ravioli,"Artisan Pastificio, La Tua Pasta",250.0,g
78909434,"Bombom Ferrero Rocher Pacote 37,5g",FERRERO ROCHER,37.5,g
7891000001080,Fórmula Infantil Ninho Fases 1+,NESTLE,400.0,g
7891000001516,Tradicional,"Nestlé,Nesfit",300.0,g
7891000001806,Creme de Aspargos,Maggi,70.0,g
7891000002186,Cereal Matinal Corn Flakes Caixa 240g,NESTLE,240.0,g
7891000003404,Composto Lácteo Ninho Fases 3+,"Nestlé,Ninho",400.0,g
7891000004616,Nesquik,Nestlé,400.0,g
7891000005422,Crema de leche,Nestlé,300.0,g
7891000006290,Café Com Leite Solúvel Nescafé Lata 300g,NESTLE,300.0,g
7891000006689,Tempero Granulado 7 Vegetais Maggi Meu Segredo Caixa 49g 7 Unidades,NESTLE,49.0,g
7891000008119,Nescau Cereal,Nestlé,270.0,g
7891000009437,Nescau,Nestlé,400.0,g
7891000011287,Cereal Infantil Arroz Mucilon Lata 400g,Nestlé,400.0,g
7891000011294,Cereal Infantil Milho Mucilon Lata 400g,NESTLE,400.0,g
7891000011300,Neston,Nestlé,400.0,g
7891000011553,Creme Queijo Maggi Pacote 78g,MAGGI,78.0,g
7891000012109,Cereal Infantil Arroz Mucilon Pacote 230g,NESTLE,230.0,g
7891000012123,Cereal Infantil Milho Mucilon Pacote 230g,NESTLE,230.0,g
7891000013922,Instant Strawberry Flavoured Drink Mix,,200.0,g
7891000016640,Farinha Láctea Nestlé,Nestlé,230.0,g
7891000018750,Bono,Nestlé,140.0,g
7891000023167,Bebida Láctea Uht Chocolate Light Nescau Caixa 200ml,NESTLE,200.0,mL
7891000023808,Biscoito Chocolate Recheio Baunilha Negresco Pacote 140g,NESTLE,140.0,g
7891000025123,Cappuccino Solúvel Negresco Nescafé Lata 180g,NEGRESCO,180.0,g
7891000026182,Sopão Costela Com Legumes Maggi Sachê 200g,NESTLE,200.0,g
7891000027967,Chamyto Big,"Chamyto, Nestlé, Dairy Partners Americas Brasil LTDA",120.0,g
7891000027974,Pack Leite Fermentado Desnatado Chamyto Big Frasco 720g 6 Unidades,CHAMYTO,720.0,g
7891000029329,Nescafé Tradição Forte,"Nescafé,Nestlé",100.0,g
7891000035610,Cereal Infantil Arroz Aveia Mucilon Pacote 230g,NESTLE,230.0,g
7891000035634,Cereal Infantil Multicereais Mucilon Pacote 230g,NESTLE,230.0,g
7891000035832,Multicereais,"Nestlé,Mucilon",400.0,g
7891000040898,Arroz & Aveia,"Nestlé,Mucilon",400.0,g
7891000042038,Nescafe classic,Nescafé,200.0,g
7891000049020,Papinha Banana E Aveia Naturnes Vidro 120g,NESTLE,120.0,g
7891000049051,"Sopinha Macarrão, Legumes E Peito De Frango Naturnes Vidro 115g",NESTLE,115.0,g
7891000049068,"Sopinha Carne, Legumes E Mandioquinha Naturnes Vidro 115g",NESTLE,115.0,g
7891000049099,"Sopinha Macarrão, Carne E Legumes Naturnes Vidro 115g",NESTLE,115.0,g
7891000049105,Papinha Frutas Sortidas Naturnes Vidro 120g,NESTLE,120.0,g
7891000049112,Papinha Maçã E Banana Naturnes Vidro 120g,NESTLE,120.0,g
7891000049143,Papinha Maçã Naturnes Vidro 120g,NESTLE,120.0,g
7891000049235,"Papinha Caldo De Feijão, Carne E Arroz Naturnes Vidro 170g",NESTLE,170.0,g
7891000049242,Sopinha Peito De Frango Com Legumes Naturnes Vidro 170g,NESTLE,170.0,g
7891000049259,"Sopinha Macarrão, Carne E Legumes Naturnes Vidro 170g",NESTLE,170.0,g
7891000049266,"Sopinha Beterraba, Feijão E Legumes Naturnes Vidro 115g",NESTLE,115.0,g
7891000049273,Sopinha Legumes Com Carne Naturnes Vidro 115g,NESTLE,115.0,g
7891000049280,Sopinha Legumes E Carne Naturnes Vidro 170g,NESTLE,170.0,g
7891000050880,Cereal Matinal Snow Flakes Sachê 120g,NESTLE,120.0,g
7891000050927,CEREAL MOCA FLAKES SACHET 120G NESTLE,NESTLE,120.0,g
7891000051351,Passatempo,Nestlé,140.0,g
7891000051436,BISC PASSATEMPO LEITE 150G NESTLE,Nestlé,150.0,g
7891000051474,Achocolatado Pó Light Nescau Lata 400g,NESTLE,400.0,g
7891000055922,Leite Condensado Integral Moça,Moça,395.0,g
7891000056523,Alim inf nestogeno lt,,400.0,g
7891000056615,Alim inf nestogeno 2 lt,,400.0,g
7891000060407,Nestlé Nesfit Integral,"Nestlé,Nestlé Brasil",170.0,g
7891000060421,Nesfit Gergelim,Nestlé,170.0,g
7891000061190,Nescau 2.0,"Nestlé,Nescau",200.0,g
7891000062043,Neston Flocos de 3 Cereais,Nestlé,240.0,g
7891000062661,Composto Lácteo Ninho Fases 1 Lata 800g,NESTLE,800.0,g
7891000062722,Fórmula Infantil Para Lactentes 1 Nestogeno Lata 800g,NESTLE,800.0,g
7891000062746,Formula Nan Pro 1,Nestlé,800.0,g
7891000062760,Fórmula Infantil Para Lactentes 2 Nestogeno Lata 800g,NESTLE,800.0,g
7891000062784,Formula Nan Pro 1,Nestlé,800.0,g
7891000066560,Integral,"Ninho,Nestlé",1000.0,mL
7891000066607,Leite UHT Desnatado,"Molico,Nestlé",1000.0,mL
7891000067178,Achocolatado Pó Nescau Pacote 800g Embalagem Econômica,NESTLE,800.0,g
7891000067253,Alpino,"Nestlé,Alpino",195.0,g
7891000068441,Biscoito Combina Com Seu Dia 3 Cereais,NESTLE,126.0,g
7891000068458,Biscoito Integral Nesfit Pacote 126g,NESFIT,126.0,g
7891000070444,Chamyto Nestlé,Nestlé Chamyto,450.0,g
7891000070673,Nescau Cereal,Nestlé,120.0,g
7891000070765,Leite em Pó Integral,"Nestlé,Ninho",800.0,g
7891000071397,Leite pó instantâneo,"Nestlé,Ninho",800.0,g
7891000071625,Fórmula Infantil Para Lactentes,Nestlé,800.0,g
7891000071823,Nescafe Classic Coffee,Nescafé,30.0,g
7891000072899,Crunch Cereal,Nestlé,330.0,g
7891000072974,Yogurte integral sabor mel,Nestle,170.0,g
7891000072998,iogurte desnatado com cenoura laranja e mel,NESTLE,170.0,g
7891000073018,Yogurte Natural Desnatado,Nestlé,160.0,g
7891000073100,Cereal Infantil Arroz E Aveia Mucilon Pacote 600g Embalagem Econômica,NESTLE,600.0,g
7891000073537,Nesquik Chocolate,"Nestlé,Nesquik",400.0,g
7891000076217,Levinho,"Nestlé,Ninho",1000.0,mL
7891000076392,Cappuccino Solúvel Tradicional Nescafé Lata 200g,NESCAFE,200.0,g
7891000076415,Cappuccino,"Nestlé,Nescafé",200.0,g
7891000076651,Nescafé,Nestlé,50.0,g
7891000077924,Biscoito Wafer Prestígio Nestlé Pacote 110g,NESTLE,110.0,g
7891000077948,BISC WAFER CLASSIC 110G NESTLE,Nestlé,110.0,g
7891000079393,Fórmula Infantil Para Lactentes Nan Espessar Lata 800g,NESTLE,800.0,g
7891000079515,Fórmula Infantil Para Lactentes Nan Comfor 2 Lata 800g,NESTLE,800.0,g
7891000080290,Cappuccino Tradicional,"Nestlé,Nescafé",200.0,g
7891000081211,Biscoito Wafer Recheio Morango Passatempo Pacote 20g,PASSATEMPO,20.0,g
7891000081242,Biscoito Wafer Recheio Chocolate Passatempo Pacote 20g,PASSATEMPO,20.0,g
7891000081501,Bebida Láctea Uht Chocolate Nescau Caixa 1l,NESTLE,1000.0,mL
7891000084663,requeijão,Nestlé,200.0,g
7891000085028,Frutas,"Nestlé,Nesfit",300.0,g
7891000085387,Nescafe,Nescafe,200.0,g
7891000086131,Cereal Infantil Multicereais Mucilon Pacote 600g Embalagem Econômica,NESTLE,600.0,g
7891000087794,Complemento alimentar Baunilha,"Nestlé,Nutren",350.0,g
7891000087817,Pó Para Preparo De Bebida Chocolate Nutren Kids Lata 350g,NESTLE,350.0,g
7891000089231,BISC RECH PRESTIGIO 140G NESTLE,"Nestlé,Prestigio",110.0,g
7891000089255,Moca,Nestlé,140.0,g
7891000089279,Biscoito Nescau,Nestle,140.0,g
7891000089859,Morango & Cereais,"Nestlé,Nesfit",200.0,g
7891000090732,Bebida Neston fast Vit 280ml,NESTLE,280.0,mL
7891000090893,Suflair Dark,Nestlé,30.0,g
7891000091616,Mel & Amêndoas,"Nestlé,Nesfit",300.0,g
7891000092606,Bombom Chocolate Recheio Leite Maltado Lollo Pacote 28g,LOLO,28.0,g
7891000092699,Iogurte Grego Frutas Vermelhas Nestlé Bandeja 400g 4 Unidades,NESTL,400.0,g
7891000094396,Iogurte Parcialmente Desnatado Morango Ninho Fruti 250g,NESTLE,250.0,g
7891000096444,Iogurte Grego Tradicional,Nestlé,90.0,g
7891000096468,Chandelle chocolate,NESTLE,360.0,g
7891000096482,Composto Lácteo Sem Sabor Nutren Senior Lata 370g,NESTLE,370.0,g
7891000096864,Iogurte Grego Tradicional Morango Maracujá Light Nestlé Bandeja 540g 6 Unidades Leve Mais Pague Menos,LEVE MAIS,540.0,g
7891000097649,Fórmula Infantil Para Lactentes Nanlac Comfor Lata 800g,NESTLE,800.0,g
7891000098950,3 Cereais Neston,"Nestlé,Neston",210.0,g
7891000099032,Farinha Láctea Original Nestlé Sachê 210g,NESTLE,210.0,g
7891000099131,Iogurte Grego Tradicional Nestlé,Nestlé,90.0,g
7891000099803,NESTLÉ Leite Condensado Semidesnatado Moça Caixinha,NESTLE,395.0,g
7891000100103,Leite Condensado Integral moça,"Nestlé,Moça",395.0,g
7891000100233,Biscoito Coco,"Nestlé,Nesfit",200.0,g
7891000100448,Cereal,"Nestlé,Nescau",770.0,g
7891000100530,Nesfit,Nestlé,570.0,g
7891000100721,Cereal Matinal Snow Flakes Caixa 300g,NESTLE,300.0,g
7891000101506,MolicoLEITE PÓ DESNATADO MOLICO LATA 280G,Nestlé Molico,280.0,g
7891000101520,Leite Pó Desnatado Molico Pacote 500g,NESTLE,500.0,g
7891000101636,Leite pó actifibras,"Nestlé,Molico",280.0,g
7891000101674,sabor vitamina de maçã banana mamão,"Nestlé,Neston",210.0,g
7891000101926,Nescau 170ml,NESTLE,270.0,mL
7891000101957,Nestlé Especialidades,Nestlé,375.0,g
7891000102626,Aveia Em Flocos Finos Nestlé Caixa 170g,Nestlé,500.0,g
7891000102640,Aveia Em Flocos Nestlé Caixa 170g,Nestlé Aveia,170.0,g
7891000103104,Tempero Maggi base 25g Frango azeite,Maggi,25.0,g
7891000103340,Chocolate ao Leite NESTLÉ CLASSIC,Nestlé,80.0,g
7891000103852,Iogurte Parcialmente Desnatado Maçã E Banana Ninho Frasco 170g,NESTLE,170.0,g
7891000103876,Iogurte Parcialmente Desnatado Morango Ninho Frasco 170g,NESTLE,170.0,g
7891000103937,Queijo Petit Suisse Morango Chambinho Bandeja 320g 8 Unidades,NESTLE,320.0,g
7891000104101,Achocolatado Em Po Nesquik Lata 380G Morango,"Nestlé,Nesquik",380.0,g
7891000104491,Kit Cereal Matinal Chocolate Nescau 770g Grátis Tigela Exclusiva Embalagem Econômica,NESTLE,770.0,g
7891000104613,Iogurte Parcialmente Desnatado Grego Maracujá Light Nestlé Bandeja 360g 4 Unidades,NESTLE,360.0,g
7891000104804,Nestlé profissional chocolate ao leite,,1000.0,g
7891000104828,Nestlé chocolate ao leite,,1000.0,g
7891000104842,Chocolate Meio Amargo,Nestlé Professional,1000.0,g
7891000104927,Barra de cereal Morango,"Nestlé,Nesfit",60.0,g
7891000104965,Cereal barra Avelã Chocolate,"Nestlé,Nesfit",60.0,g
7891000105016,"Cereal Mix Snack banana, aveia e mel","Nestlé,Nesfit",60.0,g
7891000106099,Composto Lácteo Comfor Neslac Lata 800g,NESTLE,800.0,g
7891000106754,Leite Zero lactose,"Nestlé,Molico",1000.0,mL
7891000106808,"Sorvete Moça Brigadeiro Nestlé Pote 1,5l",NESTLE,1500.0,mL
7891000106907,"Sorvete Prestígio Nestlé Pote 1,5l",NESTLE,1500.0,mL
7891000106921,"Sorvete Sensação Nestlé Pote 1,5l",NESTLE,1500.0,mL
7891000106945,"Sorvete Galak Nestlé Pote 1,5l",NESTLE,1500.0,mL
7891000106969,"Sorvete Napolitano Nestlé Especialidades Pote 1,5l",NESTLE,1500.0,mL
7891000107041,Leite Condensado Desnatado Light Moça Caixa 410g,MOCA,410.0,g
7891000107263,Leche Condensada,Nestlé,395.0,g
7891000107485,Sobremesa Láctea Com Chantilly Chocolate Chandelle Bandeja 200g 2 Unidades,NESTLE,200.0,g
7891000107508,Sobremesa Láctea Com Chantilly Caramelo Chandelle Bandeja 200g 2 Unidades,NESTLE,200.0,g
7891000107638,Chocolate ao Leite Alpino,Alpino,85.0,g
7891000107744,Suflair,Nestlé,110.0,g
7891000107836,Chocolate Ao Leite Aerado Suflair Pacote 50g,NESTLE,50.0,g
7891000108000,Nestle Sweetened Condensed Full Cream Milk (Tin),Nestle,395.0,g
7891000108277,Moça,Nestle,395.0,g
7891000108819,Nescafé tradicional,Nestle,170.0,g
7891000109236,Bebida láctea Senior chocolate,"Nestlé,Nutren",200.0,mL
7891000109298,Cookie original + Trento Duo,Passatempo,60.0,g
7891000109670,Bebida Aveia Integral,"Nestlé,Nesfit",1000.0,mL
7891000109694,Arroz Integral,"Nestlé,Nesfit",1000.0,mL
7891000109717,Farinha Láctea Multi Cereais,Nestlé,380.0,g
7891000109908,Leite em Pó Sem Lactose,"Nestlé,Ninho",380.0,g
7891000110096,Sobremesa Láctea Chocolate Branco Chandelle Bandeja 360g 4 Unidades Leve Mais Pague Menos,NESTLE,360.0,g
7891000110430,Chambinho 320g,NESTLE,320.0,g
7891000110829,Bebida Láctea Uht Com Café Chocolate Nescafé Smoovlatté Frasco 270ml,NESCAFE,270.0,mL
7891000111161,NESCAU MATINAL CEREAL CXA,Nestlé,210.0,g
7891000112403,Bebida láctea Senior mix frutas,"Nestlé,Nutren",200.0,mL
7891000112946,Fases 1+,"Nestlé,Ninho",800.0,g
7891000113295,Cereal Infantil Aveia E Ameixa Mucilon Pacote 180g,MUCILON,180.0,g
7891000113417,kitkat,Nestle,45.0,g
7891000114575,"Al. Gatos Friskies 10,1 Fil. Fgo. Lte",,10100.0,g
7891000114926,Nesfit,Nestle,120.0,g
7891000115985,Leite pó Levinho,"Nestlé,Ninho",400.0,g
7891000116494,DOG CHOW FILHOTES,,3000.0,g
7891000117125,Biscoito L4P3,"Nestlé,Nesfit",200.0,g
7891000118580,CHOC PRESTIGIO DARK 33G NESTLE,"Prestígio,Nestlé",33.0,g
7891000118610,Laranja & Cenoura,"Nestlé,Nesfit",200.0,g
7891000118788,Granola Tradicional,"Nestlé,Nesfit",700.0,g
7891000118795,Granola frutas,"Nestlé,Nesfit",700.0,g
7891000118818,"Banana, Aveia & Canela","Nestlé,Nesfit",200.0,g
7891000118887,Granola Frutas,"Nestlé,Nesfit",200.0,g
7891000118962,Nescau,Nestle,380.0,g
7891000119037,Granola,"Nestlé,Nesfit",200.0,g
7891000119495,NESTLÉ NINHO Forti+ UHT Zero Lactose,Nestle5,1000.0,mL
7891000119891,Farinha Láctea Aveia Nestlé Sachê 200g,NESTLE,200.0,g
7891000119976,Composto Lácteo Supreme Neslac Lata 800g,NESLAC,800.0,g
7891000120057,Hel. Mega almendras,frigor,74.0,g
7891000120071,Sorvete Napolitano Tradicional,"NESTLE, Nestlé",1500.0,mL
7891000120095,Cacau Pó Solúvel Dois Frades Caixa 200g,NESTLE,200.0,g
7891000120101,Creme de Leite Nestlé,Nestlé,300.0,g
7891000120507,Sorvete sabor creme,"NESTLE, Nestlé",710.0,g
7891000120521,"Sorvete Flocos Tradicional Nestlé Pote 1,5l",NESTLE,1500.0,mL
7891000120606,Composto Lácteo Café Com Leite Nutren Senior Lata 370g,NESTLE,370.0,g
7891000120750,Pack Sobremesa Láctea Chocolate Chandelle Bandeja 720g 8 Unidades Leve Mais Pague Menos,NESTLE,720.0,g
7891000121306,Creme de Leite Lata,NESTLÉ,300.0,g
7891000126905,CREME DE LEITE UHT NESTLE,Nestlé,200.0,g
7891000127407,Creme de Leite Nestlé,Nestlé,200.0,g
7891000140307,Leite integral em pó,"Nestlé, Ninho",400.0,g
7891000148402,Leite Pó Desnatado Molico,Molico,400.0,g
7891000154106,Doce De Leite Moça De Colher Lata 390g,NESTLE,390.0,g
7891000155806,Brigadeiro,"Nestlé,Moça",385.0,g
7891000156209,Chocolate Cremoso Moça Doceria Lata 380g,NESTLE,380.0,g
7891000234006,Composto Lácteo Baunilha Nutren Active Lata 400g,NESTLE,400.0,g
7891000234105,Composto Lácteo Chocolate Nutren Active Lata 400g,NESTLE,400.0,g
7891000240755,kit kat de leche,,41.5,g
7891000241295,Biscoito Recheio Morango Passatempo Pacote 130g,PASSATEMPO,130.0,g
7891000241356,BISC RECH PASSATEMPO CHOC 130G NESTLE,NESTLE,130.0,g
7891000241370,BISC RECH PASSATEMPO LEITE 130G NESTLE,"Nestlé,Passatempo",130.0,g
7891000241417,Iogurte Parcialmente Desnatado Vitamina De Frutas Nestlé Garrafa 900g,NESTLE,900.0,g
7891000241448,Iogurte Parcialmente Desnatado Vitamina De Frutas Nestlé Frasco 170g,NESTLE,170.0,g
7891000241547,Complemento alimentar Senior Baunilha,"Nestlé,Nutren",370.0,g
7891000241615,Yogurte Nestlé BJ Grego sabor morango,Nestle,360.0,g
7891000242599,Achocolatado,Nescau,2000.0,g
7891000242612,Tempero Granulado Tomates Suculentos Com Ervas Maggi Natusabor Pacote 40g 8 Unidades,MAGGI,40.0,g
7891000242650,Nescafé Original,"Nescafé,Nestlé",55.0,g
7891000242735,"Tempero Granulado Salsinha, Orégano Cebolinha Maggi Natusabor Pacote 40g 8 Unidades",MAGGI,40.0,g
7891000243527,Alpino Black top,Nestle,100.0,g
7891000243688,nestle,"Nestlé,Nescafé,Dolce Gusto,Nescau",170.0,g
7891000243725,Cápsula dolce gusto expresso,,80.0,g
7891000243787,Espresso,"Nestlé,Nescafé,Dolce Gusto",60.0,g
7891000243954,Café Au Lait,Nescafé Dolce Gusto,100.0,g
7891000244265,Iogurte Parcialmente Desnatado Morango Nestlé Frasco 170g,NESTLE,170.0,g
7891000244425,Iogurte Parcialmente Desnatado Morango Nestlé Garrafa 900g,NESTLE,900.0,g
7891000244449,"Iogurte Parcialmente Desnatado Morango Nestlé Garrafa 1,25kg Tamanho Família",NESTLE,1250.0,g
7891000244548,"Iogurte Parcialmente Desnatado Vitamina De Frutas Nestlé Garrafa 1,25kg Tamanho Família",NESTLE,1250.0,g
7891000247518,Al. Cães Dog Chow 15kg AD.+7 FGO E Arroz,,15000.0,g
7891000247624,BISC COOKIE NEGRESCO 60G NESTLE,Nestle,60.0,g
7891000247785,2.0,"Nestlé,Nescau",1000.0,g
7891000248201,Biscoito Limão e cereais,"Nestlé,Nesfit",200.0,g
7891000248768,Kit Kat,Nestlé,41.5,g
7891000248799,KitKat,Nestlé,41.5,g
7891000248829,Chocolate KitKat Dark,Nestlé,41.5,g
7891000248843,"Wafer Dark Kitkat Pacote 41,5g",NESTLE,41.5,g
7891000249239,Kit kat,"Nestlé,Kit Kat",41.5,g
7891000249376,Leite Pó Desnatado Molico Lata 280g Grátis 10,NESTLE,280.0,g
7891000249611,Cereal Matinal Snow Flakes,Nestlé,800.0,g
7891000249871,Caldo Tablete Costela Maggi Caixa 57g 6 Unidades,MAGGI,57.0,g
7891000249932,Maggi - Bacon,,57.0,g
7891000249963,Caldo Tablete Legumes Maggi Caixa 57g 6 Unidades,MAGGI,57.0,g
7891000250112,Caldo Carne Leve 6 Pague 5 Grátis 1 Tablete,Maggi,57.0,g
7891000250150,Caldo Tablete Carne Maggi Caixa 57g 6 Unidades,MAGGI,57.0,g
7891000250174,Caldo Tablete Galinha Maggi Caixa 57g 6 Unidades,MAGGI,57.0,g
7891000250525,Iogurte Grego Tradicional Morango Nestlé Bandeja 600g 6 Unidades Leve Mais Pague Menos,NESTLE,600.0,g
7891000250563,Panettone Chocolate Recheio Prestígio Nestlé Caixa 400g,Nestlé,400.0,g
7891000250587,Panettone Com Gotas E Recheio Chocolate Alpino Nestlé Caixa 400g,Nestlé,400.0,g
7891000250907,Leite mais proteína,"Nestlé,Molico",1000.0,mL
7891000250938,Complemento alimentar Nutrição reforçada,"Nestlé,Ninho",350.0,g
7891000251478,Caldo Tablete Picanha Maggi Caixa 114g 12 Unidades,MAGGI,114.0,g
7891000251515,Caldo Tablete Carne Maggi Caixa 114g 12 Unidades,MAGGI,114.0,g
7891000251539,Preparado para caldo de galinha,"MAGGI, Nestlé",114.0,g
7891000251614,Caldo Tablete Galinha Maggi Caixa 114g Leve 12 Pague 10 Unidades,MAGGI,114.0,g
7891000251638,milico,Nestlé,260.0,g
7891000251652,Biscoito Recheio Doce De Leite Passatempo Pacote 130g,PROPRIA,130.0,g
7891000251904,Achocolatado pó 3.0,Nescau,760.0,g
7891000252000,"Cereal Infantil Banana, Maçã E Quinoa Mucilon Seleção Da Natureza Pacote 180g",MUCILON,180.0,g
7891000252185,Bebida Láctea Uht Chocolate Zero Lactose Nescau Max Protein Frasco 270ml,NESTLE,270.0,mL
7891000252604,Farinha Láctea,Nestlé,400.0,g
7891000252819,Iogurte sabor Morango,Chamyto,100.0,g
7891000252833,Iogurte Parcialmente Desnatado Vitamina De Frutas Chamyto Go Squeeze 100g,NESTLE,100.0,g
7891000253182,Creme de Leite Leve,Nestlé,200.0,g
7891000253403,"Aveia, Flocos Grossos",Nestlé,170.0,g
7891000253588,Caldo Tablete Galinha Maggi Equilibrium Caixa 114g 12 Unidades,MAGGI,114.0,g
7891000254608,"Iogurte Parcialmente Desnatado Morango, Maçã, Banana E Cereais Mamão, Maçã, Banana E Cereais Neston 3 Cereais Bandeja 540g 6 Unidades",NESTLE,540.0,g
7891000254622,Iogurte Grego Frutas Vermelhas Nestlé Pote 90g,NESTLE,90.0,g
7891000254912,Nescafe Classic,Nescafe,250.0,g
7891000255025,"Double filter,full flavour",Nescafé,200.0,g
7891000255049,Nescafé classic- café instantáneo,Nescafé,100.0,g
7891000255346,Biscoito Cookie Original Garoto Pacote 60g,GAROTO,60.0,g
7891000255421,Cereal Matinal Integral Mel Cheerios 4 Cereais Sachê 120g,CHEERIOS,120.0,g
7891000255742,Cookie integral banana,"Nestlé,Nesfit",60.0,g
7891000255773,COOKIE CACAU E AVELA NESFIT 60G NESTLE,"Nestlé,Nesfit",60.0,g
7891000255919,Bebida aveia Cacau integral,"Nestlé,Nesfit",260.0,mL
7891000255933,Biscoito integral sem glúten Banana e canela,"Nestlé,Nesfit",30.0,g
7891000255957,Biscoito integral sem glúten Cacau e cereais,"Nestlé,Nesfit",30.0,g
7891000255971,Cebola e Salsa,"Nestlé,Nesfit",300.0,g
7891000256138,Pack Bombom Branco Prestígio Pacote 114g 6 Unidades,PRESTIGIO,114.0,g
7891000256282,caldo sabor panceta,Maggi,9.5,g
7891000256510,Mochaccino Em Cápsula Canela Nescafé Dolce Gusto Caixa 275g 16 Unidades,NESCAFÉ DOLCE GUSTO,275.0,g
7891000256572,Nescafe classic,Nestle,275.0,g
7891000256879,Crescidinhos Sabor Baunilha,"Nestlé,Mucilon",250.0,g
7891000257135,Nescafé Tradição Forte,"Nescafé,Tradição,Nestlé",230.0,g
7891000257197,leite molico,Nestlé,500.0,mL
7891000257982,4 Grãos,"Nestlé,Nescau",210.0,g
7891000258491,Chokito barra,Nestle,114.0,g
7891000258613,Cereal Matinal Duo Nescau Caixa 210g,NESCAU,210.0,g
7891000259115,Espinafre e Gergelim,"Nestlé,Nesfit",88.0,g
7891000259290,Chia e Manjericão,"Nestlé,Nesfit",84.0,g
7891000259313,Linhaça e Sabor Azeitona,"Nestlé,Nesfit",84.0,g
7891000259337,Quinoa e Alho-Poró,"Nestlé,Nesfit",84.0,g
7891000259351,PASSATEMPO BISC RECH CHOC/MRG 130G,"Nestlé,Passatempo",130.0,g
7891000259375,Tomate e Gergelim,"Nestlé,Nesfit",84.0,g
7891000259405,Nestle Passatempo Choco,,130.0,g
7891000259429,Bebida Láctea Uht Farinha Láctea Nestlé Caixa 200ml,LUXCEL,200.0,mL
7891000259818,Chocolate Ao Leite Dois Frades Pacote 500g,NESTLE,500.0,g
7891000260166,Iogurte Parcialmente Desnatado Morango Com Cereais De Chocolate Chamyto Bandeja 130g,NESTLE,130.0,g
7891000260401,Nescafé classic,Nescafé,50.0,g
7891000260524,Yogurte Nestlé Flan Caramelo,Nestlé,200.0,g
7891000260968,NESCAFE CLASSIC,,200.0,g
7891000261002,Iogurte Parcialmente Desnatado Maçã E Banana Ninho Garrafa 850g,NESTLE,850.0,g
7891000261026,Iogurte Parcialmente Desnatado Morango Salada De Frutas Maçã E Banana Ninho Bandeja 540g 6 Unidades,NESTLE,540.0,g
7891000261460,Iogurte Parcialmente Desnatado Morango Com Cereais Coloridos Chamyto Bandeja 130g,NESTLE,130.0,g
7891000261507,NESTLÉ Aveia em Flocos,Nestlé,250.0,g
7891000262542,Papinha Orgânica Uva Banana Naturnes Vidro 120g,NESTLE,120.0,g
7891000262573,Papinha Orgânica Maçã Naturnes Vidro 120g,NESTLE,120.0,g
7891000262603,Papinha Orgânica Banana Naturnes Vidro 120g,NESTLE,120.0,g
7891000262665,Papinha Orgânica Goiaba Banana Naturnes Vidro 120g,NESTLE,120.0,g
7891000265918,Nestle Kit Kat Erdbeere,Kit Kat,45.0,g
7891000266748,Achocolatado Pó Nescau Max Cereal Lata 165g,NESCAU,165.0,g
7891000268100,"Pó Para Preparo De Bebida Vitamina De Pera, Morango Banana Neston Lata 400g",NESTLE,400.0,g
7891000268506,"Pó Para Preparo De Bebida Vitamina De Maçã, Banana Mamão Neston Lata 400g",NESTLE,400.0,g
7891000275122,Sopão Galinha Com Legumes Maggi Equilibrium Sachê 150g,MAGGI,150.0,g
7891000275290,Bebida à Base De Arroz Integral E Amêndoa Nesfit Caixa 1l,NESTLE,1000.0,mL
7891000275740,Cereal Infantil 5 Cereais Com Quinoa Mucilon Seleção Da Natureza Pacote 180g,NESTLE,180.0,g
7891000276167,Bebida Láctea Uht Baunilha Molico Proteína Frasco 270ml,NESTLE,270.0,mL
7891000276280,Sabor Uva,"Chamyto,Nestlé",80.0,g
7891000276402,prestigio achocolatado en pó,Nestle,1010.0,g
7891000276471,Alpino,nestle,90.0,g
7891000276518,Chocolate branco,"Nestlé,Galak",90.0,g
7891000276556,Chocolate Ao Leite E Meio Amargo Black Top Alpino Pacote 90g,NESTLE,90.0,g
7891000276792,Chocolate Ao Leite Prestígio Classic Pacote 90g,CLASSIC,90.0,g
7891000276839,Barra de Chocolate ao Leite e Branco,Nestle,90.0,g
7891000276877,Classic Meio Amargo,Nestlé,90.0,g
7891000277072,Crunch,"Nestlé,Crunch",90.0,g
7891000277218,Ovo De Páscoa Branco,"Nestlé,Kit Kat",227.0,g
7891000277249,Ovo De Páscoa Ao Leite,"Nestlé,Kit Kat",332.0,g
7891000277843,Kit Cereal Matinal Chocolate Nescau 210g Snow Flakes 300g Mais Economia,NESTLE,210.0,g
7891000279380,Creme Cebola Maggi Equilibrium Pacote 61g,MAGGI,61.0,g
7891000279809,churros,"Moça,Nestlé",210.0,g
7891000282700,Aveia Nestlé em Flocos Orgânica,Nestlé,170.0,g
7891000282748,Ninho Fases 1+,Nestlé,1200.0,g
7891000282809,Composto Lácteo com Óleos Vegetais e Fibras,Ninho,800.0,g
7891000284483,Biscoito Sorvete De Morango Negresco Pacote 140g,NESTLE,140.0,g
7891000284568,Bono Sabor Churros,Nestlé,140.0,g
7891000284599,Bebida Láctea Uht Chocolate Nescau Max Cereal Frasco 260ml,NESTLE,260.0,mL
7891000284933,Ninho Forti+,Nestlé,380.0,g
7891000284971,Leite Pó Instantâneo Semidesnatado Ninho Levinho Forti Lata 350g,NESTLE,350.0,g
7891000285015,Composto Lácteo Fibras Molico Lata 260g,NESTLE,260.0,g
7891000285091,Composto Lácteo Ninho Forti Pacote 750g,NESTLE,750.0,g
7891000285138,Composto Lácteo Com Camomila Ninho Hora De Dormir Lata 350g,NESTLE,350.0,g
7891000285800,Caldo Pó Carne Maggi Caixa 35g 5 Unidades,MAGGI,35.0,g
7891000285848,Caldo Pó Galinha Maggi Caixa 35g 5 Unidades,MAGGI,35.0,g
7891000286449,Nescafé Original,"Nescafé,Nestlé",230.0,g
7891000286487,Nescafé Tradición,"Nescafé,Tradición,Nestlé",230.0,g
7891000287453,Farinha Láctea Original Nestlé Sachê Leve 600g Pague 500g,Nestlé,600.0,g
7891000288085,Bebida à Base De Arroz Natures Heart Caixa 1l,NATURES HEART,1000.0,mL
7891000288115,Bebida à Base De Arroz E Coco Natures Heart Caixa 1l,NATURES HEART,1000.0,mL
7891000288146,Bebida à Base De Arroz E Cacau Natures Heart Caixa 1l,NATURES HEART,1000.0,mL
7891000288177,Bebida à Base De Amêndoa Natures Heart Caixa 1l,Nature's Heart,1000.0,mL
7891000288207,Bebida à Base De Aveia Natures Heart Caixa 1l,NATURES HEART,1000.0,mL
7891000288238,Bebida à Base De Castanha De Caju Natures Heart Caixa 1l,NATURES HEART,1000.0,mL
7891000288276,Caldo,Maggi,114.0,g
7891000288474,Neston 3 Cereals,Nestle,600.0,g
7891000288801,Nesfit Original,"Nestlé,Nesfit",220.0,g
7891000289709,Biscoito Integral Nesfit com Cacau e Avelã,Nestlé,140.0,g
7891000289747,Biscoito Nesfit Maçã e Canela,Nestle,140.0,g
7891000290026,BISC RECH NEGRESCO COBERTO 120G NESTLE,NESTLE,120.0,g
7891000291863,Cappuccino Em Cápsula Nescafé Dolce Gusto Caixa 117g 10 Unidades,NESCAFÉ DOLCE GUSTO,117.0,g
7891000292044,Alpino gianduia,Nestlé,400.0,g
7891000292518,Ovo De Páscoa Ao Leite Alpino Nestlé 337g,NESTLE,337.0,g
7891000294376,Mochaccino Em Cápsula Canela Nescafé Dolce Gusto Caixa 172g 10 Unidades,NESCAFÉ DOLCE GUSTO,172.0,g
7891000297490,Achocolatado,Nestlé,200.0,g
7891000298671,Morango Aveia e Baunilha Probióticos,"Nesfit,Nestlé",170.0,g
7891000298718,Yogurte Nesfit sabor Morango Aveia e Baunilha Probióticos,Nestlé,850.0,g
7891000298763,Ovo De Páscoa Ao Leite Nescau Nba Nestlé 150g Vem Com Acessório Do Seu Time Favorito,NESTLE,150.0,g
7891000299098,Café Au Lait Em Cápsula Desnatado Nescafé Dolce Gusto Caixa 160g 16 Unidades,NESCAFÉ DOLCE GUSTO,160.0,g
7891000299531,Miniovos De Chocolate Ao Leite Surpresa 90g,NESTLE,90.0,g
7891000299579,Miniovos De Chocolate Kitkat Nestlé 90g,NESTLE,90.0,g
7891000299616,Miniovos De Chocolate Alpino Nestlé 90g,NESTLE,90.0,g
7891000299791,Especialidades,"Nestlé,Alpino,Charge,Chokito,Especialidades,Prestigio",153.0,g
7891000299944,Kit kat white,Nestlé,41.5,g
7891000300503,Nescafé Original Extraforte,"Nestlé,Nescafé",100.0,g
7891000300602,Nescafé Original,"Nestlé,Nescafé",200.0,g
7891000301517,Cereal Matinal Integral Mel Cheerios Caixa 210g,NESTLE,210.0,g
7891000301968,Iogurte Frutas Vermelhas Nesfit Probióticos,Nesfit,850.0,g
7891000302002,Iorgute Frutas Vermelhas Nesfit Probióticos,,170.0,g
7891000303115,nestogeno,,800.0,g
7891000304594,Biscoito integral com morango e cereais,Nestlé,160.0,g
7891000304716,Biscoito Integral Limão Cereais Nesfit Pacote 160g,NESTLE,160.0,g
7891000304754,Biscoito Integral Nesfit Laranja e Cenoura,Nestle,160.0,g
7891000304792,Biscoito Integral Coco Nesfit Pacote 160g,NESTLE,160.0,g
7891000304808,Nescafé Tradicción,"Nescafé,Tradicción,Nestlé",200.0,g
7891000304839,NESFIT banana,NESTLE,160.0,g
7891000304877,BISC RECH BONO FININHO CHOC 57G NESTLE,NESTLE,57.0,g
7891000305232,Biscoito Recheio Chocolate Bono Pacote 126g,NESTLE,126.0,g
7891000305317,Biscoito Recheio Torta De Limão Bono Pacote 126g,BONO,126.0,g
7891000305553,Leite Condensado Semidesnatado Moça,Moça,200.0,g
7891000305690,Bebida Láctea Uht Banana E Maçã Neston Whey Protein Frasco 280ml,NESTLE,280.0,mL
7891000305775,Iorgute Morango Molico Triplo Zero 0% Lactose,Nestlé,850.0,g
7891000305812,Molico Morango Triplo Zero 0% Lactose,Nestlé,170.0,g
7891000306031,"Cereal Infantil Aveia, Trigo Leite Mucilon Pacote 180g",NESTLE,180.0,g
7891000306390,Composto Lácteo Colágeno Molico Lata 250g,NESTLE,250.0,g
7891000306758,Chocolate Amargo Dark Milk 41 Cacau Smooth Alpino Pacote 85g,ALPINO,85.0,g
7891000306857,Chocolate Amargo Dark Milk 61 Cacau Intense Alpino Pacote 85g,ALPINO,85.0,g
7891000306901,Chocolate Amargo Dark Milk 51 Cacau Rich Alpino Pacote 85g,ALPINO,85.0,g
7891000307120,Nescafé Original Extraforte,"Nescafé,Nestlé",40.0,g
7891000309094,Cheerios Miel,"Nestlé,Cheerios",210.0,g
7891000309667,Composto Lácteo Proteína Molico Lata 250g,NESTLE,250.0,g
7891000310151,Tempero Para Carne Suína Toque De Limão Maggi Vidro 85g,MAGGI,85.0,g
7891000310199,Caldo Pó Legumes Maggi Caixa 35g 5 Unidades,MAGGI,35.0,g
7891000310236,"Tempero Para Carnes, Legumes E Ovos Toque Defumado Maggi Vidro 95g",MAGGI,95.0,g
7891000312704,Nescafé Classic,Nescafé,50.0,g
7891000312902,Coffee,,200.0,g
7891000312964,"Chocolate Ao Leite Crunch Pacote 22,5g",NESTLE,22.5,g
7891000313015,Chocolate Ao Leite Alpino Pacote 25g,ALPINO,25.0,g
7891000315507,Nescafé Café Soluvel Matinal,"Nescafé, Nescafé Suave",100.0,g
7891000316849,Creme De Leite Esterilizado Bate Chantilly Homogeneizado Nestlé Lata 280g,NESTLE,280.0,g
7891000317396,Moça Zero Lactose,"Nestlé,Moça",395.0,g
7891000318096,Sopa Feijão E Carne Nutren Senior Sachê 40g,NESTLE,40.0,g
7891000318201,Sopa Frango E Aveia Nutren Senior Sachê 40g,NESTLE,40.0,g
7891000318355,Pó Para Preparo De Bebida Vegetal Zero Lactose Ninho Forti Lata 300g,NINHO,300.0,g
7891000318614,Batom ao leite,"Nestlé,Passatempo",96.0,g
7891000318652,Choco Mix,"Nestlé,Passatempo",96.0,g
7891000319383,Bebida Láctea Uht Caramelo Salgado Zero Lactose Molico Proteína Frasco 270ml,MOLICO,270.0,mL
7891000319505,Cereal Infantil Multicereais Mucilon Pacote 180g,MUCILON,180.0,g
7891000319543,Cereal Infantil Integral Arroz Aveia Mucilon Pacote 180g,INTEGRAL,180.0,g
7891000319581,Cereal Infantil Milho Mucilon Pacote 180g,MUCILON,180.0,g
7891000319628,Cereal Infantil Arroz Mucilon Pacote 180g,MUCILON,180.0,g
7891000320204,Biscoito Integral Abobrinha Mucilon Meu Primeiro Lanchinho Pacote 35g,MUCILON,35.0,g
7891000320242,Biscoito Integral Milho Mucilon Meu Primeiro Lanchinho Pacote 35g,MUCILON,35.0,g
7891000320280,Biscoito Integral Tomate Mucilon Meu Primeiro Lanchinho Pacote 35g,MUCILON,35.0,g
7891000320341,Kit Cereal Matinal Snow Flakes 620g Grátis Tigela Exclusiva Embalagem Econômica,NESTLE,620.0,g
7891000321164,Sabor Chocolate + Chocolate ao Leite,"Bono,Nestlé",109.0,g
7891000321201,Biscoito Recheio Doce De Leite Cobertura Chocolate Ao Leite Bono Pacote 109g,NESTLE,109.0,g
7891000321324,Instant coffee NESCAFE STRONG,Nescafe,300.0,g
7891000321652,Chocolate Branco Galak Pacote 25g,GALAK,25.0,g
7891000325131,Bombom Nestlé Especialidades,Nestlé,251.0,g
7891000325858,LEITE PO NINHO INTEGRAL,Nestlé Ninho,380.0,g
7891000326398,Chocolate Moça Brigadeiro,Nestlé,90.0,g
7891000326442,Barra de Chocolate ao Leite com flocos de cereais sabor chocolate,"Nestlé, Nescau",90.0,g
7891000326572,Chocolate Meio Amargo Dois Frades Pacote 500g,AMARGO,500.0,g
7891000326657,Chocolate Branco Dois Frades Pacote 500g,PACO,500.0,g
7891000327371,Creme De Leite Uht Levíssimo Homogeneizado Nestlé Caixa 200g,Nestlé,200.0,g
7891000328279,BISC CHOCOBISCUIT 80G NESTLE,NESTLE,80.0,g
7891000329207,BISC WAFER BONO LIMAO 110G NESTLE,"Bono,Nestlé",110.0,g
7891000329245,Wafer,"Nestlé,Galak",110.0,g
7891000329450,Biscoito maça e canela,Nestlé,160.0,g
7891000329498,Biscoito de coco,Nestlé,160.0,g
7891000329665,Chocolate Ao Leite Aerado E Branco Duo Suflair Pacote 80g,SUFLAIR,80.0,g
7891000329856,Chocolate Ao Leite Aerado Suflair Pacote 80g,SUFLAIR,80.0,g
7891000331538,Ovo De Páscoa Ao Leite Nestlé 160g,NESTL,160.0,g
7891000331613,Nutrisnack Gerber Banana-Fresa,Gerber,42.0,g
7891000331705,Galletas Gerber Banana/Naranja,Gerber,42.0,g
7891000332221,Molico zero sabor baunilha,Nestlé,850.0,g
7891000332269,Iogurte Desnatado Baunilha Zero Lactose Molico Frasco 170g,MOLICO,170.0,g
7891000332719,"Papinha Orgânica Carne, Feijão E Legumes Naturnes Vidro 115g",NATURNES,115.0,g
7891000332757,Sopinha Orgânica Carne Com Abóbora Naturnes Vidro 115g,NATURNES,115.0,g
7891000332849,AL.CAES PROPLANVET 2KG HA HYDROLYZED,,2000.0,g
7891000333600,Nesfit Cacau,Nestlé,220.0,g
7891000333969,"Nesfit sabor Miel, con Almendras","Nestlé,Nesfit",220.0,g
7891000334188,Iogurte Morango Zero Lactose Molico Bandeja 360g 4 Unidades,MORANGO,360.0,g
7891000334225,Iogurte Baunilha Zero Lactose Molico Bandeja 360g 4 Unidades,MOLICO,360.0,g
7891000334720,Ovo De Páscoa Ao Leite Dino Garoto Baton Surpresa Caixa 45g,GAROTO,45.0,g
7891000334768,Miniovos De Chocolate Ao Leite Alpino Nestlé Pouch 90g,ALPINO,90.0,g
7891000334805,Cacau Pó Natures Heart Caixa 180g,NATURES HEART,180.0,g
7891000336281,Chocolate Ao Leite E Meio Amargo Black Top Alpino Pacote 85g,ALPINO,85.0,g
7891000336311,Chocolate Ao Leite E Branco White Top Alpino Pacote 85g,ALPINO,85.0,g
7891000336342,Chocolate Ao Leite Extracremoso Alpino Pacote 85g,ALPINO,85.0,g
7891000336373,Chocolate ao leite Alpino,Nestlé,85.0,g
7891000336915,"Sopinha Orgânica Frango, Cenoura E Mandioquinha Naturnes Vidro 115g",NATURNES,115.0,g
7891000337097,Iogurte Baunilha Zero Lactose Molico Copo 140g,MOLICO,140.0,g
7891000337158,Iogurte Morango Zero Lactose Molico Copo 140g,MORANGO,140.0,g
7891000337196,Iogurte Morango Zero Lactose Molico Bandeja 720g 8 Unidades Tamanho Família,MORANGO,720.0,g
7891000337233,Fitness sin azúcares añadidos,Nestlé,220.0,g
7891000338087,Achocolatado em pó Nescau 550g Refil,"NESCAU, Nestlé",550.0,g
7891000338162,Achocolatado Pó Nescau Pacote 730g Embalagem Econômica,NESCAU,730.0,g
7891000338209,Mistura Para Bolo Brownie Dois Frades Pacote 350g,PARA,350.0,g
7891000338254,Chocolate Ao Leite Dois Frades Pacote 400g,PACO,400.0,g
7891000339060,espresso intenso,Nescafé,128.0,g
7891000339190,Biscoito Cookie Nescau Nestlé Pacote 60g,COOKIE,60.0,g
7891000339237,COOKIE PRESTIGIO 60G NESTLE,"Nestlé,Prestígio",60.0,g
7891000339558,Biscoito Cookie Nescau Duo Nestlé Pacote 60g,COOKIE,60.0,g
7891000339596,Biscoito Cookie Baunilha Com Chocolate Classic Pacote 60g,CLASSIC,60.0,g
7891000339633,Cereal Matinal Morango Snow Flakes Caixa 230g,SNOW FLAKES,230.0,g
7891000339916,Tempero Granulado Cheiro Verde Maggi Meu Segredo Caixa 49g 7 Unidades,MAGGI,49.0,g
7891000339954,Tempero Granulado Refoga Cebola E Alho Maggi Meu Segredo Caixa 49g 7 Unidades,MAGGI,49.0,g
7891000340004,Iogurte Parcialmente Desnatado Morango Calda Morango Nestlé Copo 150g,NESTLE,150.0,g
7891000340035,Bebida Láctea Uht Morango E Banana Ninho Fruti Caixa 190ml,NINHO,190.0,mL
7891000340073,Tempero Granulado Tomate E Ervas Maggi Meu Segredo Caixa 49g 7 Unidades,MAGGI,49.0,g
7891000340882,leite ninho,nestle,380.0,g
7891000341100,Achocolatado Pó Nescau Intense Lata 180g,NESCAU,180.0,g
7891000341513,Sopão Galinha Com Legumes Maggi Sachê 300g Econômico,MAGGI,300.0,g
7891000341780,Mix De Grãos E Sementes Com Alho Poró Maggi Da Horta Pacote 150g,MAGGI,150.0,g
7891000341940,Especiarias E Ervas Finas Para Peixes Maggi Da Horta Vidro 30g,MAGGI,30.0,g
7891000342336,Tempero Pasta Cebola Alho Com Pimenta Vermelha Maggi Da Horta Vidro 160g,MAGGI,160.0,g
7891000342374,Especiarias E Ervas Finas Para Legumes E Ovos Maggi Da Horta Vidro 17g,MAGGI,17.0,g
7891000343593,Mistura Para Bebida Com Café Em Pó Natures Heart Thermo Coffee Lata 150g,NATURES HEART,150.0,g
7891000343678,Mistura Para Bebida Com Café Em Pó Cacau Natures Heart Bullet Lata 150g,NATURES HEART,150.0,g
7891000343715,Bebida à Base De Leite De Coco Natures Heart Thermo Chai Lata 150g,NATURES HEART,150.0,g
7891000343845,Mistura Para Bebida Com Café Em Pó Original Natures Heart Bullet Lata 150g,NATURES HEART,150.0,g
7891000343883,Leite Consesado Integral Moça - Nestlé,Nestlé,370.0,g
7891000344330,Tempero Para Sopas Maggi Pacote 50g 10 Unidades,MAGGI,50.0,g
7891000344835,Leite Condensado Integral Original Moça Topping Squeeze 300g,INTEGRAL,300.0,g
7891000344897,Sopa Grãos Lentilha Com Bacon Maggi Pacote 71g,MAGGI,71.0,g
7891000344965,Sopa Feijão Com Mandioquinha Maggi Pacote 71g,MAGGI,71.0,g
7891000345399,Caldo de Verdudas,Maggi,9.5,g
7891000345658,Biscoito Chocolate Recheio Baunilha Negresco Pacote 100g,NEGRESCO,100.0,g
7891000345801,Biscoito Chocolate Recheio Sorvete De Morango Negresco Pacote 100g,NEGRESCO,100.0,g
7891000345849,Biscoito Recheio Chocolate Negresco Eclipse Pacote 100g,NEGRESCO,100.0,g
7891000346945,NESTLÉ NINHO Fases Zero Lactose,Nestlé,800.0,g
7891000347027,Form Infantil,Nan,1200.0,g
7891000347942,nesquik,Nestlé,200.0,g
7891000349724,KIT KAT MINI CARAMELO,MOMENT,34.6,g
7891000349779,KIT KAT MINI moments,COOKIE,34.6,g
7891000350041,Panettone Recheio Doce De Leite Alpino Caixa 400g,ALPINO,400.0,g
7891000350072,Biscoito Cookie Galak Nestlé Pacote 60g,COOKIE,60.0,g
7891000350119,Biscoito Cookie Alpino Nestlé Pacote 60g,ALPINO,60.0,g
7891000350157,Nescafé Tradición,"Nescafé,Nestlé",120.0,g
7891000351840,Nesfit Tradicional,"Nestlé,Nesfit",570.0,g
7891000352038,BISC RECH NEGRESCO COB BAUN 103G NESTLE,NEGRESCO,103.0,g
7891000352175,Nescau,"Nestlé,Nescau",370.0,g
7891000353257,"Iogurte Desnatado Frutas Vermelhas, Aveia E Hibisco Zero Lactose Nesfit Copo 150g",NESFIT,150.0,g
7891000353295,"Iogurte Desnatado Morango, Aveia E Baunilha Zero Lactose Nesfit Copo 150g",NESFIT,150.0,g
7891000353769,Mistura Láctea Condensada Moça Caixa 395g,CONDE,395.0,g
7891000354537,Mistura De Creme De Leite Uht Nestlé Caixa 200g,NESTL,200.0,g
7891000355848,Chococino Em Cápsula Nescafé Dolce Gusto Caixa 256g 16 Unidades,NESCAFÉ DOLCE GUSTO,256.0,g
7891000355886,Chococino Em Cápsula Nescafé Dolce Gusto Caixa 160g 10 Unidades,NESCAFÉ DOLCE GUSTO,160.0,g
7891000356555,Achocolatado Pó Nescau Pacote 730g Leve Mais Pague Menos,LEVE MAIS,730.0,g
7891000356791,Cereal Matinal Crunch Nestlé Caixa 230g,CRUNCH,230.0,g
7891000356838,Cereal Matinal Leite Condensado Moça Flakes Caixa 230g,Nestlé,230.0,g
7891000356890,Mucilon multi cereais,Mucilon,360.0,g
7891000356975,Mucilon de milho,Mucilon,360.0,g
7891000357019,Mucilon arroz e aveia,Mucilon,360.0,g
7891000357460,Cereal Matinal Snow Flakes Caixa 230g,SNOW FLAKES,230.0,g
7891000357644,Cereal Matinal Duo Nescau Caixa 400g,NESCAU,400.0,g
7891000357897,Corn Flakes,"Nestlé,Corn Flakes",190.0,g
7891000357972,BISC RECH FININHO NEGRESCO 57G NESTLE,NEGRESCO,57.0,g
7891000358764,Farinha Láctea,Nestle,360.0,g
7891000358801,Flocos De Cereais Neston 3 Cereais Lata 360g,NESTON,360.0,g
7891000358887,"Chocolate, ao leite, com amendoim",Nestle,150.0,g
7891000359006,TABLETE CLASSIC DUO COOKIE 150G NESTLE,CLASSIC,150.0,g
7891000359143,Sobremesa Láctea Paçoca Chandelle Bandeja 180g 2 Unidades,CHANDELLE,180.0,g
7891000360040,"Pack Bebida Láctea Uht Chocolate Nescau Caixa 1,62l Leve 9 Pague 8 Unidades",NESCAU,1620.0,mL
7891000360088,Achocolatado Pó Chocolate Branco Nescau Lata 180g,NESCAU,180.0,g
7891000360156,Achocolatado Pó Com Canela Nescau Lata 180g,NESCAU,180.0,g
7891000360323,"Iogurte Mamão, Maçã, Banana E Cereais Morango, Maçã, Banana E Cereais Neston 3 Cereais Bandeja 510g 6 Unidades",NESTON,510.0,g
7891000360361,Iogurte Grego Tradicional Morango Nestlé Bandeja 540g 6 Unidades Leve Mais Pague Menos,LEVE MAIS,540.0,g
7891000360583,Iogurte Grego Tradicional,Nestlé,360.0,g
7891000360620,Iogurte Grego Frutas Vermelhas Nestlé Bandeja 360g 4 Unidades,NESTL,360.0,g
7891000360668,Iogurte Parcialmente Desnatado Morango Chambinho Recreio Squeeze 100g,CHAMBINHO,100.0,g
7891000360781,Cappuccino Solúvel Doce De Leite Nescafé Dolce Gusto Caixa 204g 12 Unidades,NESCAFÉ DOLCE GUSTO,204.0,g
7891000361214,TABLETE CLASSIC AO LEITE 150G NESTLE,Nestlé,150.0,g
7891000361252,Coffee Classic,Nescafe,47.5,g
7891000361290,Nescafe Classic,,95.0,g
7891000361337,COOKIE CREAM AO LEITE 78G NESTLE,Nestlé,78.0,g
7891000361375,Cookie Cream Avelã,"Nestlé,Prestígio",78.0,g
7891000361641,Cereal Matinal Nescau Caixa 540g Economia,NESCAU,540.0,g
7891000361917,NESCAFÉ CLASSIC,NESCAFÉ,195.0,g
7891000362037,Iogurte Morango Nestlé Bandeja 510g 6 Unidades,MORANGO,510.0,g
7891000363256,Yogurte Nestlé BJ Sabor Morango+vitamina de Frutas,Nestlé,510.0,g
7891000364291,BISC RECH BONO FININHO LIMAO 57G NESTLE,"Bono,Nestlé",57.0,g
7891000364512,Chocolate em pó solúvel (Chocolate do Padre),Nestlé,1010.0,g
7891000366141,Nesquiki,,180.0,mL
7891000367773,Biscoito Cobertura Chocolate Branco Calipso Pacote 130g,PACO,130.0,g
7891000368572,Chocolate Meio Amargo 40 Cacau Classic Pacote 80g,Nestlé,80.0,g
7891000368626,Chocolate Galak,nestle,80.0,g
7891000368893,Chocolate Ao Leite Com Castanha De Caju Diplomata Classic Pacote 80g,DIPLOMATA,80.0,g
7891000368947,Chocolate Ao Leite Prestígio Classic Pacote 80g,CLASSIC,80.0,g
7891000368992,Chocolate Ao Leite E Branco Duo Classic Pacote 90g,NESTLE,90.0,g
7891000369098,Chocolate Ao Leite Classic Pacote 90g,Nestlé,90.0,g
7891000369159,Biscoito Morango E Banana Mucilon Meu Primeiro Lanchinho Pacote 35g,MUCILON,35.0,g
7891000369203,Biscoito Laranja E Banana Mucilon Meu Primeiro Lanchinho Pacote 35g,MUCILON,35.0,g
7891000369340,farinha láctea,Nestlé,160.0,g
7891000369371,Chocolate Ao Leite Crunch Pacote 80g,Nestlé,80.0,g
7891000369500,Cereal Matinal Snow Flakes Caixa 620g Embalagem Econômica,SNOW FLAKES,620.0,g
7891000369715,Bebida Láctea UHT Sabor Caramelo com Café - StarBucks,starbucks,280.0,mL
7891000369753,Frapuccino starbucks,Starbucks,280.0,mL
7891000369852,Sobremesa Láctea Chocolate Meio Amargo Calda Caramelo Chandelle Experience Bandeja 180g 2 Unidades,CHANDELLE,180.0,g
7891000369890,Sobremesa Láctea Chocolate Calda Morango Chandelle Experience Bandeja 180g 2 Unidades,CHANDELLE,180.0,g
7891000370087,Prestigio Maxi,Nestlé,90.0,g
7891000371053,Panettone Com Gotas E Recheio Chocolate Alpino Nestlé Caixa 450g,ALPINO,450.0,g
7891000371091,Panettone Recheio Prestígio Nestlé Caixa 450g,NESTL,450.0,g
7891000371251,"Iorgute Ameixa, Aveia e Amaranto",Nesfit,170.0,g
7891000371299,Iorgute Nesfit Ameixa Probióticos 0% Lactose,Nestlé,850.0,g
7891000371336,Café Mocha Frappuccino Chocolate,Starbucks,280.0,mL
7891000371879,Queijo Petit Suisse Morango Chambinho Freeze Bandeja 160g 4 Unidades,CHAMBINHO,160.0,g
7891000372043,Cereal Matinal Extra Cacau Nescau Caixa 170g,NESCAU,170.0,g
7891000372548,Wafer Galak,"Galak,Nestlé",110.0,g
7891000372586,WAFER nono Choc. 110g,"Bono,Nestlé",110.0,g
7891000374160,NATURE S HEART MARACUJÁ COM CACAU 50%,Nature s heart,25.0,g
7891000375242,Ovo De Páscoa Meio Amargo Kitkat Dark Nestlé 227g,AMARGO,227.0,g
7891000376072,Choc Nestlé kit kat celebrar,,185.6,g
7891000376683,Ovo De Páscoa Ao Leite Crunch Nestlé 205g,CRUNCH,205.0,g
7891000376805,Biscoito Chocolate Recheio Morango Negresco Pacote 90g,NEGRESCO,90.0,g
7891000376843,Biscoito Recheio Chocolate Bono Pacote 90g,BONO,90.0,g
7891000376881,BISC RECH BONO LIMAO 90G NESTLE,BONO,90.0,g
7891000376928,Biscoito Recheio Doce De Leite Bono Pacote 90g,BONO,90.0,g
7891000376959,Biscoito Recheio Morango Bono Pacote 90g,MORANGO,90.0,g
7891000377017,BISC RECH BONO COCO 90G NESTLE,BONO,90.0,g
7891000377130,Biscoito Recheio Chocolate Negresco Pacote 90g,NEGRESCO,90.0,g
7891000377543,Choco Trio,Nestlé,90.0,g
7891000377598,Choco Trio,Nestlé,90.0,g
7891000377642,Chocotrio Amendoim,Nestlé,90.0,g
7891000377765,Achocolatado Pó 30 Cacau Nescau Lata 180g,NESCAU,180.0,g
7891000378175,Iogurte Integral Natural Nestlé Bandeja 340g 4 Unidades,Nestlé,340.0,g
7891000378212,Iogurte Parcialmente Desnatado Mel Nestlé Bandeja 340g 4 Unidades,NESTL,340.0,g
7891000378403,Ovo De Páscoa Ao Leite Alpino Extracremoso Nestlé 193g,ALPINO,193.0,g
7891000379028,KitKat White,KitKat,41.5,g
7891000379073,kit kat dark,Kit Kat,41.5,g
7891000379691,Nescau,Nestlé,370.0,g
7891000379738,Nescau,Nestlé,670.0,g
7891000379790,Chocapic Boom,"Nestlé,Chocapic",170.0,g
7891000381588,Choco Cookies,Nestlé,120.0,g
7891000381625,CHOCOCOOKIES RECH AVELA,Nestlé,120.0,g
7891000381663,Choco cookies,Nestlé,120.0,g
7891000382301,Farelo de Aveia Nestlé Oat Bran,Nestlé,500.0,g
7891000382547,Farinha de Aveia Integral Nestlé,Nestlé Aveia,500.0,g
7891000383063,Pipoquinha,Nestlé (Mucilon),35.0,g
7891000384152,Trencito Galleta,Nestlé,130.0,g
7891000385791,CEREAL MATINAL NEGRESCO,"Negresco,Nestlé",200.0,g
7891000386200,Achoc Po nesquik mor,,380.0,g
7891000387658,Seleção natureza,Mucilon,100.0,g
7891000388655,"Café Com Leite Em Cápsula Latte Macchiato Nescafé Dolce Gusto Caixa 112,5g 10 Unidades",DOLCE GUSTO,112.5,g
7891000388709,Baton sabor Algodão Doce 16G,Garoto,16.0,g
7891000389096,Passatempo Fininho,Nestlé,57.0,g
7891000389171,Nescafé Latte,Nescafé,270.0,mL
7891000389201,Bebida Láctea Uht Morango Nesquik Caixa 200ml,NESTLE,200.0,mL
7891000389225,Nescafé  cappuccino,Nescafe,270.0,mL
7891000389300,Chococino,Nescafe,270.0,mL
7891000393284,Leite em pó integral instantâneo Ninho,Nestlé Ninho,380.0,g
7891000393482,Leite po ninho instant lt,,380.0,g
7891000394939,CEREAL MATINAL KIT KAT NESTLE,"Kit Kat,Nestlé",210.0,g
7891000395561,Chocolate Negresoo,Garot,150.0,g
7891000395905,Leite po ninho instant Sache,,350.0,g
7891000395981,Leite em pó integral instantâneo,Nestlé,575.0,g
7891000396599,Leite po ninho integr Sache,,350.0,g
7891000396919,CEREAL KITKAT SACHET,"Kit Kat,Nestlé",90.0,g
7891000397077,Leite em Pó Ninho Adulto Semi Desnatado,Nestlé,350.0,g
7891000397206,Leite po ninho semi desn id escolar lt,,750.0,g
7891000397961,Tostines especiarias,Nestlé,150.0,g
7891000399132,ninho fort+,,150.0,g
7891000399866,ninho forti +,,350.0,g
7891000401903,nescau extra cacau,,270.0,mL
7891000402931,Choco Biscuit sabor Chocolate ao Leite,garoto,78.0,g
7891000403129,Nescau,Nestlé,900.0,g
7891000405901,CAFÉ AU LAIT CAFÉ CON LECHE,NESCAFÉ. Dolce Gusto,100.0,g
7891000405963,LATTE MACCHIATO VAINILLA,NESCAFÉ Dolce Gusto,117.5,g
7891000405994,CHOCOCINO,NESCAFÉ Dolce Gusto,160.0,g
7891000406021,CAPPUCCINO,NESCAFÉ Dolce Gusto,117.5,g
7891000406441,Panettone Recheio Trufado Chocolate Meio Amargo Nestlé,Nestlé,450.0,g
7891000409640,Choco Trio Prestígio,"Garoto,Prestigio,Nestlé",90.0,g
7891000410028,Nutren Protein,Nestlé Health Science,260.0,mL
7891000410103,nutren Protein,Nestlé Health Science,200.0,mL
7891000410707,Alpino ao leite,Nestlé,80.0,g
7891000412848,ninho nutri advance,,350.0,g
7891000412855,"Alimento achocolatado em pó, NESCAU",Nestlé,350.0,g
7891000416068,TRENCITO Choco Mani,Nestlé,90.0,g
7891000416075,TRENCITO Choco Leche,Nestlé,90.0,g
7891000416525,mucilon,,600.0,g
7891000416976,mucilon,,600.0,g
7891000417225,Sabor Salted Caramel Cheesecake,"Kit Kat,Nestlé",41.5,g
7891000419311,TRENCITO chocobrownie,Nestlé,120.0,g
7891000426210,Nescau Lata 350g,Nestlé,350.0,g
7891000437612,Wafers recheado coberto com chocolate ao leite,,166.0,g
7891000451304,Chocolate em Pó Solúvel,Nestlé,200.0,g
7891000460207,Prestigio,"Nestlé,Prestigio",33.0,g
7891000462300,CHOC CHOKITO 32G NESTLE,Nestle,32.0,g
7891000464908,Charge,"Nestlé,Charge",40.0,g
7891000464915,Charge,"Nestlé,Charge",1200.0,g
7891000502105,Tempero para Aves e Peixes,"Fondor,Maggi,Nestlé",120.0,g
7891000502204,Tempero para Carnes Gril,"Maggi,Nestlé",120.0,g
7891000502303,Amaciante de Carnes,"Maggi,Nestlé",120.0,g
7891000507193,Cafe nescafe Gold solúvel intenso,,100.0,g
7891000529003,Caldo carne (Maggi),Maggi,126.0,g
7891000529201,Caldo de Legumes Maggi,Maggi,63.0,g
7891000530108,creme de ervilha com bacon,maggi,68.0,g
7891000530603,Sopa Cebola Maggi Pacote 68g,NESTLE,68.0,g
7891000538500,Creme Cebola Maggi Pacote 68g,NESTLE,68.0,g
7891000544402,Sopa Carne Com Conchinhas Maggi Pacote 63g,NESTLE,63.0,g
7891000544600,Sopa Galinha Com Fidelini Maggi Pacote 60g,NESTLE,60.0,g
7891000582008,Sopão Galinha Com Legumes Maggi Sachê 200g,NESTLE,200.0,g
7891000582107,Sopão Carne Com Legumes Maggi Sachê 200g,NESTLE,200.0,g
7891000582305,MAGGI CANJAO NESTLE,NESTLE,200.0,g
7891000584804,Sopão Maggi Feijão,Maggi,213.0,g
7891000605349,nutren control,Nestlé health Science,380.0,g
7891000613597,Cappuccino Solúvel Tradicional Nescafé Lata 180g,Nescafé,180.0,g
7891000635063,classic,Nescafé,50.0,g
7891000673492,Cafe nescafe Gold solúvel suave,,100.0,g
7891000817094,Cappuccino sabor Caramelo Salgado,Nescafé,180.0,g
7891000822722,Café Au Lait Em Cápsula Baunilha Nescafé Dolce Gusto Caixa 176g 16 Unidades,NESCAFÉ DOLCE GUSTO,176.0,g
7891000877456,Cappuccino Em Cápsula Doce De Leite Moça Nescafé Dolce Gusto Caixa 170g 10 Unidades,Moça,170.0,g
7891000889701,BISC CALIPSO CHOC 130G NESTLE,Nestlé,130.0,g
7891000892473,Cappuccino Solúvel Chocolate Nescafé Lata 180g,Nescafé,180.0,g
7891000907573,Café Au Lait Em Cápsula Vanilla Nescafé Dolce Gusto Caixa 110g 10 Unidades,NESCAFÉ DOLCE GUSTO,110.0,g
7891000912645,Bebida à Base De Café Frappé Nescafé Dolce Gusto Caixa 135g 10 Unidades,NESCAFÉ DOLCE GUSTO,135.0,g
7891000912805,Biscoito Leite Cobertura Chocolate Ao Leite Passatempo Pacote 120g,NESTLE,120.0,g
7891000913000,Biscoito Aveia e Mel,"Nestlé,Nesfit",200.0,g
7891000951378,Composto Lácteo Em Cápsula Latte Macchiato Nescafé Dolce Gusto Caixa 180g 16 Unidades,DOLCE GUSTO,180.0,g
7891001001133,Doce amendoim doces jp,,300.0,g
7891001001171,Pacoca Doces já,,160.0,g
7891001001249,Doce leite doces já,,200.0,g
78910041,Hortelã,Garoto,17.0,g
7891008026016,Garoto Caixa,Garoto,200.0,g
7891008027402,Talento Intense Amêndoas,"Garoto,Chocolates Garoto",90.0,g
7891008040029,Chocolate Pó Solúvel 50% Cacau,GAROTO,200.0,g
7891008042023,Cacau em pó,Garoto,200.0,g
7891008085105,chocolate ao leite blend,,1000.0,g
7891008103571,Baton ao Leite,"Garoto,Baton",186.0,g
7891008113952,Garoto,"Nestlé,Garoto",250.0,g
7891008114003,Bombom Garoto Garotices Caixa 250g,GAROTO,250.0,g
7891008114812,Chocolate Ao Leite Com Amendoim Garoto Pacote 90g,GAROTO,90.0,g
7891008115291,"Ovo De Páscoa Ao Leite Serenata De Amor Garoto 196,5g",GAROTO,196.5,g
7891008115338,Miniovos De Chocolate Baton Garoto 90g,GAROTO,90.0,g
7891008116540,TAB TALENTO DARK LARANJA 75G GAROTO,TALENTO,75.0,g
7891008116632,Garoto garotices 250g,Garoto,250.0,g
7891008116779,Pastilha Garoto 17gr C/40 menta,Pastilha,17.0,g
7891008116991,Chocolate Blend Garoto Chocolateria Pacote 500g,GAROTO,500.0,g
7891008117035,Chocolate Pó Solúvel 70 Cacau Garoto Chocolateria Caixa 200g,GAROTO,200.0,g
7891008117219,Baton Choco Croc Chocolate ao Leite com Biscoito,"Baton,Garoto",90.0,g
7891008119398,Ovo De Páscoa Branco Com Pastilhas De Chocolate Coloridas Unicórnio Garoto Baton Surpresa 210g,GAROTO,210.0,g
7891008119787,Talento Dark 50% Cacau Menta,"Garoto,Talento",75.0,g
7891008119831,Talento Dark 50% Cacau Café,"Garoto,Talento",75.0,g
7891008120219,Mix De Frutas Desidratadas Fruity Berry Natures Heart Pouch 65g,NATURES HEART,65.0,g
7891008120295,Mix De Frutas E Sementes Goldenberry Nuts Natures Heart Pouch 65g,NATURES HEART,65.0,g
7891008120325,Mix De Frutas E Sementes Cranberry Nuts Natures Heart Pouch 65g,NATURES HEART,65.0,g
7891008120349,Cranberry Desidratada Natures Heart Pacote 25g,NATURNES,25.0,g
7891008120394,Mix De Frutas E Sementes Nutty Berry Natures Heart Pacote 25g,NATURES HEART,25.0,g
7891008120448,Mix De Frutas E Sementes Cranberry Nuts Natures Heart Pacote 25g,NATURES HEART,25.0,g
7891008120493,Mix De Frutas E Sementes Goldenberry Nuts Natures Heart Pacote 25g,NATURES HEART,25.0,g
7891008121193,CHOC CARIBE 28G GAROTO,CARIBE,28.0,g
7891008121575,Talento Meio Amargo Amêndoas,"Garoto,Talento",85.0,g
7891008121629,TABLETE TALENTO BCO DOCE LEIT 85G GAROTO,Talento,85.0,g
7891008121674,Talento Cereais e Passas,"Garoto,Talento",85.0,g
7891008121728,Talento Avelãs,"Garoto,Talento",85.0,g
7891008121773,TABLETE TALENTO CAST PARA 85G GAROTO,TALENTO,85.0,g
7891008121827,TABLETE TALENTO AMEND PASSAS 85G GAROTO,TALENTO,85.0,g
7891008121872,TABLETE TALENTO RECH MORANGO 85G GAROTO,Garoto,85.0,g
7891008121926,Chocolate Ao Leite Recheio Maracujá Garoto Talento Pacote 85g,TALENTO,85.0,g
7891008121971,Chocolate Ao Leite Recheio Cookies Cream Garoto Talento Pacote 85g,TALENTO,85.0,g
7891008122022,Chocolate Ao Leite Recheio Creme De Avelã Garoto Talento Pacote 85g,TALENTO,85.0,g
7891008122138,Garoto Chocolates,Garoto,250.0,g
7891008122176,Panettone Recheio Chocolate Ao Leite Garoto Caixa 400g,GAROTO,400.0,g
7891008122213,TABLETE TALENTO OPERETA 85G GAROTO,TALENTO,85.0,g
7891008122466,Ovo De Páscoa Dark 50 Cacau Caramelo Salgado Garoto Talento 350g,TALENTO,350.0,g
7891008122763,Ovo De Páscoa Branco Morango Magia Surpresa 210g,MORANGO,210.0,g
7891008123302,Chocolate Ao Leite Com Amêndoas E Passas Garoto Talento Pacote 90g,GAROTO,90.0,g
7891008123418,Chocolate Ao Leite Recheio Torta Holandesa Garoto Talento Pacote 85g,TALENTO,85.0,g
7891008123463,Chocolate Ao Leite Recheio Tiramisu Garoto Talento Pacote 85g,TALENTO,85.0,g
7891008123975,Chocolate Ao Leite Garoto Pacote 80g,Garoto,80.0,g
7891008124026,Chocolate Meio Amargo Garoto Pacote 80g,Garoto,80.0,g
7891008124071,Chocolate Ao Leite Garoto Crocante Pacote 80g,CROCANTE,80.0,g
7891008124170,Chocolate Ao Leite Com Castanha De Caju Garoto Pacote 80g,GAROTO,80.0,g
7891008124477,Chocolate Branco Com Biscoito Negresco Garoto Pacote 80g,NEGRESCO,80.0,g
7891008124538,Chocolate Ao Leite Com Cookies Garoto Baton Pacote 80g,GAROTO,80.0,g
7891008124583,TABLETE CROCANTE 25G GAROTO,Garoto,25.0,g
7891008124828,Chocolate Ao Leite Caju E Passas Garoto Pacote 80g,GAROTO,80.0,g
7891008124873,Chocolate Ao Leite Choco Croc Garoto Baton Pacote 80g,CHOCO CROC,80.0,g
7891008125214,Chocolate Branco Garoto Pacote 80g,Garoto,80.0,g
7891008125405,Panettone Recheio Chocolate Talento Avelã Nestlé Caixa 450g,TALENTO,450.0,g
7891008125443,Panettone Recheio Chocolate Ao Leite Garoto Caixa 450g,GAROTO,450.0,g
7891008126341,Ovo De Páscoa Ao Leite Baton Com Pastilhas De Chocolate Coloridas Colors Garoto 212g,GAROTO,212.0,g
7891008126389,Ovo De Páscoa Branco Opereta Garoto 207g,GAROTO,207.0,g
7891008126426,Ovo De Páscoa Ao Leite Baton Garoto 204g,GAROTO,204.0,g
7891008137347,TABLETE TALENTO NIBS/CACAU 75G GAROTO,Garoto,75.0,g
7891008166330,Chocolate Branco Com Biscoito Negresco Garoto Pacote 90g,GAROTO,90.0,g
7891008166354,Ovo De Páscoa Ao Leite Crocante Garoto 215g,GAROTO,215.0,g
7891008169201,Chocolate Garoto. Opereta,garoto,25.0,g
7891008188271,Baton,Garoto,64.0,g
7891008210064,Bombom Garoto Serenata De Amor,Garoto,266.0,g
7891008231007,Talento,GAROTO,90.0,g
7891008232004,Chocolate Talento Ao Leite Com Castanhas Do Pará 12unidade X,GAROTO,90.0,g
7891008299700,Garoto Meio Amargo,Garoto,150.0,g
7891008312003,Chocolate Ao Leite Garoto Chocolateria Pacote 1kg,GAROTO,1000.0,g
7891008349023,Chocolate Ao Leite Garoto Chocolateria Pacote 500g,GAROTO,500.0,g
7891008350029,Chocolate Branco Garoto Chocolateria Pacote 500g,GAROTO,500.0,g
7891008351026,Chocolate meio amargo,GAROTO,500.0,g
7891008414127,Serenata de amor,Garoto,16.5,g
7891009128955,Salgadinhos Buen Apetit Sabor para Todos os Momentos Pele,,70.0,g
7891010037024,Aceite de bebé,johnson & johnson,300.0,mL
7891010255411,enjuague Bucal,LISTERINE,250.0,mL
7891018000099,Café Brasileiro extra forte,,250.0,g
7891018000105,Café Torrado E Moído A Vácuo Extraforte Café Brasileiro Pacote 500g,CAFE BRASILEIRO,500.0,g
7891018001386,Café Torrado E Moído Tradicional Café Brasileiro Pacote 500g,CAFE BRASILEIRO,500.0,g
7891018003199,café Brasileiro tradicional,,250.0,g
7891018003205,Café Brasileiro Tradicional,Café Brasileiro,500.0,g
7891018004745,Cappuccino Solúvel Tradicional Café Brasileiro Pote 200g,CAFE BRASILEIRO,200.0,g
7891018427506,Café 3 Fazendas,3 Fazendas,500.0,g
7891018427650,Cafe Brasileiro Tradicional,Brasileiro,500.0,g
7891021005043,cafes,melitta,500.0,g
7891021005517,Café Torrado E Moído Melitta Sabor Da Fazenda Caixa 500g,MELITTA,500.0,g
7891021005555,Café Torrado E Moído Melitta Sabor Da Fazenda Pacote 500g,MELITTA,500.0,g
7891021005562,Café Melitta Regiões Mogiana,Melitta,250.0,g
7891021005609,Café Melitta Regiões,Melitta,250.0,g
7891021006071,Tradicional,Melitta,250.0,g
7891021006125,Café Torrado E Moído Tradicional Melitta Caixa 500g,MELITTA,500.0,g
7891021006309,Descafeinado Café Torrado e Moído com corpo equilibrado,Melitta,250.0,g
7891021006866,Café especial,Melitta,500.0,g
7891021006880,café Melitta Tradicional,Melitta,500.0,g
7891021006927,Café Torrado E Moído Extraforte Melitta Caixa 250g,MELITTA,250.0,g
7891021006934,Café Torrado E Moído Extraforte Melitta Caixa 500g,MELITTA,500.0,g
7891021007009,Café Molido,Senior,500.0,g
7891021007078,Cappuccino Solúvel Tradicional Melitta Lata 200g,MELITTA,200.0,g
7891021007177,Café Solúvel Tradicional,Melitta,200.0,g
7891021007290,Cappuccino Solúvel Chocolate Melitta Lata 200g,MELITTA,200.0,g
7891021007313,Cappuccino Solúvel Melitta Lata 140g,Melitta,140.0,g
7891021007429,Café Solúvel Granulado Tradicional Melitta Sachê 50g,MELITTA,50.0,g
7891021007573,CAFÉ COM LEITE,Melitta,200.0,g
7891022100372,Detergente Limpol Cristal,,500.0,mL
7891022638004,detergente,limpol,500.0,mL
7891022850031,Palha de aço Brillo,,25.0,g
7891025101161,Iogurte Integral Vitamina De Frutas Danone Frasco 170g,DANONE,170.0,g
7891025101376,Danone Morango,Danone,170.0,g
7891025101604,Leite Uht Paulista 1lt Integral Edge,PAULISTA,1000.0,mL
7891025102113,Bonafont Água Leve,Bonafont,500.0,mL
7891025102496,Iogurte Parcialmente Desnatado Morango Danone Garrafa 900g,DANONE,900.0,g
7891025102502,Iogurte Integral Vitamina De Frutas Danone Garrafa 900g,DANONE,900.0,g
7891025102533,Danone Laranja e Mel,Danone,170.0,g
7891025102663,Leite Fermentado Parcialmente Desnatado Ameixa Activia Frasco 150g,DANONE,150.0,g
7891025103073,Leite Fermentado Morango Activia Bandeja 800g 8 Unidades,ACTIVIA,800.0,g
7891025103080,Leite Fermentado Integral Ameixa Activia Bandeja 800g 8 Unidades Grátis 1 Unidade,ACTIVIA,800.0,g
7891025103219,Leite Fermentado Integral Tradicional Activia Bandeja 400g 4 Unidades,DANONE,400.0,g
7891025103226,Leite Fermentado Morango Activia Bandeja 400g 4 Unidades,DANONE,400.0,g
7891025103233,Leite Fermentado Ameixa Activia Bandeja 400g 4 Unidades,DANONE,400.0,g
7891025103301,Leite Fermentado Aveia Activia Bandeja 400g 4 Unidades,DANONE,400.0,g
7891025104261,Iogurte sabor ameixa,"Activia ,Danone",180.0,g
7891025104766,Cereal Infantil Milho Milnutri Pacote 230g,DANONE,230.0,g
7891025105220,Pack Leite Fermentado Parcialmente Desnatado Morango Actimel Frasco 600g 6 Unidades,ACTIMEL,600.0,g
7891025105398,Paulista Granola e Mel,Paulista,170.0,g
7891025105640,Leite Uht Semidesnatado Danone Caixa Com Tampa 1l,DANONE,1000.0,mL
7891025106043,Iogurte Parcialmente Desnatado Grego Morango Leite Light Danone Bandeja 800g Leve 8 Pague 7 Unidades,DANONE,800.0,g
7891025106067,Iogurte Morango Disney Danoninho Frasco 100g,DANONE,100.0,g
7891025106616,garrafa descartável,danone,30.0,mL
7891025106845,Iogurte Grego Tradicional Danone Pote 100g,DANONE,100.0,g
7891025107255,Iogurte Banana Maçã Disney Danoninho Frasco 100g,DANONINHO,100.0,g
7891025107392,Danoninho,Danone,80.0,g
7891025107712,Iogurte Grego Calda Fondue De Chocolate Com Morango Danone Pote 100g,DANONE,100.0,g
7891025107842,Milnutri Premium+,Danone,800.0,g
7891025107897,Leite Em Po Aptamil 800g 2 Danone,DANONE,800.0,g
7891025107910,Leite Em Po Aptamil 800g 3 Danone,DANONE,800.0,g
7891025109372,"Leite Fermentado Parcialmente Desnatado Ameixa Activia Garrafa 1,25kg",ACTIVIA,1250.0,g
7891025109396,Leite Fermentado Parcialmente Desnatado Morango Activia Frasco 170g,DANONE,170.0,g
7891025109419,Leite Fermentado Parcialmente Desnatado Ameixa Activia Frasco 170g,Danone,170.0,g
7891025109433,Leite Fermentado Parcialmente Desnatado Aveia Activia Frasco 170g,DANONE,800.0,g
7891025109556,Iogurte Natural Desnatado Danone,Danone,160.0,g
7891025109631,"Leite Fermentado Parcialmente Desnatado Morango Activia Garrafa 1,25kg",ACTIVIA,1250.0,g
7891025109884,Queijo Petit Suisse Banana Maçã Verde Morango Danoninho Bandeja 320g 8 Unidades,DANONINHO,320.0,g
7891025109891,Queijo Petit Suisse Morango Danoninho Bandeja 320g 8 Unidades,DANONINHO,320.0,g
7891025109907,Queijo Petit Suisse Morango Danoninho Bandeja 480g Leve 12 Pague 10 Unidades,DANONINHO,480.0,g
7891025109938,Queijo Petit Suisse Banana Maçã Verde Morango Danoninho Bandeja 480g Leve 12 Pague 10 Unidades,DANONINHO,480.0,g
7891025110668,Queijo Petit Suisse Morango Danoninho Para Levar Pouch 70g,DANONINHO,70.0,g
7891025110897,Sobremesa Láctea Chocolate Ao Leite Danette Bandeja 180g 2 Unidades,DANETTE,180.0,g
7891025111825,Formula Infantil Aptamil 800g Lt Premium 1,APTAMIL,800.0,g
7891025111993,Danone Frutas Vermelhas,Danone,170.0,g
7891025112075,Pack Iogurte Parcialmente Desnatado Morango Danoninho Frasco 600g 6 Unidades Leve Mais Pague Menos,DANONINHO,600.0,g
7891025112914,Leite Fermentado Parcialmente Desnatado Morango Activia Garrafa 1kg Embalagem Econômica,DANONE,1000.0,g
7891025112983,Queijo Petit Suisse Morango Banana Danoninho Para Levar Squeeze 70g,DANONINHO,70.0,g
7891025113157,Leite Fermentado Parcialmente Desnatado Aveia Activia Garrafa 1kg Leve Mais Pague Menos,ACTIVIA,1000.0,g
7891025113447,Actimel,Actimel,100.0,g
7891025113454,Leite Fermentado Parcialmente Desnatado Tradicional Actimel Frasco,Danone,100.0,g
7891025113485,Iogurte Grego Calda Chocolate 70 Cacau Danone Luxos Do Chocolate Pote 100g,DANONE,100.0,g
7891025113812,Iogurte Grego Calda Chocolate Belga Com Coco Danone Luxos Do Chocolate Pote 100g,DANONE,100.0,g
7891025114291,Manteiga Extra Sem Sal Paulista 200g,PAULISTA,200.0,g
7891025114307,Manteiga Extra Com Sal Paulista 200g,PAULISTA,200.0,g
7891025114406,Triplo Zero Morango Corpus,Corpus,170.0,g
7891025114659,Activia shot diário tangerina e cenoura,"Danone, Activia",100.0,g
7891025115199,Silk Amêndoa,Silk,1000.0,mL
7891025115229,amêndoa sem açúcares,Silk,1000.0,mL
7891025115588,Iogurte Doce De Leite Zero Lactose Yopro Frasco 250g,YOPRO,250.0,g
7891025115595,YoPro Strawberry Morango 15g,YoPro,250.0,g
7891025115632,YoPro Banana Shake,Danone YoPRO,250.0,mL
7891025115649,Bebida Láctea Uht Coco Com Batata Doce Zero Lactose Yopro 15g High Protein Caixa 250ml,YoPRO,250.0,mL
7891025115656,YoPro,Danone,250.0,mL
7891025115939,Iogurte Integral Grego Calda Blueberry Danone Pote 100g,DANONE,100.0,g
7891025115946,Iogurte Integral Grego Calda Abacaxi Com Raspas De Limão Danone Pote 100g,DANONE,100.0,g
7891025115953,Iogurte Integral Grego Calda Flocos Danone Pote 100g,DANONE,100.0,g
7891025116097,Iogurte Integral Grego Baunilha Frutas Vermelhas Danone Bandeja 800g 8 Unidades Embalagem Familiar,DANONE,800.0,g
7891025116592,Activia zero,Activia,1000.0,mL
7891025116608,Ameixa Zero,ACTIVIA,800.0,g
7891025116660,Leite Fermentado Ameixa Zero Lactose Activia Zero Bandeja 800g 8 Unidades,ACTIVIA,800.0,g
7891025116905,Silk Castanha de Caju,Silk,1000.0,mL
7891025116936,Bebida à Base De Coco Silk Caixa 1l,SILK,1000.0,mL
7891025116943,YoPRO 17g PROTEÍNAS,YoPRO,160.0,g
7891025116981,Pack Iogurte Parcialmente Desnatado Banana Maçã Danoninho Frasco 600g 6 Unidades Leve Mais Pague Menos,DANONINHO,600.0,g
7891025117049,Silk   Amêndoa e Cacau,Silk,1000.0,mL
7891025117162,Leite Fermentado Parcialmente Desnatado Vitamina de Frutas Activia Garrafa 800g,ACTIVIA,800.0,g
7891025117377,Pack Leite Fermentado Desnatado Framboesa Hibisco Zero Lactose Activia Shot Diário Frasco 600g 6 Unidades Embalagem Econômica,ACTIVIA,600.0,g
7891025117742,Probióticos Activia café da manhã Linhaça,Activia,170.0,g
7891025117773,Leite Fermentado Integral Quinoa Frutas Vermelhas Activia Café Da Manhã Pote 170g,ACTIVIA,170.0,g
7891025117797,Leite Fermentado Integral Amaranto Mamão Activia Café Da Manhã Pote 170g,ACTIVIA,170.0,g
7891025118473,Iogurte Grego Parcialmente Desnatado Original Maracujá Light Danone Bandeja 800g 8 Unidades Embalagem Familiar,DANONE,800.0,g
7891025118541,iogurte natural,Danone,380.0,g
7891025118985,yoPro,Danone,250.0,mL
7891025119524,"Queijo Petit Suisse Banana, Morango E Maçã Verde Danoninho Bandeja 480g Leve 12 Pague 10 Unidades",DANONINHO,480.0,g
7891025119869,DANONE Morango 850,Danone,850.0,g
7891025120223,iogurte natural desnatado,danone,160.0,g
7891025120230,Iogurte Integral Natural Danone Copo 160g,DANONE,160.0,g
7891025120285,Leite Fermentado Parcialmente Desnatado Laranja Acerola Actimel Frasco 100g,ACTIMEL,100.0,g
7891025120292,Iogurte Parcialmente Desnatado Morango Danoninho Garrafa 850g Tamanho Gigante,DANONINHO,850.0,g
7891025120674,Iog corpus zero morango,Danone,540.0,g
7891025121091,Iogurte Integral Morango Paulista Bandeja 510g 6 Unidades,INTEGRAL,510.0,g
7891025121107,Iogurte Integral Morango Coco Paulista Bandeja 510g 6 Unidades,PAULISTA,510.0,g
7891025121121,Iogurte Integral Mix De Frutas Frutas Vermelhas Paulista Bandeja 510g 6 Unidades,PAULISTA,510.0,g
7891025121138,Iogurte Parcialmente Desnatado Morango Paulista Frasco 170g,PAULISTA,170.0,g
7891025121152,Iogurte Parcialmente Desnatado Morango Paulista Garrafa 850g,PAULISTA,850.0,g
7891025121169,Iogurte Parcialmente Desnatado Mix De Frutas Paulista Garrafa 850g,PAULISTA,850.0,g
7891025121190,Iogurte Integral Paulista Copo 150g,PAULISTA,150.0,g
7891025121206,Iogurte Desnatado Zero Lactose Paulista Copo 150g,PAULISTA,150.0,g
7891025121220,"Iogurte Integral Laranja, Cenoura E Mel Paulista Copo 150g",PAULISTA,150.0,g
7891025121244,Iogurte desnatado com preparado de mel e fruta,DANONE,160.0,g
7891025121251,Iogurte desnatado com preparado de fruta,Danone,160.0,g
7891025121336,Leite Fermentado Integral Natural Activia Copo 140g,ACTIVIA,140.0,g
7891025121435,Yopro Iogurte Morango,Danone,160.0,g
7891025121442,Iogurte Açaí com Banana,Danone,160.0,g
7891025121602,Sobremesa Láctea Chocolate Branco Danette Bandeja 540g 6 Unidades Embalagem Econômica,DANETTE,540.0,g
7891025121619,Sobremesa Láctea Chocolate Ao Leite Danette Bandeja 540g 6 Unidades Embalagem Econômica,DANETTE,540.0,g
7891025121626,Bebida Láctea Fermentada Morango Danone Bandeja 510g 6 Unidades,MORANGO,510.0,g
7891025121633,Bebida Láctea Fermentada Morango Mix De Frutas Danone Bandeja 510g 6 Unidades,MORANGO,510.0,g
7891025121640,Bebida Láctea Fermentada Morango Danone Kids Bandeja 510g 6 Unidades,MORANGO,510.0,g
7891025121657,Bebida Láctea Fermentada Maçã E Banana Danone Kids Bandeja 510g 6 Unidades,DANONE,510.0,g
7891025121893,Sobremesa Láctea Creme De Avelã Danette Bandeja 360g 4 Unidades,DANETTE,360.0,g
7891025121909,"Iogurte Parcialmente Desnatado Coco Danone Garrafa 1,25kg Embalagem Supereconômica",DANONE,1250.0,g
7891025121916,"Iogurte Parcialmente Desnatado Vitamina De Frutas Danone Garrafa 1,25kg Embalagem Supereconômica",DANONE,1250.0,g
7891025121923,"Iogurte Parcialmente Desnatado Morango Danone Garrafa 1,25kg Embalagem Supereconômica",MORANGO,1250.0,g
7891025121930,Sobremesa Láctea Doce De Morango Danette Bandeja 180g 2 Unidades,DANETTE,180.0,g
7891025121947,Sobremesa Láctea Doce De Morango Danette Bandeja 360g 4 Unidades,DANETTE,360.0,g
7891025121954,Iogurte Integral Morango Danone Squeeze 90g,INTEGRAL,90.0,g
7891025121961,Iogurte Integral Coco Danone Squeeze 90g,INTEGRAL,90.0,g
7891025122005,Iogurte Integral Vitamina De Frutas Danoninho Defensis Squeeze 90g,DANONINHO,90.0,g
7891025122067,Yopro morango,Yopro,250.0,mL
7891025122074,Iogurte Desnatado Vitamina De Frutas Zero Lactose Corpus Garrafa 850g,CORPUS,850.0,g
7891025122203,Leite Fermentado Parcialmente Desnatado Vitamina De Frutas Activia Garrafa 1kg Embalagem Econômica,ACTIVIA,1000.0,g
7891025122241,Queijo Petit Suisse Morango Danoninho Ice Squeeze 70g,DANONINHO,70.0,g
7891025122289,Iogurte Cremoso Morango Danone Especial Bandeja 510g 6 Unidades,CREMOSO,510.0,g
7891025122296,Iogurte Integral Cremoso Original Danone Especial Bandeja 510g 6 Unidades,INTEGRAL,510.0,g
7891025122364,Queijo Petit Suisse Tutti Frutti Danoninho Ice Squeeze 70g,DANONINHO,70.0,g
7891025122371,Iogurte Parcialmente Desnatado Melancia Danoninho Frasco 100g,DANONINHO,100.0,g
7891025122432,Leite Fermentado Morango Zero Lactose Activia Shot Diário Frasco 100g,ACTIVIA,100.0,g
7891025122722,Queijo Petit Suisse Sorvete De Creme Doce De Leite Danoninho Bandeja 320g 8 Unidades,DANONINHO,320.0,g
7891025122739,Queijo Petit Suisse Sorvete De Creme Danoninho Squeeze 70g,DANONINHO,70.0,g
7891025122746,Sobremesa Láctea Gold Chocolate Branco Com Toque De Caramelo Danette Bandeja 180g 2 Unidades,DANETTE,180.0,g
7891025122753,Sobremesa Láctea Gold Chocolate Branco Com Toque De Caramelo Danette Bandeja 360g 4 Unidades,DANETTE,360.0,g
7891025123019,Iogurte Grego Calda Abacaxi Com Raspas De Limão Danone Pote 90g,DANONE,90.0,g
7891025123026,Iogurte Grego Calda Blueberry Danone Pote 90g,DANONE,90.0,g
7891025123033,Iogurte Grego Calda Fondue De Chocolate E Morango Danone Pote 90g,MORANGO,90.0,g
7891025123040,Iogurte Grego Calda Flocos Danone Pote 90g,DANONE,90.0,g
7891025123057,Iogurte Grego Calda Frutas Vermelhas Danone Pote 90g,DANONE,90.0,g
7891025123064,Iogurte Grego Tradicional Danone Pote 90g,Danone,90.0,g
7891025123095,Manteiga Extra Sem Sal Danone Pote 200g,DANONE,200.0,g
7891025123132,Manteiga Extra sem Sal,Danone,200.0,g
7891025123149,Manteiga extra com sal Danone 200 g,Danone,200.0,g
7891025123156,Leite Fermentado Integral Ameixa Activia Bandeja 340g 4 Unidades,INTEGRAL,340.0,g
7891025123163,Leite Fermentado Integral Morango Activia Bandeja 340g 4 Unidades,INTEGRAL,340.0,g
7891025123170,Leite Fermentado Integral Aveia Activia Bandeja 340g 4 Unidades,INTEGRAL,340.0,g
7891025123194,Leite Fermentado Integral Ameixa Activia Bandeja 510g 6 Unidades,INTEGRAL,510.0,g
7891025123217,Leite Fermentado Integral Aveia Mamão E Cereais Activia Bandeja 510g 6 Unidades,INTEGRAL,510.0,g
7891025123224,probióticos vivos ameixa,"Activia,Danone",680.0,g
7891025123231,Leite Fermentado Integral Morango Activia Bandeja 680g 8 Unidades Embalagem Econômica,INTEGRAL,680.0,g
7891025123248,Activia BJ Mamão e Cereiais,Activia,680.0,g
7891025123255,Leite Fermentado Desnatado Ameixa Zero Lactose Activia Zero Bandeja 510g 6 Unidades,ACTIVIA,510.0,g
7891025123354,Iogurte Integral Grego Frutas Vermelhas Danone Bandeja 340g 4 Unidades,INTEGRAL,340.0,g
7891025123361,Iogurte Integral Grego Original Danone Bandeja 340g 4 Unidades,Danone,340.0,g
7891025123378,Iogurte Integral Grego Original Frutas Vermelhas Danone Bandeja 510g 6 Unidades,INTEGRAL,510.0,g
7891025123385,Iogurte Parcialmente Desnatado Grego Original Maracujá Light Danone Bandeja 510g 6 Unidades,ORIGINAL,510.0,g
7891025123392,Iogurte Parcialmente Desnatado Grego Original Morango Light Danone Bandeja 510g 6 Unidades,ORIGINAL,510.0,g
7891025123453,Yogurte Activia Sabor Ameixa,"Activia,Danone",800.0,g
7891025123460,Iog. Activia cereais 800g,Activia,800.0,g
7891025123477,probióticos vivos morango,Activia,800.0,g
7891025123484,Vitamina de Frutas,Activia,800.0,g
7891025123828,Leite Fermentado Tradicional Zero Lactose Activia Shot Diário Frasco,ACTIVIA,510.0,g
7891025123873,Queijo Petit Suisse Morango Banana Danoninho Bandeja 160g 4 Unidades,DANONINHO,160.0,g
7891025123880,Queijo Petit Suisse Morango Danoninho Bandeja 160g 4 Unidades,DANONINHO,160.0,g
7891025124023,Zero Sabor Ameixa,Activia,800.0,g
7891025124030,Activia Triplo Zero - Morango,Danone,800.0,g
7891025124177,Corpus Morango Triplo Zero,Danone,800.0,g
7891025124184,Corpus Amora c/Toque de Maracujá Triplo Zero,Danone,800.0,g
7891025124450,Danone Quaker 1250g,Danone,1250.0,g
7891025124603,Iogurte Semidesnatado Natural Zero Lactose Danone,Danone,160.0,g
7891025124627,YoPRO sabor Baunilha,YOPRO,250.0,mL
7891025124702,Iogurte polpa Danone Quaker morango e aveia,Danone,340.0,g
7891025124856,Iogurte Danone Quaker Vitamina,Nestlé,170.0,g
7891025124870,sabor chocolate branco,Danette,180.0,g
7891025125020,Leite Fermentado Parcialmente Desnatado Pêssego Activia Garrafa 800g,"Activia,Danone",800.0,g
7891025125051,Leite ferm kiwi,"Activia,Danone",800.0,g
7891025200680,Danette Sabor Chocolate Branco,Danette,360.0,g
7891025201786,Iorgute Danette Chocolate ao Leite,Danette,360.0,g
7891025290100,Leite Desnatado Uht Paulista 1 Litro Danone,DANONE,1000.0,mL
7891025290117,Leite Paulista 1l S Desnatado Garrafa,PAULISTA,1000.0,mL
7891025290124,Leite Integral Paulista Garrafa 1 Litro,PAULISTA,1000.0,mL
7891025301486,Danoninho França Cálcio + Vitamina D,Danone,75.0,g
7891025320616,Iogurte Grego Tradicional Com Mel Danone Bandeja 400g 4 Unidades,DANONE,400.0,g
7891025320623,Iogurte Grego Frutas Vermelhas Danone Bandeja 400g 4 Unidades,DANONE,400.0,g
7891025422150,Iogurte sabor nata integral,Paulista,170.0,g
7891025699880,Requeijão Cremoso Danone,DANONE,200.0,g
7891025700258,Leite Fermentado Integral Aveia Mamão E Cereais Activia Bandeja 800g 8 Unidades Grátis 1 Unidade,SUSTAIN,800.0,g
7891025700982,Leite Fermentado Tradicional Semi Desnatado Actimel Pack 600g 6 Unidades,ACTIMEL,600.0,g
7891029006394,Massa ADRIA Semola Lasanha,Adria,500.0,g
7891030000138,Leche condensada,Mococa,395.0,g
7891030003016,Mocoquinho sabor chocolate,Moccona,200.0,mL
7891030003115,Creme de Leite Leve UHT,Momoca,200.0,g
7891030003467,Creme de Leite Leve UHT,Mococa,200.0,g
7891030300207,Mistura Láctea Condensada,Mococa,395.0,g
7891030300290,Leite Condensado Mococa,Momoca,395.0,g
7891030300320,Mezcla Láctea Condensada Azucarada,Mococa,396.89332375,g
7891031102404,Cebolinha Em Conserva Hemmer Vidro 400g,HEMMER,400.0,g
7891031110034,Palmito Açaí Em Conserva Tolete Hemmer Vidro 300g,HEMMER,300.0,g
7891031110072,Palmito Juçara Em Conserva Tolete Hemmer Vidro 300g,HEMMER,300.0,g
7891031112120,Pepinos Rodela Agridoce Hemmer,Hemmer,800.0,g
7891031112304,Pepino Em Conserva Suave Hemmer Vidro 300g,HEMMER,300.0,g
7891031112403,pepinos em vinagre,Tauá,300.0,g
7891031403211,Molho de Pimenta,Hemmer,150.0,mL
7891031405017,Mostarda Amarela Americana Hemmer Squeeze 200g,HEMMER,200.0,g
7891031405031,Mostarda Amarela,Hemmer,1000.0,g
7891031405055,Mostarda Amarela Americana Hemmer Squeeze 700g,HEMMER,700.0,g
7891031405284,Mostarda Amarela Americana Hemmer Premium Squeeze 300g,HEMMER,300.0,g
7891031405406,Mostarda Amarela Americana Hemmer Zero Squeeze 200g,HEMMER,200.0,g
7891031406014,Mostarda Escura Holandesa Hemmer Squeeze 200g,HEMMER,200.0,g
7891031406403,Mostarda Escura Holandesa Hemmer Zero Squeeze 200g,HEMMER,200.0,g
7891031409039,Ketchup Tradicional Hemmer Zero Squeeze 310g,Hemmer,310.0,g
7891031409091,Hemmer ketchup tradicional,Heinz,1000.0,g
7891031409121,Ketchup Tradicional Hemmer Squeeze 750g,HEMMER,750.0,g
7891031409213,Molho De Tomate Passata Hemmer Vidro 680g,HEMMER,680.0,g
7891031409404,Ketchup Tradicional,Hemmer,320.0,g
7891031409459,Molho Barbecue Hemmer Squeeze 330g,HEMMER,330.0,g
7891031409466,Ketchup Hemmer,Hemmer,320.0,g
7891031410264,Mostarda Com Mel Hemmer Gourmet Squeeze 200g,HEMMER,200.0,g
7891031410271,Mostarda Dijon Hemmer Squeeze 200g,HEMMER,200.0,g
7891031411025,Molho Carpaccio Hemmer Vidro 210g,HEMMER,210.0,g
7891031411094,Chutney Manga Hemmer Vidro 210g,HEMMER,210.0,g
7891031411117,Molho Pesto Vermelho Hemmer Vidro 200g,HEMMER,200.0,g
7891031412022,Maionese Tradicional Hemmer Squeeze 290g,HEMMER,290.0,g
7891031412046,HEMMER Maionese com Tomate Seco,HEMMER,290.0,g
7891031412091,Maionese Tradicional,"HEMMER, Heinz",930.0,g
7891031412176,Maionese,Hemmer,500.0,g
7891031413012,Molho Para Churrasco Chimichurri Hemmer Vidro 200g,HEMMER,200.0,g
7891031415016,Molho Para Salada Rosé Hemmer Squeeze 285ml,SQUEEZE,285.0,mL
7891031415047,Molho Para Salada Caesar Hemmer Squeeze 280ml,SQUEEZE,280.0,mL
7891031415061,Molho Para Salada Caseiro Hemmer Squeeze 280ml,SQUEEZE,280.0,mL
7891031415085,Molho American Hemmer Burger Squeeze 300g,SQUEEZE,300.0,g
7891031453087,KALASSI Molho de Pimenta Sweet Chili Sauce,KALASSI,300.0,mL
7891032012405,Ervilhas,Olé,190.0,g
7891032012504,seleta de legumes,olé,280.0,g
7891032012658,Selecta de legumes,Olé,250.0,g
7891032013303,Milho verde,Olé,190.0,g
7891032013457,Ervilha E cenoura,Olé,250.0,g
7891032013969,Cogumelos Em Conserva,Olé,160.0,g
7891032014355,Azeitonas Verdes,Olé,250.0,g
7891032015185,Extrato de tomate,Olé,270.0,g
7891032015222,Tomates pelados em cubos,Olé,390.0,g
7891032015727,Salsa tomate tradicional,Ole,340.0,g
7891032015734,Pizza,Ole,340.0,g
7891032015741,Pulpa de tomate,Ole,340.0,g
7891032015772,Extracto de tomate,Ole,340.0,g
7891032015826,Aceitunas,Ole,340.0,g
7891032015840,Hierbas finas,Ole,340.0,g
7891032016106,Pêssegos em Calda em Metades,Olé,800.0,g
7891032016403,Figos em Caldas Inteiros,Olé,850.0,g
7891032016762,Cerejas em calda,Olé,210.0,g
7891032016809,Ameixas Em Caldas,Olé,850.0,g
7891032018056,Olé Desde 1969 Goiabada Cremosa Gourmet,Olé,400.0,g
7891032018353,Olé Marmelada,Olé,600.0,g
7891035285158,Veja multiuso Campestre,,500.0,mL
7891035285165,Veja,,500.0,mL
7891042000201,"Lipton Ice Tea 1,5l Limao",Lipton,1500.0,mL
7891042005206,Chá Pronto Com Limão Lipton Ice Tea Lata 340ml,LIPTON,340.0,mL
7891042005213,Chá Preto Ice Tea Pêssego Lipton Lata 340ml,LIPTON,340.0,mL
7891042007842,Amendocrem,Fugini,200.0,g
7891042091384,Becel Original Sem Sal,"Unilever,Sadia",250.0,g
7891042091636,Becel,Becel,500.0,g
7891042096136,Claybom Cremosa sem sal,Claybom,500.0,g
7891048000090,DR. OETKER Chocolate em Pó 70% Cacau,DR OETKER,200.0,g
7891048000427,Cacau solúvel Dr. Oekter,Dr.Oetker,150.0,g
7891048000458,DR. OETKER Chocolate em Pó Black,DR. OETKER,200.0,g
7891048002209,Milkshake,,34.0,g
7891048002223,milk,,31.0,g
7891048014011,Confeito Dr Oetker 80gr Estrelinha,DR OETKER,80.0,g
7891048014028,Confeito Dr Oetker Chocolate Bolinha,DR OETKER,80.0,g
7891048014035,Chocolate Granulado Dr Oetker Mesclado,DR OETKER,130.0,g
7891048014295,Cobertura para Sorvete Caramelo,Dr. Oetker,190.0,g
7891048014431,DR. OETKER Cobertura Chocolate Branco em Barra Dr. Oetker (Branco),DR. OETKER,1000.0,g
7891048036013,Chá De Boldo Do Chile Com 15 Sachês Dr.oetker 15g,DR OETKER,15.0,g
7891048036020,Chá De Camomila Com 15 Sachês Dr.oetker 15g,Dr. Oetker,15.0,g
7891048036044,Chá De Capim Cidreira Com 15 Sachês Dr.oetker 15g,DR OETKER,15.0,g
7891048036051,Chá de erva-doce nacional,Dr. Oetker,30.0,g
7891048036068,DR. OETKER Chá de Hortelã,DR. OETKER,100.0,g
7891048036082,DR. OETKER Chá Preto,DR. OETKER,30.0,g
7891048036129,Silvestre,Dr.Oetker,30.0,g
7891048036167,romã,,30.0,g
7891048036174,Flores e Frutas Maçã,Dr. Oetker,30.0,g
7891048036228,Cha Oetker Fl Fr Laranja C/esp C/15 Saq,DR OETKER,30.0,g
7891048036303,verdade,,25.5,g
7891048036419,"Vermelho Dr. Oetker 15 Sachês 22,5 G G",DR OETKER,22.5,g
7891048036525,Chá misto Abacaxi & Hortelã,Dr. Oetker,15.0,g
7891048036662,Flores e Frutas Pêssego e Cassis,Dr. Oetker,30.0,g
7891048036822,frutas vermelhas,,30.0,g
7891048036914,Mate & Especiarias,Dr. Oetker,22.5,g
7891048038031,Chá de Capim Cidreira,Dr.Oetker,10.0,g
7891048038048,Chá de Erva-Doce Nacional,Dr. Oetker,20.0,g
7891048038116,Chá Dr.Oetker,,20.0,g
7891048038123,"Chá Misto de Camomila, Capim-Cidreira, Hortelã e Erva-Doce-Nacional","Dr. Oetker,Dr.Oetker",15.0,g
7891048038321,6 ervas,,10.0,g
7891048038369,Chá de morango,Dr. Oetker,10.0,g
7891048038383,Chá misto Frutas do Bosque,Dr. Oetker,10.0,g
7891048038468,"Chá misto - capim-cidreira, limão e gengibre",dr. Oetker,10.0,g
7891048038475,Chá Misto Fortalece.SER - Dr. Oetker - Dr. Oetker - Dr. Oetker - Dr. Oetker,,15.0,g
7891048038482,dr-oetker,Dr. Oetker,15.0,g
7891048038499,laranja,,15.0,g
7891048038574,carqueja,,10.0,g
7891048038611,sirriso,,12.0,g
7891048040003,Fermento Químico Em Pó Dr. Oetker 100g,DR OETKER,100.0,g
7891048040065,DR. OETKER Fermento Biológico Seco Instantâneo,DR. OETKER,125.0,g
7891048040089,Ferm quim oetker,,200.0,g
7891048042281,DR. OETKER Chá Misto Hibisco e Cranberry,DR. OETKER,10.0,g
7891048043035,DR. OETKER Essência de Baunilha,DR. OETKER,30.0,mL
7891048044438,Mousse Dr.oetker 70gr Chocolate,DR OETKER,70.0,g
7891048045008,Chanti Neve Dr. Oetker 50g,DR OETKER,50.0,g
7891048045152,Pó Para Pudim Morango Dr. Oetker Caixa 50g,DR OETKER,50.0,g
7891048045466,Gelatina Algodão Doce,Dr. Oetker,20.0,g
7891048046579,Gelatina Sabor Amora Diet Dr. Oetker 12g,DR OETKER,12.0,g
7891048046616,Gelatina Diet Abacaxi,Dr. Oetker,12.0,g
7891048046661,Gelatina Diet,Dr.Oetker,12.0,g
7891048049402,pink,,20.0,g
7891048049426,gellow,,20.0,g
7891048050057,Gelatina Em Pó Sem Sabor Incolor Dr. Oetker 24g,DR OETKER,24.0,g
7891048050293,Gelatina Dr.oetker Uva,DR OETKER,30.0,g
7891048050606,Gelatina Dr.oetker Abacaxi 20g,DR OETKER,20.0,g
7891048050613,Getalina Dr.oetker Amora 20g,DR OETKER,20.0,g
7891048050620,Gelatina Cereja,Dr. Oetker,20.0,g
7891048050637,Gealtina De Frambroesa 20g,DR OETKER,20.0,g
7891048050644,Gelatina Dr.oetker De Limao 20g,DR OETKER,20.0,g
7891048050651,Gelatina Dr.oetker Maracuja 20g,DR OETKER,20.0,g
7891048050668,Gelatina Dr.oetker Morango 20g,DR OETKER,20.0,g
7891048050675,Gelatina Dr.oetker Tutti Frutti 20g,DR OETKER,20.0,g
7891048050682,Gelatina Uva,Dr. Oetker,20.0,g
7891048053003,Meu lanchinho,Dr  Oetker,30.0,g
7891048061718,Mistura Para Bolo Sabor Laranja Dr. Oetker 450g,DR OETKER,450.0,g
7891048061787,Bolo cremoso aipim,Dr. Oetker,400.0,g
7891048064023,Sagu Sabor Morango Dr. Oetker 150g,DR OETKER,150.0,g
7891048064030,Sagu Uva Dr.oetker 150 Gr,DR OETKER,150.0,g
7891048067000,Mistura Para Brownie Sabor Chocolate Dr. Oetker 480g,DR OETKER,480.0,g
7891048070215,Bolo de Caneca,Dr. Oetker,70.0,g
7891048070253,Mist P/bolo Caneca Dr Oetker Brigadeiro 70gr,DR OETKER,70.0,g
7891048070284,Bolo de Caneca,Dr. Oetker,70.0,g
7891048084526,Gelatina sabor fini morango e nata Dr. Oetker,Dr. Oetker,20.0,g
7891048084533,gelatina dr oetker fini den/mor/fra,,20.0,g
7891048084540,Gelatina fini bananas Dr. Oetker,"Dr. Oetker,Fini",20.0,g
7891048084816,Bolo Para Air Flyer Chocolate,,230.0,g
7891048084830,Bolo para Air Flyer Brownie,,240.0,g
7891066008948,Mel,Natz,300.0,g
7891075081215,mini doce de leite,Kibon,99.0,g
7891079000205,Macarrão Instantâneo Lámen Carne Nissin Miojo Pacote 85g,AJINOMOTO,85.0,g
7891079000212,Macarrão Instantâneo Lámen Galinha Nissin Miojo Pacote 85g,AJINOMOTO,85.0,g
7891079000229,Nissin Lámen Galinha Caipira,Nissin,85.0,g
7891079000250,Nissin Lámen Bacon,"Nissin,Nissin Lámen,Ajinomoto Alimentos",85.0,g
7891079000311,Macarrão Instantâneo Lámen Carne Com Tomate Nissin Miojo Pacote 85g,AJINOMOTO,85.0,g
7891079000410,Macarrão Instantâneo Talharim Carne Com Tomate Nissin Pacote 99g,AJINOMOTO,99.0,g
7891079000427,Talharim Sabor Bolonhesa,Nissin Miojo,90.0,g
7891079000434,Macarrão Instantâneo Talharim Frango Nissin Pacote 99g,AJINOMOTO,99.0,g
7891079001004,Macarrão Instantâneo Lámen Carne Suave Turma Da Mônica Nissin Miojo Pacote 85g,NISSIN,85.0,g
7891079001011,Macarrão Instantâneo Lámen Galinha Suave Turma Da Mônica Nissin Miojo Pacote 85g,NISSIN,85.0,g
7891079001028,Macarrão Instantâneo Lámen Tomate Suave Turma Da Mônica Nissin Miojo Pacote 85g,NISSIN,85.0,g
7891079001523,Macarrão Instantâneo Picanha Nissin Miojo Cremoso Pacote 88g,AJINOMOTO,88.0,g
7891079001561,Macarrão Instantâneo Frango Nissin Miojo Cremoso Pacote 88g,AJINOMOTO,88.0,g
7891079006009,Miojo Espaguete N3,Nissin,500.0,g
7891079006016,Espaguete Instantâneo,Nissin,500.0,g
7891079008058,Cup Noodles Legumes,Nissin,64.0,g
7891079011478,Hot sabor Mexicano com Pimenta Jalapeño,"Nissin,Miojo",85.0,g
7891079011515,Yakissoba,Nissin,500.0,g
7891079011775,Macarrão Instantâneo Lámen Picanha Nissin Miojo Pacote 85g,AJINOMOTO,85.0,g
7891079011799,Macarrão Instantâneo Yakissoba Tradicional Nissin Miojo Pacote 87g,AJINOMOTO,87.0,g
7891079012130,Nissin- Miojo cremoso sabor carne,Nissin,88.0,g
7891079012208,Ramen sabor a Pollo,Nissin,85.0,g
7891079012215,Nissin Ramen sabor a Carne,Nissin,85.0,g
7891079012420,Nissin Lámen Sabor Caldo de Feijão,"Nissin,Miojo",90.0,g
7891079012444,Nissin Ramen sabor a Verduras,Nissin,85.0,g
7891079012758,Cup Noodles Calabresa,Nissin,68.0,g
7891079012772,Macarrão Instantâneo Talharim Queijo Parmesão E Creme De Leite Nissin Pacote 99g,NISSIN,99.0,g
7891079012901,Cup Noodles Sabor a Carne,"Nissin,Cup Noodles",68.0,g
7891079012918,Cup Noodles Verduras,"Nissin,Cup Noodles",67.0,g
7891079012963,Macarrão Instantâneo Lámen Costela Nissin Miojo Pacote 85g,NISSIN,85.0,g
7891079012987,Pack Macarrão Instantâneo Lámen Galinha Caipira Nissin Miojo Pacote 510g 6 Unidades Grátis 1 Pacote,NISSIN LAMEN,510.0,g
7891079013038,Cup noodles galinha caipira,nissin,69.0,g
7891079013113,Cup Noodles Cheddar,Nissin,69.0,g
7891079013250,Macarrão Instantâneo Talharim Pesto Nissin Pacote 99g,NISSIN,99.0,g
7891079013267,Macarrão Instantâneo Talharim Carbonara Nissin Pacote 99g,NISSIN,99.0,g
7891079013281,Cup Noodles Seafood,"Nissin,Cup Noodles",65.0,g
7891079013335,Nissin Ramen Sabor a Costilla,Nissin,85.0,g
7891079013427,Macarrão Instantâneo Curry Cup Noodles Copo 70g,NISSIN,70.0,g
7891079013458,Macarrão Instantâneo Lámen Camarão Com Alho Nissin Miojo Pacote 85g,NISSIN,85.0,g
7891079013847,Macarrão Instantâneo Yakissoba Carne Com Molho Japonês Nissin U.f.o. Bandeja 97g,NISSIN,97.0,g
7891079013854,Macarrão Instantâneo Yakissoba Curry Indiano Nissin U.f.o. Bandeja 98g,NISSIN,98.0,g
7891079013861,Macarrão Instantâneo Yakissoba Legumes Com Molho Oriental Nissin U.f.o. Bandeja 95g,ORIENTAL,95.0,g
7891079013885,Macarrão Instantâneo Caesar Nissin Saladaria Pacote 75g,NISSIN,75.0,g
7891079013908,Macarrão Instantâneo Feijoada Cup Noodles Copo 67g,CUP NOODLES,67.0,g
7891079013922,Cup Noodles Cheddar,Cup Noodles,69.0,g
7891079013953,Macarrão Instantâneo Lámen Chocolate Nissin Miojo Pacote 55g,NISSIN,55.0,g
7891079013960,Macarrão Instantâneo Lámen Beijinho Nissin Miojo Pacote 55g,NISSIN,55.0,g
7891079013977,Macarrão Instantâneo Milho Na Manteiga Turma Do Chico Bento Nissin Miojo Pacote 75g,NISSIN,75.0,g
7891080000119,farinha de trigo sol,SOL HITS,1000.0,g
7891080007705,Farinha de Trigo Tradicional Bunge 1 Kg,Bunge,1000.0,g
7891080112836,Margarina Amanteigado Com Sal Delícia Supreme Pote 500g,DELICIA,500.0,g
7891080136276,Aceite Vegetal,BELL'S,900.0,mL
7891080147951,Farinha de Trigo Tradicional,"Primor,Bunge",1000.0,g
7891080149290,Extrato De Tomate Concentrado Salsaretti Lata 330g,SALSARETTI,330.0,g
7891080350047,Mac Ovos Petybon Parafuso 500g,PETYBON,500.0,g
7891080400070,Margarina Sem Sal Delícia Sabor E Cremosidade Pote 500g,DELICIA,500.0,g
7891080400087,Margarina Com Sal Delícia Sabor E Cremosidade,DELICIA,500.0,g
7891080400100,Margarina Com Sal,Delicia,250.0,g
7891080400674,Gordura Vegetal Primor Pacote 500g,PRIMOR,500.0,g
7891080400780,Margarina Com Sal Primor Forno E Fogão Pacote 400g 4 Unidades,PRIMOR,400.0,g
7891080404870,Soya,,500.0,g
7891089055202,Castanha de Caju Inteira La Violetera,,150.0,g
7891089060565,Amêndoa s/ Casca La Violetera,,100.0,g
7891089060602,Cereja la violetera marrasch,,125.0,g
7891089060886,Amêndoa da Castanha de Caju Torrada e Salgada La Violetera,,100.0,g
7891089061449,Nozes s/ Casca La Violetera,,100.0,g
7891089062736,Ameixa Seca s/ Caroço La Violetera,,100.0,g
7891089064716,Frutas Cristalizadas Em Cubos La Violetera,,150.0,g
7891089100032,Azeitona V La Violetera Vd 12x | Azeitonas Verdes,LA VIOLETERA,800.0,g
7891089101206,Azeitona Verde Fatida La Viole,LA VIOLETERA,320.0,g
7891089436353,Cogumelo Seco Funghi,,200.0,g
7891089436407,Ameixa sem caroço,Muffato,150.0,g
7891089436872,Alcaparras La Violetera 60 G C/12,LA VIOLETERA,60.0,g
7891089450366,Arroz Arbóreo Especial,Mastroiani,500.0,g
7891091010008,Cuscuz - Novo Milho,,500.0,g
7891091010503,Flaked Cornmeal,"São Braz, São Braz S.A. Indústria e Comércio de Alimentos",500.0,g
7891091011609,São Braz Café Orgânico,,250.0,g
7891091011616,São Braz Café Savory,,250.0,g
7891091011623,São Braz Café Export,,250.0,g
7891091012309,São Braz Minas,,250.0,g
7891091012316,São Braz Mogiana,,250.0,g
7891091012330,São Braz Cerrado,,250.0,g
7891091018042,mistura de temperos COR & sabor,São Braz,60.0,g
7891091020014,castanha de caju São Braz,,50.0,g
7891091049428,Granola São Braz sabor banana,São Braz,250.0,g
7891091061659,Pippo's Queijo,Vitamilho,75.0,g
7891091061987,Salgadinho Pippos Anime 60g Bacon,São Braz,60.0,g
7891094001027,Cogumelo Em Conserva Luca Vidro 100g,LUCA,100.0,g
7891094001614,Picles Em Conserva Luca Vidro 500g,LUCA,500.0,g
7891094002123,Minimilho Em Conserva Luca Vidro 200g,LUCA,200.0,g
78910942,Guarana Antarctica,GUARANA ANTARCTICA,237.0,mL
7891095001101,Farinha Mandioca Yoki 1KG,Yoki,1000.0,g
7891095001262,Bolinho de chuva Yoki,YOKI,250.0,g
7891095001392,Farinha Para Empanar Yoki Pacote 300g,YOKI,300.0,g
7891095002146,Amendoim Torrado Salgado Sem Casca Yoki Pacote 150g,YOKI,150.0,g
7891095002153,Amendoim Temperado Sem Casca Yoki Pacote 150g,YOKI,150.0,g
7891095002160,Amendoim Pralinê Yoki Pacote 150g,YOKI,150.0,g
7891095002177,Japanese peanut,Yoki,150.0,g
7891095002207,Pipoca Para Micro Ondas Natural Com Sal Yoki Pacote 100g,Goku,100.0,g
7891095002498,Glicose Yoki Squeeze 350g,YOKI,350.0,g
7891095002672,Milho para Pipoca,Yoki,500.0,g
7891095003389,YOKI Farinha de Mandioca Torrada,YOKI,500.0,g
7891095003570,Amido De Milho Yoki Caixa 500g,YOKI,500.0,g
7891095003617,Polvilho Azedo Yoki,Yoki,100.0,g
7891095003822,Creme de cebola,kitano,65.0,g
7891095003884,Sopão Galinha Kitano Sachê 196g,YOKI,196.0,g
7891095003945,Sopão Carne Kitano Sachê 196g,YOKI,196.0,g
7891095005178,Amendoim tipo japonês 500g,Yoki,500.0,g
7891095005512,Amido milh Yoki,,1000.0,g
7891095005598,Yoki amendoim tipo japonês 70g,Yoki,1000.0,g
7891095006250,Yokitos Conchinhas Sabor Presunto,"Yoki,Yoki Alimentos",60.0,g
7891095006274,Pipoca Para Micro Ondas Temperada Com Toque De Chef Yoki Pacote 100g,Yoki,100.0,g
7891095006878,Kimilho Flocão,Yoki,500.0,g
7891095006984,Pipoca Premium Yoki 500 g,Yoki,500.0,g
7891095007165,Sopão Feijão Kitano Sachê 196g,YOKI,196.0,g
7891095007943,Pipoca Para Micro Ondas Natural Com Sal Light Yoki Pacote 50g,YOKI,50.0,g
7891095007974,Yoki Sweet Peanut Blocks 352G,Yoki,352.0,g
7891095008421,Farinha De Mandioca Tipo único Grossa Yoki Pacote 1kg,YOKI,1000.0,g
7891095008452,Yoki sabor manteiga de cinema,Yoki,100.0,g
7891095010134,Sopão de legumes,Kitano,196.0,g
7891095010837,Purê De Batata Yoki Pacote 180g,YOKI,180.0,g
7891095011315,Amendoim Com Mel Yoki Pacote 150g,YOKI,150.0,g
7891095011605,Amendoim Tipo 2 Yoki Pacote 500g,YOKI,500.0,g
7891095014637,Farofa de Carne Seca Yoki,"Yoki,Yoki Alimentos",250.0,g
7891095015047,Amido De Milho Yoki Caixa 200g,MAIS VITA,200.0,g
7891095015290,Pipoca Para Micro Ondas Cobertura Caramelo Yoki Pacote 160g,YOKI,160.0,g
7891095015344,Amendoim Torrado Salgado Sem Casca Yoki Pacote 500g,YOKI,500.0,g
7891095015788,Tomilho em Flocos,Kitano,10.0,g
7891095017553,Pipoca Para Micro Ondas Cobertura Chocolate Yoki Pacote 160g,YOKI,160.0,g
7891095022380,Mistura Para Bolo Chocolate Yoki Betty Crocker Caixa 425g,YOKI,425.0,g
7891095022397,Mistura Para Bolo Baunilha Yoki Betty Crocker Caixa 425g,YOKI,425.0,g
7891095022625,Milho Para Pipoca Tipo 1 Yoki Super Premium Pote 650g,YOKI,650.0,g
7891095023073,Ovinhos De Amendoim Cobertura Polvilho Yoki Pacote 90g,YOKI,90.0,g
7891095023097,Batata Frita Ondulada Churrasco Yoki Yokitos Pacote 45g,YOKI,45.0,g
7891095023103,batata frita ondulada,yokitos,90.0,g
7891095023127,Batata Frita Ondulada Churrasco Yoki Yokitos Pacote 90g,YOKI,90.0,g
7891095023134,Batata Frita Ondulada Com Sal Yoki Yokitos Pacote 45g,YOKI,45.0,g
7891095023141,Batata Frita Ondulada Cebola E Salsa Yoki Yokitos Pacote 45g,YOKI,45.0,g
7891095023158,Batata Frita Lisa Com Sal Yoki Yokitos Pacote 45g,YOKI,45.0,g
7891095023165,Batata Frita Ondulada Com Sal Yoki Yokitos Pacote 180g,YOKI,180.0,g
7891095023189,Yokitos sabor queijo,yoki,54.0,g
7891095023196,Conchinha sabor queijo,Yokitos,153.0,g
7891095023202,Salgadinho De Milho Conchinha Presunto Yoki Yokitos Pacote 54g,YOKITOS,54.0,g
7891095023219,Salgadinho De Milho Conchinha Presunto Yoki Yokitos Pacote 153g,YOKI,153.0,g
7891095023226,Rede de Queijo Yokitos,Yoki,45.0,g
7891095023233,Yokitos Redinha 135g,Yoki,135.0,g
7891095023240,Salgadinho De Milho Queijo Lua Yoki Yokitos Pacote 45g,YOKI,45.0,g
7891095023257,Yokitos lua sabor queijo,Yoki,135.0,g
7891095023264,Salgadinho De Milho Queijo Bolinha Yoki Yokitos Pacote 45g,YOKI,45.0,g
7891095023271,Tubinho Sabor Queijo,Yoki,45.0,g
7891095023325,Yokitos sabor cebola,,108.0,g
7891095028337,aveia em flocos finos yoki,Yoki,200.0,g
7891095028344,Aveia em Flocos yoki,Yoki,170.0,g
7891095029334,Tapyoki,Yoki,500.0,g
7891095029617,Caldo Legumes Kitano Sachê 30g,KITANO,30.0,g
7891095029716,Pipoca Para Micro Ondas Natural Light Zero Sódio Yoki Pacote 50g,YOKI,50.0,g
7891095029723,Pipoca Sabor Manteiga,Yoki,50.0,g
7891095030040,Farofa De Mandioca Com Tempero Suave Yoki Pacote 200g,YOKI,200.0,g
7891095030057,Farofa De Mandioca Com Batata Palha Yoki Pacote 200g,YOKI,200.0,g
7891095030064,Farofa De Mandioca Com Soja Yoki Pacote 200g,YOKI,200.0,g
7891095030194,Pipoca Para Micro Ondas Natural Light Zero Sódio Yoki Pacote 90g,YOKI,90.0,g
7891095030200,Pipoca Para Micro Ondas Natural Com Sal Light Yoki Pacote 90g,YOKI,90.0,g
7891095030712,Pipoca Pronta Manteiga Temperada Yoki Pacote 58g,YOKI,58.0,g
7891095030729,Pipoca Pronta Queijo Parmesão Yoki Pacote 58g,YOKI,58.0,g
7891095030750,Pipoca Pronta Com Sal Marinho Yoki Pacote 28g,YOKI,28.0,g
7891095030767,Pipoca Pronta Manteiga Temperada Yoki Pacote 28g,YOKI,28.0,g
7891095030842,yoki,,400.0,g
7891095030859,Pipoca Pronta Queijo Parmesão Yoki Pacote 28g,YOKI,28.0,g
7891095031115,YOKI Batata Palha Tradicional 105 g,Yoki,105.0,g
7891095031122,batata extra fina,Yoki,120.0,g
7891095031139,Batata Palha Tradicional Yoki Pacote 70g,YOKI,70.0,g
7891095031153,Batata Palha Extrafina Cebola E Salsa Yoki Sachê 100g,YOKI,100.0,g
7891095031177,Batata Palha Extrafina Parmesão Yoki Sachê 100g,YOKI,100.0,g
7891095031276,Páprica Defumado Kitano Reserva Frasco 36g,KITANO,36.0,g
7891095031320,Yokitos queijo,,39.0,g
7891095031351,Yokitos queijo,,39.0,g
7891095031375,Farofa De Mandioca Tradicional Yoki Premium Pacote 380g,YOKI,380.0,g
7891095031382,Farofa De Milho Yoki Premium Pacote 380g,YOKI,380.0,g
7891095031399,Farofa De Mandioca Apimentada Yoki Premium Pacote 380g,YOKI,380.0,g
7891095031641,Pipoca Para Micro Ondas Cobertura Maçã Do Amor Yoki Pacote 160g Edição Yokermesse,PARA,160.0,g
7891095031696,Batata Palha Tradicional Yoki Sachê Leve 105g Pague 90g Edição Especial Yoker Messe,YOKI,105.0,g
7891095062119,"Paçoquinha Rolha Yoki Pote 1,25kg",YOKI,1250.0,g
7891095100118,Canjica De Milho Amarela Tipo 1 Yoki Pacote 500g,YOKI,500.0,g
7891095100125,Pipoca de Microondas,Yoki,100.0,g
7891095100293,Canjica de milho,Yoki,500.0,g
7891095100316,canjiquinha,YOKI,500.0,g
7891095100361,Ervilha Partida Tipo 2 Yoki Pacote 500g,YOKI,500.0,g
7891095100538,Grão De Bico Yoki Pacote 500g,YOKI,500.0,g
7891095100552,Lentilha Tipo 1 Yoki Pacote 500g,YOKI,500.0,g
7891095100682,YOKI Aveia em Flocos Finos,Yoki,250.0,g
7891095100729,Pipoca Para Micro Ondas Bacon Yoki Pacote 100g,YOKI,100.0,g
7891095100934,Pipoca Para Micro Ondas Manteiga Yoki Pacote 100g,YOKI,100.0,g
7891095100941,Aveia Flocos Finos,Yoki,500.0,g
7891095100958,Aveia em flocos,Yoki,500.0,g
7891095150120,Molho Inglês Worcestershire Kitano Frasco 150ml,KITANO,150.0,mL
7891095150137,Molho De Pimenta Kitano Frasco 150ml,KITANO,150.0,mL
7891095150229,Noz Moscada Kitano Pacote 50g,KITANO,50.0,g
7891095150304,"Tempero Pó Para Feijão Cebola, Louro E Bacon Mais Sabor Kitano Pacote 60g 12 Unidades",YOKI,60.0,g
7891095150359,Açafrão Da Terra Kitano Pacote 50g,YOKI,50.0,g
7891095154012,Pimenta Do Reino Preta Moída Kitano Pacote 50g,KITANO,50.0,g
7891095154029,Pimenta E Cominho Kitano Pouch 70g,KITANO,70.0,g
7891095154036,Cominho Pó Kitano Pacote 60g,YOKI,60.0,g
7891095154067,Orégano Kitano Pacote 10g,YOKI,10.0,g
7891095154074,Canela Pó Kitano Pacote 50g,YOKI,50.0,g
7891095154081,Cravo Da índia Kitano Pouch 40g,KITANO,40.0,g
7891095154098,Canela Em Casca Kitano Pacote 20g,YOKI,20.0,g
7891095154104,Colorífico Pó Kitano,Kitano,80.0,g
7891095154203,Colorífico,Kitano,25.0,g
7891095154241,Erva Doce Kitano Pouch 40g,YOKI,40.0,g
7891095154258,Bicarbonato De Sódio Kitano Pacote 30g,YOKI,30.0,g
7891095154265,Orégano Kitano Pacote 3g,YOKI,3.0,g
7891095154302,Louro Folha Kitano Pacote 4g,YOKI,4.0,g
7891095154319,Noz Moscada Kitano Pacote 8g,YOKI,8.0,g
7891095154326,Canela Em Casca Kitano 8g,KITANO,8.0,g
7891095154630,Salsa Desidratada Kitano Pouch 8g,YOKI,8.0,g
7891095154647,Pimenta Branca Moída Kitano Sachê 15g,KITANO,15.0,g
7891095155590,Molho De Alho Kitano Frasco 150ml,KITANO,150.0,mL
7891095156085,Alecrim Desidratado Kitano Pacote 6g,YOKI,6.0,g
7891095156092,Louro em Pó,Kitano,12.0,g
7891095156108,Manjericão Desidratado,Kitano,7.0,g
7891095156139,Pimenta Calabresa Em Flocos Kitano Pacote 13g,KITANO,13.0,g
7891095200184,Fubá De Milho Pré Cozido Yoki Pacote 500g,YOKI,500.0,g
7891095200207,Kipolenta,yoki,500.0,g
7891095200399,farinha de milho amarela,"Yoki, GENERAL MILLS BRASIL ALIMENTOS LTDA., GENERAL MILLS BRASIL ALIMENTOS LIMITADA,",500.0,g
7891095200450,Fubá Mimoso Yoki Pacote 500g,YOKI,500.0,g
7891095200467,Fubá Mimoso Yoki Pacote 1kg,YOKI,1000.0,g
7891095200870,Kimilho,"Yoki,Yoki Alimentos",500.0,g
7891095200993,Yoki Seasoned Corn Flour,Yoki,500.0,g
7891095279715,Pao De Queijo,Yoki,250.0,g
7891095290321,Curau De Milho Yoki Pacote 200g,YOKI,200.0,g
7891095300303,Farinha De Mandioca Tipo único Flocada Yoki Pacote 500g,YOKI,500.0,g
7891095300372,Farinha De Mandioca Tipo 1 Yoki Pacote 500g,YOKI,500.0,g
7891095300389,Farinha Mandioca Torrada - Yoki - 500GR,Yoki,500.0,g
7891095300488,Farofa Tradicional,Yoki,500.0,g
7891095300495,Sagu Tipo 1 Yoki Pacote 500g,YOKI,500.0,g
7891095300631,Polvilho Doce,Yoki,500.0,g
7891095300808,Pão de Queijo,"Yoki,General Mills",250.0,g
7891095400423,Farinha De Rosca Yoki Pacote 500g,YOKI,500.0,g
7891095600847,Mais Vita Sal Moído Iodado,"Yoki,Yoki Alimentos,Norsal,Norte Salineira",1000.0,g
7891095604753,Bicarbonato De Sódio Kitano Pouch 80g,YOKI,80.0,g
7891095604777,Curry,Kitano,50.0,g
7891095604784,Páprica Doce Kitano Pacote 50g,YOKI,50.0,g
7891095605118,Alho Granulado Kitano Pacote 60g,YOKI,60.0,g
7891095605163,Cebola Granulada Kitano Pouch 50g Embalagem Econômica,KITANO,50.0,g
7891095605170,"Cebola, Alho E Salsa Kitano Pouch 40g",YOKI,40.0,g
7891095605569,"Tempero Pó Para Aves Cebola, Coentro E Cominho Mais Sabor Kitano Pacote 60g 12 Unidades",YOKI,60.0,g
7891095605576,"Tempero Pó Para Carnes Cebola, Alho E Orégano Mais Sabor Kitano Pacote 60g 12 Unidades",YOKI,60.0,g
7891095605583,Tempero Pó Para Legumes Kitano Pacote 60g 12 Unidades,YOKI,60.0,g
7891095910892,Tempero Lemon Pepper Kitano Reserva Frasco 50g,LEMON PEPPER,50.0,g
7891095910908,Pipoca Para Micro Ondas Cobertura Churros Yoki Pacote 160g Edição Yokermesse,PARA,160.0,g
7891095910915,Amendoim Torrado Sem Casca Apimentado Yoki Pacote 150g,YOKI,150.0,g
7891095910922,Amendoim Torrado Sem Casca Molho Especial Yoki Pacote 150g,YOKI,150.0,g
7891095910939,Lentilha Tipo 2,YOKI,500.0,g
7891095910946,Amendoim Crocante Salgado Yoki Pacote 150g,YOKI,150.0,g
7891095910953,Amendoim Crocante Salgado Yoki Pacote 500g,CROCANTE,500.0,g
7891095910960,Amendoim Crocante Levemente Salgado,"Yoki, General Mills, General Mills Alimentos LTDA.",1010.0,g
7891095910977,Amendoim Crocante Molho De Pimenta Yoki Pacote 150g,YOKI,150.0,g
7891095910984,Amendoin Crocante Sabor Molho de Pimenta,Yoki,500.0,g
7891095910991,Amendoim Crocante Alho E Limão Yoki Sabor Do Chef Pacote 150g,YOKI,150.0,g
7891095911004,Amendoim Crocante Alho E Limão Yoki Sabor Do Chef Pacote 500g,SABOR DO CHEF,500.0,g
7891095911028,Sal de parrilla com chimichurri - Kitano,,415.0,g
7891095911141,Pipoca Para Micro Ondas Páprica Picante Yoki Pacote 100g Edição Limitada Espanha,Yoki,100.0,g
7891095911158,Batata Ondulada Linguiça Apimentada Yoki Yokitos Pacote 45g Edição Limitada Brasil,YOKI,45.0,g
7891095911172,Amendoim Torrado Sem Casca Chimichurri Yoki Pacote 150g Edição Limitada Argentina,YOKI,150.0,g
7891095911240,Mistura Pars pão de queijo,Yoki,250.0,g
7891095911264,Canjica Cristal Yoki,Yoki,400.0,g
7891095911288,yoki,Yoki,400.0,g
7891095911301,yoki,Yoki,400.0,g
7891095911356,Milho para pipoca,Yoki,400.0,g
7891095911448,yoki,Yoki,400.0,g
7891095911486,Farofa De Mandioca Tradicional,"YOKI, golo",400.0,g
7891095911561,Farinha de mandioca temperada,Yoki,400.0,g
7891095911639,yoki,,200.0,g
7891095911646,yoki,,400.0,g
7891095911660,Farofa c/ banana yoki,,200.0,g
7891095911677,Farofa caseirissima,Cebola,200.0,g
7891095911684,Farofa Yoki Caseiríssima Sabor Costelinha Defumada,Yoki,200.0,g
7891095911745,PIPOCA MICRO. NETFLIX PRESUNTO 95G,,400.0,g
7891097000089,Batavo Frutas Amarelas,"Batavo, Lactalis",180.0,g
7891097000126,Iogurte integral com preparado de abacaxi,BATAVO,450.0,g
7891097000133,Iogurte Grego Tradicional,Batavo,500.0,g
7891097000140,Iogurte Grego sabor Morango,Batavo,500.0,g
7891097000171,Sobremesa Láctea Chocolate Paw Patrol Batavo Batavinho Bandeja 304g 8 Unidades,BATAVO,304.0,g
7891097000195,"Iogurte Integral Laranja, Cenoura E Mel Batavo Copo 170g",BATAVO,170.0,g
7891097000201,Iogurte Integral com preparado de ameixa,"Lactalis, Batavo",170.0,g
7891097000256,Iogurte Grego Morango Batavo Pote 100g,BATAVO,100.0,g
7891097000263,Iogurte Grego Pêssego Batavo Pote 100g,BATAVO,100.0,g
7891097000270,Iogurte Grego Tradicional Batavo Pote 100g,BATAVO,450.0,g
7891097000522,Sobremesa Láctea Flan Calda Caramelo Batavo Bandeja 400g 4 Unidades Leve Mais Pague Menos,BATAVO,400.0,g
7891097000607,Iogurte Integral Morango Batavo Pedaços Copo 100g,BATAVO,100.0,g
7891097000614,Iogurte Integral Pêssego Batavo Pedaços Copo 100g,BATAVO,100.0,g
7891097000621,Iogurte Integral Coco Batavo Pedaços Copo 100g,BATAVO,100.0,g
7891097000638,Iogurte Integral Abacaxi Batavo Pedaços Copo 100g,BATAVO,100.0,g
7891097000713,Iogurte Parcialmente Desnatado Grego Morango Zero Lactose Batavo Pense Zero Pote 100g,Batavo,100.0,g
7891097000720,Iogurte Grego Tradicional Zero Lactose Batavo Pense Zero Pote 100g,Batavo,100.0,g
7891097000737,Queijo Mussarela Fatiado,Président,1000.0,g
7891097000744,Queijos Prato Fatiado,Président,1000.0,g
7891097000775,Iogurte Desnatado Morango Zero Lactose Batavo Pense Zero Pedaços Copo 100g,Batavo,100.0,g
7891097000799,Iogurte Integral Cremoso Natural Batavo Pote 500g,Batavo,500.0,g
7891097000836,Creme Quark Calda Goiaba Batavo Nuv Pote 100g,BATAVO,100.0,g
7891097000843,Creme Quark Calda Pêssego E Damasco Batavo Nuv Pote 100g,BATAVO,100.0,g
7891097000850,Creme Quark Tradicional Batavo Nuv Pote 100g,BATAVO,100.0,g
7891097000881,Sobremesa Láctea Pudim Leite Condensado Batavo Delícias Do Forno Bandeja 200g 2 Unidades,BATAVO,200.0,g
7891097000935,Creme De Queijo Ricota Président Pote 200g,PRESIDENT,200.0,g
7891097000997,Creme De Queijo Ricota Light Président Pote 200g,PRÉSIDENT,200.0,g
7891097001130,Leite Longa Vida Semidesnatado PARMALAT,PARMALAT,1000.0,mL
7891097001253,Iogurte Parcialmente Desnatado Grego Morango Zero Lactose Batavo Pense Zero Pote 500g,Batavo,500.0,g
7891097001260,Iogurte Desnatado Morango Zero Lactose Batavo Pense Zero Pedaços Pote 500g,BATAVO,500.0,g
7891097001338,Manteiga Extra Com Sal Président Gastronomique Pote 200g,PRESIDENT,200.0,g
7891097001345,Manteiga Extra Sem Sal Président Gastronomique Pote 200g,PRESIDENT,200.0,g
7891097001352,Queijo Maasdam Président 160g,PRESIDENT,160.0,g
7891097001581,Requeijão Cremoso Poços De Caldas Pote 400g,POCOS DE CALDAS,400.0,g
7891097001598,Leite Fermentado Desnatado Batavo Garrafa 850g Família,BATAVO,850.0,g
7891097010781,Iogurte Integral Morango Batavo Pedaços Pote 500g,BATAVO,500.0,g
7891097010828,Iogurte Integral Coco Batavo Pedaços Pote 500g,Batavo,500.0,g
7891097011580,Queijo Petit Suisse Morango Paw Patrol Batavo Batavinho Bandeja 320g 8 Unidades,BATAVO,320.0,g
7891097012686,Manteiga extra com sal,BATAVO,200.0,g
7891097013003,Choco Milk Original,Batavo,200.0,mL
7891097015519,Manteiga Sem Sal Batavo 200g,BATAVO,200.0,g
7891097017193,Pack Leite Fermentado Desnatado Laranja Paw Patrol Batavo Batavinho Frasco 450g 6 Unidades,BATAVINHO,450.0,g
7891097017902,Naturis Soja,Batavo,1000.0,mL
7891097018251,Leite integral,Batavo,1000.0,mL
7891097019975,Creme de soja,Batavo,200.0,g
7891097086311,Iogurte Integral Pêssego Batavo Pedaços Pote 500g,BATAVO,500.0,g
7891097087448,Pack Leite Fermentado Desnatado Bob Esponja Elegê Caixa 480g 6 Unidades,ELEGE,480.0,g
7891097088346,Bebida Láctea Fermentada Morango Elegê Bandeja 540g 6 Unidades,ELEGE,540.0,g
7891097088612,Leite em pó,Batavo,400.0,g
7891097089527,Iorgute Batavinho Morango Bob Esponja Batavo,"Elegê,Brasil Foods",320.0,g
7891097090004,Requeijão Cremoso Batavo Copo 200g,BATAVO,200.0,g
7891097090011,requeijao cremoso com queijo light,batavo,200.0,g
7891097100963,Iogurte Grego Tradicional Batavo,Batavo,450.0,g
7891097100994,Queijo Ralado Le 4 Queijos Président Pacote 100g,PRESIDENT,100.0,g
7891097101502,Molho 4 Queijos Elegê Caixa 200g,ELEGE,200.0,g
7891097101526,Bebida Láctea Fermentada Morango Zero Lactose Batavo Pense Zero Garrafa 850g,BATAVO,850.0,g
7891097101533,Iogurte natural integral,Batavo,170.0,g
7891097101601,Iogurte Desnatado Batavo Naturais Copo 170g,BATAVO,170.0,g
7891097101618,Bebida Láctea Fermentada Mamão Zero Lactose Batavo Pense Zero Frasco 170g,Batavo,170.0,g
7891097101632,Iogurte integral com preparado de mel,"Lactalis, Batavo",170.0,g
7891097101717,Iorgute de Morango Batavo,Batavo,540.0,g
7891097101748,Bebida Láctea Fermentada Morango Ameixa Elegê Bandeja 540g 6 Unidades,ELEGE,540.0,g
7891097101854,Iogurte 3 Potes de Morango e 3 Potes de Coco Batavo,,540.0,g
7891097101861,Iog. Batavo bandeira pêssego 510g,Batavo,510.0,g
7891097101878,Bebida Láctea Fermentada Morango Elegê Garrafa 850g,ELEGE,850.0,g
7891097101977,Leite Fermentado Desnatado Morango Bob Esponja Batavo Caixa 80g,BATAVO,80.0,g
7891097101984,Leite Fermentado Desnatado Laranja Bob Esponja Batavo Caixa 80g,ELEGE,80.0,g
7891097101991,Pack Leite Fermentado Desnatado Uva Bob Esponja Batavo Caixa 6 Unidades 80g Cada,ELEGE,80.0,g
7891097102004,Bebida Láctea Fermentada Morango Coco Elegê Bandeja 540g 6 Unidades,MORANGO,540.0,g
7891097102059,Compuesto lácteo,DoBon,400.0,g
7891097102370,Cream Cheese Light Président Pote 150g,Président,150.0,g
7891097102387,Queijo cremoso,Président,150.0,g
7891097102578,Manteiga Extra Com Sal Batavo Pote 500g,BATAVO,500.0,g
7891097102585,Requeijão Light Zero Lactose Président Copo 200g,PRESIDENT,200.0,g
7891097102592,Requeijão Cremoso Président Copo 200g,PRESIDENT,200.0,g
7891097102813,Sobremesa Láctea Chocolate Batavo Creamy Bandeja 360g 4 Unidades Leve Mais Pague Menos,BATAVO,360.0,g
7891097102820,Creme Quark Tradicional Batavo Nuv Pote 450g,BATAVO,450.0,g
7891097102851,Iogurte Parcialmente Desnatado Morango Batavo Frasco 170g,BATAVO,170.0,g
7891097102868,"Iogurte Parcialmente Desnatado Banana, Maçã E Cereal Batavo Frasco 170g",Batavo,170.0,g
7891097102875,Iogurte Parcialmente Desnatado Graviola Batavo Frasco 170g,BATAVO,170.0,g
7891097102936,Iogurte de Jabuticaba Batavo,Batavo,170.0,g
7891097102943,Iogurte Parcialmente Desnatado Graviola Batavo Garrafa 900g,BATAVO,900.0,g
7891097102950,"Iogurte Parcialmente Desnatado Banana, Maçã E Cereal Batavo Garrafa 900g",BATAVO,900.0,g
7891097102967,Iogurte Parcialmente Desnatado Jabuticaba Batavo Garrafa 900g,BATAVO,900.0,g
7891097102974,Iogurte Parcialmente Desnatado Morango Batavo Garrafa 900g,BATAVO,900.0,g
7891097103094,Creme Quark Morango Batavo Nuv Pote 100g,BATAVO,100.0,g
7891097103148,Iogurte Integral Coco E Abacaxi Batavo Pedaços Duo Copo 100g,BATAVO,100.0,g
7891097103162,Iogurte Integral Maracujá E Pêssego Batavo Pedaços Duo Copo 100g,BATAVO,100.0,g
7891097103193,leche condensada,parmalat,395.0,g
7891097103209,Bebida Láctea Fermentada Salada De Frutas Elegê Frasco 170g,ELEGE,170.0,g
7891097103216,Bebida Láctea Fermentada Morango Elegê Frasco 170g,ELEGE,170.0,g
7891097103223,"Bebida Láctea Fermentada Morango Elegê Garrafa 1,15kg Embalagem Econômica",ELEGE,1150.0,g
7891097103230,"Bebida Láctea Fermentada Salada De Frutas Elegê Garrafa 1,15kg Embalagem Econômica",ELEGE,1150.0,g
7891097103261,Queijo Prato Ralado Fresco Président Pacote 100g,PRESIDENT,100.0,g
7891097103285,Queijo Mussarela Ralado Fresco Président Pacote 100g,PRESIDENT,100.0,g
7891097103384,"Iogurte Parcialmente Desnatado Morango Batavo Garrafa 1,15kg Embalagem Econômica",BATAVO,1150.0,g
7891097103391,"Iogurte Parcialmente Desnatado Banana, Maçã E Cereal Batavo Garrafa 1,15kg Embalagem Econômica",BATAVO,1150.0,g
7891097103445,Requeijão Cremoso Original Light Poços De Caldas Pote 400g,POCOS DE CALDAS,400.0,g
7891097103643,Iogurte Desnatado com Preparo de Morango para Dietas com Restrição de Lactose,Batavo,1150.0,g
7891097103780,Iogurte Parcialmente Desnatado Calda Frutas Vermelhas Batavo Camadas Copo 100g,BATAVO,100.0,g
7891097103797,Composto Lácteo Parmalat Max Pacote 750g,PARMALAT MAX,750.0,g
7891097103803,Composto Lácteo Integral Parmalat Max Pacote 750g,PARMALAT MAX,750.0,g
7891097103810,Composto Lácteo Parmalat Max Pacote 380g,PARMALAT MAX,380.0,g
7891097103841,Queijo Mussarela Fatiado,Président,300.0,g
7891097103858,Queijo Prato President Fatiado,"President, Lactalis do Brasil",300.0,g
7891097104008,Queijo Parmesão Ralado Fresco Président Pacote 100g,FRESCO,100.0,g
7891097104060,Molho 4 Queijos Président Caixa 200g,PRESIDENT,200.0,g
7891097104077,Molho Branco Président Caixa 200g,,200.0,g
7891097104138,Creme De Leite Uht Homogeneizado Président Caixa 200g,President,200.0,g
7891097104237,Cream Cheese Light Président Pote 270g,President,270.0,g
7891097104343,Bebida Láctea Uht Chocolate Zero Lactose Parmalat Wheyfit Caixa 250ml,parmalat,250.0,mL
7891097104367,Creme De Queijo Ricota Light Président Pote 380g,Président,380.0,g
7891097104374,"Iogurte Parcialmente Desnatado Graviola Batavo Garrafa 1,15kg Embalagem Econômica",BATAVO,1150.0,g
7891097104398,Iogurte Integral Abacaxi E Coco Batavo Pedaços Duo Pote 500g,INTEGRAL,500.0,g
7891097104404,Requeijão Cremoso com Queijos,Batavo,400.0,g
7891097104411,Requeijão cremoso com queijos 400g,Elegê,400.0,g
7891097104459,Queijo Mussarela Ralado Fresco Président Pacote 400g,FRESCO,400.0,g
7891097104480,Leite Fermentado Bob Esponja Batavo Batavinho Garrafa 850g,BOB ESPONJA,850.0,g
7891097104534,Iogurte Morango Com Cereais Bob Esponja Batavo Copo 120g,BOB ESPONJA,120.0,g
7891097104541,Iogurte Parcialmente Desnatado Tradicional Batavo Probio2 Frasco,Batavo,125.0,g
7891097104565,Iogurte Integral Cremoso Natural Com Cereais Batavo Copo 150g,INTEGRAL,150.0,g
7891097104596,Iogurte Morango Bob Esponja Batavo Batavinho Frasco 170g,BOB ESPONJA,170.0,g
7891097104602,Iogurte Parcialmente Desnatado Frutas E Cereal Bob Esponja Batavo Batavinho Frasco 170g,BOB ESPONJA,170.0,g
7891097104619,coração do queijo parmesão cilindro,Président,180.0,g
7891097104633,Bebida Láctea Fermentada Ameixa Zero Lactose Batavo Pense Zero Frasco 170g,BATAVO,170.0,g
7891097104640,Leite desnatado com preparado de ameixa para dietas com restrição de lactose,Batavo,1150.0,g
7891097104664,Iogurte Desnatado Morango Zero Lactose Batavo Pense Zero Bandeja 540g 6 Unidades,MORANGO,540.0,g
7891097104701,Queijo Prato Président Gran Reserva 150g,President,150.0,g
7891097104770,Yogurte grego - Batavo,Batavo,450.0,g
7891097104862,Iogurte ProBio2 pedaços morango,Batavo,100.0,g
7891097104879,Probio2 Batavo 170g,Batavo,170.0,g
7891097104886,Iogurte Probio2 Ameixa,Batavo,170.0,g
7891097105555,Cr quark Batavo nuv 100g,,100.0,g
7891097105654,Nuv Frutas vermelhas 6g proteína,Batavo,100.0,g
7891097105661,Creme de Leite Levíssimo Parmalat,Parmalat,200.0,g
7891097105685,Nuv Frutas amarelas 6g proteína,Batavo,100.0,g
7891097105913,Manteiga extra com sal GALBANI,Galbani,200.0,g
7891097105951,Manteiga extra sem sal,Galbani,200.0,g
7891097105975,Creme de Ricota,Galbani,200.0,g
7891097106156,Leite fermentado tamanho família,Elegê,1150.0,g
7891097106170,morango banana,Elegé,320.0,g
7891097106422,Pense Zero Mamão,Batavo,1150.0,g
7891097106842,Iogurte Probio2 Ameixa,Batavo,1150.0,g
7891097106989,pudim batavo,batavo,100.0,g
7891097107818,pense zero ameixa,Batavo,170.0,g
7891098000040,Matte Leão - Matte Original,Leão,40.0,g
7891098000057,Chá Mate Limão Matte Leão Caixa 30g 25 Unidades,MATTE LEAO,30.0,g
7891098000149,LEÃO Chá Leão - Chá Verde em Sachês,LEÃO,16.0,g
7891098000163,Chá Camomila Chá Leão Caixa 10g 10 Unidades,MATTE LEAO,10.0,g
7891098000170,Leão Fuze Hortelã,Leão Fuze,10.0,g
7891098000187,Chá Boldo Chá Leão Caixa 10g 10 Unidades,MATTE LEAO,10.0,g
7891098000354,chá matte leão laranja 40g,,40.0,g
7891098000415,Chá Preto Chá Leão Caixa 16g 10 Unidades,MATTE LEAO,16.0,g
7891098000972,chá Matte leão canela 30g,matte leão,40.0,g
7891098001504,Chá de erva Doce,Leão,20.0,g
7891098001511,Chá Morango Chá Leão Caixa 20g 10 Unidades,MATTE LEAO,20.0,g
7891098002044,"Chá de sachê (camomila, cidreira e maracujá)",Chá Leão,24.0,g
7891098010421,Chá de Capim Cidreira LEÃO,LEAO,15.0,g
7891098010469,Capim-Cidreira,Leão Fuze,24.0,g
7891098010476,Chá Erva Doce Chá Leão Caixa 24g 15 Unidades,LEAO,24.0,g
7891098010483,Chá Hortelã Chá Leão Caixa 15g 15 Unidades,LEAO,15.0,g
7891098010490,Fuze Chá de Maçã com Canela,Leão,30.0,g
7891098010568,matte Leão original,,24.0,g
7891098010575,Chá Camomila Chá Leão Caixa 15g 15 Unidades,LEAO,15.0,g
7891098036766,Chá MATTE LEÃO Natural à Granel,leão,250.0,g
7891098037886,LEÃO Chá Leão Hortelã em Sachês,LEÃO,100.0,g
7891098038357,Matte Limão,Leão,16.0,g
7891098040572,"Chá Mate Original Matte Leão Zero Garrafa 1,5l",MATTE LEAO,1500.0,mL
7891098040589,Matte leão limão,,1500.0,mL
7891098040596,"Chá Mate Limão Matte Leão Zero Garrafa 1,5l",MATTE LEAO,1500.0,mL
7891098040602,"Chá Mate Pêssego Matte Leão Garrafa 1,5l",MATTE LEAO,1500.0,mL
7891098040688,Chá Mate Original Matte Leão Garrafa 450ml,MATTE LEAO,450.0,mL
7891098040749,Chá Mate Limão Matte Leão Garrafa 450ml,MATTE LEAO,450.0,mL
7891098040848,Chá Preto Ice Tea Limão Leão Garrafa 450ml,leão,450.0,mL
7891098040893,Chá Preto Ice Tea Pêssego Leão Garrafa 450ml,LEAO FUZE,450.0,mL
7891098040909,"Chá Preto Ice Tea Pêssego Leão Garrafa 1,5l",LEAO,1500.0,mL
7891098040992,Ice tea pêssego,,1000.0,mL
7891098041029,Chá Mate Em Cápsula Original Matte Leão Caixa 30g 10 Unidades,MATTE LEAO,30.0,g
7891098041043,"Chá Em Cápsula Maracujá, Laranja Gengibre Chá Leão Senses Caixa 30g 10 Unidades",CHÁ LEÃO,30.0,g
7891098041081,"Chá Preto Ice Tea Limão Leão Zero Garrafa 1,5l",MATTE LEAO,1500.0,mL
7891098041197,"Chá Amora, Mirtilo Baunilha Chá Leão Senses Caixa 22g 10 Unidades",ICE TEA LEÃO,22.0,g
7891098041203,Chá Mate Hibisco Cereja Chá Leão Senses Caixa 20g 10 Unidades,LEAO,20.0,g
7891098041364,CAP CHA HIB+AMORA+RS C/10 30G LEAO,LEAO,30.0,g
7891098041395,Chá Preto + Frutas Vermelhas Gelado,Chá Leão,25.0,g
7891098041418,Chá Leão Gelado chá verde+ gengibre & limão - Leão,Leão,1000.0,mL
7891098041432,Cha leão gelado 10x1 groselha,,25.0,g
7891098041463,Chá Frutas Vermelhas Chá Leão Caixa 16g 10 Unidades,CHÁ LEÃO,16.0,g
7891098041494,"Chá hibisco, amora, rosa silvestre",Leão,16.0,g
7891098041500,Chá Maçã Canela Chá Leão Caixa 20g 10 Unidades,CHÁ LEÃO,20.0,g
7891098041524,"Chá Cidreira, Laranja Limão Chá Leão Caixa 16g 10 Unidades",CHÁ LEÃO,16.0,g
7891098041630,Chá Preto Com Gás Limão Leão Lata 290ml,MATTE LEAO,290.0,mL
7891098041647,Chá Mate Com Gás Limão Leão Lata 290ml,MATTE LEAO,290.0,mL
7891098041678,Chá Verde Hortelã E Limão Leão Reequilibra Caixa 18g 10 Unidades,LEAO,18.0,g
7891098041685,Chá Mate Guaraná Leão Recarrega Caixa 16g 10 Unidades,LEAO,16.0,g
7891098041746,Chá Camomila E Maracujá Leão Relaxa Caixa 16g 10 Unidades,LEAO,16.0,g
7891098041777,Kit Chá Funcional Leão 105g 60 Unidades,LEAO,105.0,g
7891098041807,Chá Mate Tostado Original Matte Leão Pote 50g,LEAO,50.0,g
7891098041814,Refresco Adoçado Guaraná E Açaí Leão Garrafa 450ml,GARRA,450.0,mL
7891098041821,Cha Matte Leao Guarana 450ml,,450.0,mL
7891098041845,Cha leão gelado 10x1 pêssego,,25.0,g
7891098041869,Chá Abacaxi + Hortelã Gelado,Chá Leão,25.0,g
7891098041883,"Chá Verde Limão Leão Reequilibra Garrafa 1,5l",GARRA,1500.0,mL
7891098041913,Chá Verde Limão Leão Garrafa 450ml,GARRA,450.0,mL
7891098041920,Chá Laranja Cor De Rosa Leãozinho Caixa 23g 10 Unidades,ROSA,23.0,g
7891098041937,Chá Morango Maracujá Leãozinho Caixa 23g 10 Unidades,chá leãozinho,23.0,g
7891098041944,Chá Amora Framboesa Leãozinho Caixa 23g 10 Unidades,AMORA,23.0,g
7891098041968,Chá Ice Tea Limão Chá Leão Caixa 23g 10 Unidades,chá leão,23.0,g
7891098041982,Chá Morango E Laranja Chá Leão Caixa 23g 10 Unidades,chá leão,23.0,g
7891098041999,"Chá Erva Doce Chá Leão Caixa 24g 15 Unidades Grátis 1 Sachê 2,5g Chá Leão Preparo Em água Gelada",CHÁ LEÃO,24.0,g
7891098042002,"Chá Hortelã Chá Leão Caixa 15g 15 Unidades Grátis 1 Sachê 2,5g Chá Leão Preparo Em água Gelada",CHÁ LEÃO,15.0,g
7891098042019,"Chá Mate Tostado Original Matte Leão Caixa 24g 15 Unidades Grátis 1 Sachê 2,5g Chá Leão Preparo Em água Gelada",CHÁ LEÃO,24.0,g
7891098042026,"Chá Capim Cidreira Chá Leão Caixa 15g 15 Unidades Grátis 1 Sachê 2,5g Chá Leão Preparo Em água Gelada",CHÁ LEÃO,15.0,g
7891098042033,"Chá Camomila Chá Leão Caixa 15g 15 Unidades Grátis 1 Sachê 2,5g Chá Leão Preparo Em água Gelada",CHÁ LEÃO,15.0,g
7891098042170,Chá Laranja E Cenoura Leão Caixa 20g 10 Unidades,,20.0,g
7891098042187,Chá Açaí E Guaraná Leão Caixa 20g 10 Unidades,,20.0,g
7891098042194,"Chá Mel, Gengibre E Cúrcuma Leão Caixa 20g 10 Unidades",,20.0,g
7891098042224,"Chá Amora, Mirtilo Baunilha Chá Leão Caixa 22g 10 Unidades",CHÁ LEÃO,22.0,g
78911000,Yakult Leite Fermentado Desnatado Adoçado L. casei Shirota,Yakult,80.0,g
7891100794905,Feijão Carioca Camil 1Kg,Camil,1000.0,g
7891103048227,Rosquinha Sabor Leite - Carrefour,Carrefour,335.0,g
7891103048241,Rosquinha Sabor Coco - Carrefour,Carrefour,335.0,g
7891103048272,Chá de Maçã Carrefour,Carrefour,13.0,g
7891103048784,Amendoim Carrefour com pele,,100.0,g
7891103049729,Biscoito de Polvilho,Classic',200.0,g
7891103071881,Aveia em flocos finos com cacau,Viver Carrefour,250.0,g
7891103181399,Carrefour Batata Palha,"Castrolanda Cooperativa Agroindustrial Ltda., Carrefour",140.0,g
7891103182266,Wafer chocolate,Carrefour,165.0,g
7891103204371,Azeite de oliva extravirgem,Carrefour Classic,500.0,mL
7891103212109,Mel,Carrefour,300.0,g
7891103212420,Biscoito Wafer Sabor Morango - Carrefour,Carrefour,105.0,g
7891103215612,bolo sabor chocolate Carrefour 200 g,,200.0,g
7891103217814,Rolinhos de Wafer,Carrefour,50.0,g
7891103218927,Geleia de Pimenta Orgânica Carrefur 210 g,Carrefur,210.0,g
7891103220838,Burguer de grão de bico com alho poró,Carrefour,400.0,g
7891103220845,Faláfel de grão de bico,Carrefour,280.0,g
7891103220852,Kibe de abóbora e aveia,Carrefour,300.0,g
7891103220869,Pão de mandioquinha e batata sabor queijo,Carrefour,300.0,g
7891103221255,"Cereal Infantil - Arroz, Banana e Maçã",Carrefour,150.0,g
7891103225734,Pasta de Amendoim Integral Carrefour Classic,Carrefour,500.0,g
7891103227882,Bio Mel Orgânico,Carrefour,300.0,g
7891103228094,Biscoito de Povilho Sabor Cebola e Salsa Carrefour 200 g,"Carrefur, Cassini Alimentos Ltda, Cassini Alimentos Limitada",200.0,g
7891103352201,"Paleta em Pedaço Bandeja 1,1kg",,1100.0,g
7891103522970,bolo Carrefour sabor abacaxi,,200.0,g
7891103526213,Iogurte desnatado natural clássico,Carrefour,160.0,g
7891103530173,Mix De Nuts,Carrefour Viver,1000.0,mL
7891103530500,Cream Cheese CRF light,,150.0,g
7891103530715,Bebida vegetal Viver Barista,Carrefour,1000.0,mL
7891104393067,adoçante,adoçante,200.0,mL
7891104393104,Adoçante Líquido Sacarina Adocyl Frasco 100ml,ADOCYL,100.0,mL
7891107005660,Hamburguer Seara Bov 672gr,SEARA,672.0,g
7891107015102,File Seara Peito Fgo Cong.1kg,SEARA,1000.0,g
7891107101621,SOYA Óleo de Soja,SOYA,500.0,mL
7891107111910,óleo De Girassol Tipo 1 Salada Garrafa 900ml,SALADA,900.0,mL
7891107111927,óleo De Canola Tipo 1 Salada Garrafa 900ml,SALADA,900.0,mL
7891107111934,óleo De Milho Tipo 1 Salada Garrafa 900ml,SALADA,900.0,mL
7891110071935,DOCE DE LEITE MU-MU CHOC NEUGEBAUER,NEUGEBAUER,350.0,g
7891110071942,POTE DOCE DE LEITE MU-MU NEUGEBAUER,mu-mu,350.0,g
7891110071959,Doce Cremoso de Leite MuMu Gold,Neugebauer,420.0,g
7891118010769,flics,arcor,17.0,g
7891118012701,Bala Framboesa 7 Belo Pacote 150g,7 BELO,150.0,g
7891118013586,Poosh! Tuti Frutti,"Poosh!,Arcor",200.0,g
7891118013593,Poosh!,Arcor,200.0,g
7891118013609,Chiclete poosh,Arcor,200.0,g
7891118013616,Bubble Gum Push Grape,,200.0,g
7891118014705,Poosh4,Arcor,200.0,g
7891118025374,Chiclete Poosh Recheado Sabor Guaraná Antarctica,"Arcor, Guaraná Antarctica",5.0,g
7891118025398,Chiclete Sabor Guaraná Antártica,"Topline,Arcor",6.7,g
7891118025688,Bala Guaraná Antarctica Poosh Pacote 150g,ANTARCTICA,150.0,g
7891118025824,Bala Framboesa 7 Belo Pacote 100g,7 BELO,100.0,g
7891118025855,7Belo (Framboesa) - ARCOR,Arcor,500.0,g
7891118025879,Bala Tutti Frutti Recheio Chicle Poosh Pacote 100g,POOSH,100.0,g
7891118025886,7Belo pirulito framboesa,Arcor,500.0,g
7891118025954,Bala Iogurte 7 Belo Pacote 100g,7 BELO,100.0,g
7891118026036,Paçoca Amor,Arcor,540.0,g
7891118026043,Paçoca,Arcor,18.0,g
7891118026418,Butter Toffees,,90.0,g
7891121021004,Aperitivo De Maçã St. Remy Garrafa 750ml,SAINT REMY,750.0,mL
7891121031003,Coquetel Seagers Negroni 980ml,SEAGERS,980.0,mL
7891121153705,Kit Gin Silver Seagers Gfa 750ml,SEAGERS,750.0,mL
7891121155006,Gin London Dry Silver Seagers Garrafa 750ml,SEAGERS,750.0,mL
7891121203004,Licor Creme Cacau Stock Garrafa 720ml,STOCK,720.0,mL
7891121212006,Licor Creme Chocolate Stock Garrafa 720ml,STOCK,720.0,mL
7891121213003,Licor Fino Curaçau Blue Stock Garrafa 720ml,STOCK,720.0,mL
7891121219005,Licor Creme Cassis Stock Garrafa 720ml,STOCK,720.0,mL
7891122116174,QUALIMAX Farinha Panko,QUALIMAX,400.0,g
78911260,Sobremesa Láctea Flan Baunilha Calda Caramelo Vigor Pote 220g 2 Unidades,VIGOR,220.0,g
7891126001124,Avitrin calcio,Coveli,15.0,mL
7891126003593,Avitrin Muda,Coveli,15.0,mL
7891132000029,Sabor ami,Ajinomoto,450.0,g
7891132000937,Vono Champignon,Ajinomoto,19.0,g
7891132000999,Refresco Em Pó Laranja Zero Açúcar Mid Pacote 10g,AJINOMOTO,10.0,g
7891132001019,Refresco Em Pó Maracujá Zero Açúcar Mid Pacote 8g,AJINOMOTO,8.0,g
7891132001057,Refresco Em Pó Tangerina Zero Açúcar Mid Pacote 10g,AJINOMOTO,10.0,g
7891132001101,Tempero Sabores Do Nordeste Sazón Pacote 60g 12 Unidades,AJINOMOTO,60.0,g
7891132001255,Vono Espinafre com Queijo,Ajinomoto,19.0,g
7891132005987,MID Limão,Ajinomoto,25.0,g
7891132006380,"Caldo Pó Legumes Sazón Caixa 37,5g 5 Unidades",AJINOMOTO,37.5,g
7891132006410,"Caldo Pó Bacon Defumado Sazón Caixa 37,5g 5 Unidades",AJINOMOTO,37.5,g
7891132007509,Sopa Individual Cremosa Batata Com Carne Vono Pacote 18g,Vono,18.0,g
7891132007523,Sopa Individual Cremosa Peito De Frango Com Queijo Vono Pacote 17g,AJINOMOTO,17.0,g
7891132007530,Sopa Individual Cremosa Mandioquinha Com Cebola E Salsa Vono Pacote 17g,AJINOMOTO,17.0,g
7891132007561,Sopa Individual Cremosa Caldinho De Feijão Vono Pacote 18g,AJINOMOTO,18.0,g
7891132008421,Molho shoyu suave,Ajinomoto,150.0,mL
7891132008438,Molho Shoyu Suave,Ajinomoto,500.0,mL
7891132008698,Tempero Para Carnes Toque De Alho Sazón Pacote 60g 12 Unidades,AJINOMOTO,60.0,g
7891132009039,Farinha Para Empanar Ervas Com Toque De Limão Sazón Tempera Empana Pacote 60g,AJINOMOTO,60.0,g
7891132009183,Refresco Em Po Baunilha Com Limao 25g Mid,MID,25.0,g
7891132009626,Creme Cebola Vono Chef Pacote 58g,AJINOMOTO,58.0,g
7891132009640,Sopa Cebola Vono Chef Pacote 58g,AJINOMOTO,58.0,g
7891132009688,Creme Queijo Vono Chef Pacote 53g,AJINOMOTO,53.0,g
7891132009961,Refresco Em Pó Uva Zero Açúcar Mid Pacote 8g,AJINOMOTO,8.0,g
7891132009985,Refresco Em Pó Limão Zero Açúcar Mid Pacote 8g,FIT,8.0,g
7891132019021,Sabor a mil,Ajinomoto,300.0,g
7891132019403,Tempero Para Legumes Sazón Pacote 60g 12 Unidades,AJINOMOTO,60.0,g
7891132019717,Tempero Para Massas Sazón Pacote 60g 12 Unidades,AJINOMOTO,60.0,g
7891132019731,Tempero Para Saladas Sazón Pacote 60g 12 Unidades,AJINOMOTO,60.0,g
7891132040018,Tempero à Base De Peixe Hondashi Pacote 60g 6 Unidades,AJINOMOTO,60.0,g
7891132080038,Sal Grosso Aji,Aji,500.0,g
7891132082223,Refresco Em Pó Limão Mid Pacote 20g,MID,20.0,g
7891132082247,Refresco Em Pó Melancia Mid Pacote 20g,MID,20.0,g
7891132082261,Refresco Em Pó Goiaba Mid Pacote 20g,MID,20.0,g
7891132082285,Refresco Em Pó Groselha Mid Pacote 20g,MID,20.0,g
7891132082308,Refresco Em Pó Jabuticaba Mid Pacote 20g,MID,20.0,g
7891132082322,Refresco Em Pó Laranja Mid Pacote 20g,MID,20.0,g
7891132082346,Refresco Em Pó Uva Mid Pacote 20g,MID,20.0,g
7891132082360,Refresco Em Pó Maracujá Mid Pacote 20g,MID,20.0,g
7891132082384,Refresco Em Pó Morango Mid Pacote 20g,MID,20.0,g
7891132082407,Refresco Em Pó Abacaxi Mid Pacote 20g,MID,20.0,g
7891132082421,Refresco Em Pó Baunilha Com Limão Mid Pacote 20g,MID,20.0,g
7891132082445,Refresco Em Pó Tangerina Mid Pacote 20g,MID,20.0,g
7891132082469,Refresco Em Pó Caju Mid Pacote 20g,MID,20.0,g
7891132082483,Refresco Em Pó Manga Mid Pacote 20g,MID,20.0,g
7891132082568,Refresco Em Pó Guaraná Mid Pacote 20g,MID,20.0,g
7891132083008,Tempero Para Legumes Sazón Pacote 40g 8 Unidades,SAZÓN,40.0,g
7891132083039,Creme Cebola Menos Sódio Vono Chef Pacote 58g,CHEF,58.0,g
7891132083053,Tempero para Pipoca Sabor Manteiga Sazon,Sazón,60.0,g
7891132083060,Tempero Para Pipoca Churrasco Sazón Pacote 60g 12 Unidades,SAZÓN,60.0,g
7891132083084,Refresco Em Pó Laranja Doce Mid Pacote 20g,MID,20.0,g
7891132083107,Refresco Em Pó Limonada Suíça Mid Pacote 20g,MID,20.0,g
7891132110186,"Caldo Pó Bacon Defumado Sazón Caixa 32,5g 5 Unidades",SAZÓN,32.5,g
7891132110209,"Caldo Pó Carne Sazón Lev Caixa 32,5g 5 Unidades",SAZÓN,32.5,g
7891132110216,"Caldo Pó Carne Sazón Caixa 32,5g 5 Unidades",SAZÓN,32.5,g
7891132110230,"Caldo Pó Galinha Sazón Caixa 32,5g 5 Unidades",SAZÓN,32.5,g
7891132110247,"Caldo Pó Legumes Sazón Caixa 32,5g 5 Unidades",SAZÓN,32.5,g
7891132110254,Sopa Individual Abóbora Com Carne Menos Sódio Vono Pacote 17g,VONO,17.0,g
7891132110261,caldo de sazon,ajinomoto,32.0,g
7891132110278,"Caldo Pó Galinha Sazón Lev Caixa 32,5g 5 Unidades",SAZÓN,32.5,g
7891132110551,Sopa Individual Mandioquinha Com Cebola E Salsa Menos Sódio Vono Pacote 17g,VONO,17.0,g
7891136052000,Bitter,Campari,750.0,mL
7891137006507,Valda Imune Kids,Valda,50.0,g
7891138112665,Leite UHT Semidesnatado,Paulista,1000.0,mL
7891138112740,Paulista Leite Integral,Paulista,1000.0,mL
7891141019838,Suco de Uva,Aurora,1500.0,mL
7891141022852,Keep Cooler Morango,Keep Cooler,275.0,mL
7891141023910,SUCO INTEGRAL CASA DE BENTO UVA TINTO 1L,CASA DE BENTO,1000.0,mL
7891141025570,"Suco Integral Uva Branco Aurora Garrafa 1,5l",AURORA,1500.0,mL
7891141026751,Vinho frisante tinto suave,Saint Germain,750.0,mL
7891141032219,Aurora sparkling Grape Juice,Aurora,275.0,mL
7891141033971,Suco Integral Orgânico Uva Tinto Aurora Garrafa 1l,INTEGRAL,1000.0,mL
7891141035197,Suco Gaseificado Integral Uva Tinto Aurora Lata 269ml,INTEGRAL,269.0,mL
7891141036170,"Suco Integral Uva Tinto Aurora Caixa 1,5l",INTEGRAL,1500.0,mL
7891141036194,"Suco Integral Uva Tinto Aurora Caixa 1,5l",INTEGRAL,1500.0,mL
7891143001060,Polenguinho Light 04,"POLENGUINHO,Polenghi,Savencia",80.0,g
7891143001077,Queijo Processado Prato Polenghi Sandwich In 144g,POLENGHI,144.0,g
7891143001206,Queijo Processado - Sabor Cheddar Sandwich-In,"POLENGHI,Savencia",144.0,g
7891143011069,Queijo Processado Cheddar Light Polenghi Sandwich In 144g,Polenghi,144.0,g
7891143011090,Queijo Processado Prato Light Polenghi Sandwich In 144g,"POLENGHI,Savencia",144.0,g
7891143012585,Cream Cheese Tradicional Polenghi Pote 150g,"POLENGHI,Savencia",150.0,g
7891143012592,Cream Cheese Light Polenghi Pote 150g,"POLENGUINHO,Polenghi,Savencia",150.0,g
7891143013193,Requeijão Cremoso Tradicional,Polenghi,200.0,g
7891143013292,Queijo Camembert Polenghi A Queijaria 125g,"POLENGHI SÉLECTION,POLENGHI,Savencia",125.0,g
7891143013308,Queijo Brie Polenghi A Queijaria 125g,"POLENGHI SÉLECTION,POLENGHI,Savencia",125.0,g
7891143014657,Cream Cheese Uso Culinário Tradicional Polenghi Bisnaga 400g,"POLENGUINHO,Polenghi,Savencia",400.0,g
7891143015937,Polenguinho,"POLENGUINHO,Polenghi,Savencia",34.0,g
7891143016361,Queijo Brie Polenghi A Queijaria Apéritif 140g,"POLENGHI SÉLECTION,POLENGHI,Savencia",140.0,g
7891143016637,Polenguinho,Polenguinho,34.0,g
7891143017009,Creme de Ricota Light,Polenghi,150.0,g
7891143017313,Queijo Mussarela,"Polenghi,Milkaut,Savencia",1000.0,g
7891143017405,Queijo Processado Uht Original Polenguinho 136g 8 Unidades,"POLENGUINHO,Polenghi,Savencia",136.0,g
7891143017436,Polenguinho,"Polenguinho,Polenghi,Savencia",68.0,g
7891143017443,Queijo Processado Uht Light Polenguinho 68g 4 Unidades,"POLENGUINHO,Polenghi,Savencia",68.0,g
7891143018136,Culinário Sabor Cheddar,"Polenghi,Savencia",1500.0,g
7891143018389,Sandwich-in sabor danbo,Adler,144.0,g
7891143018396,Queso Cheddar Adler,ADLER,144.0,g
7891143018921,Polenguinho Zero Lactose,"POLENGUINHO,Polenghi,Savencia",68.0,g
7891143018945,Queijo Brie Polenghi A Queijaria 140g,"POLENGHI SÉLECTION,POLENGHI,Savencia",140.0,g
7891143019058,Cream Cheese Zero Lactose Polenghi Pote 150g,"POLENGHI,Savencia",150.0,g
7891143019072,Queijo Processado Prato Zero Lactose Polenghi Sandwich In 144g,"POLENGHI,Savencia",144.0,g
7891143019089,Chantilly Spray creme vegetal typo chantilly,"POLENGHI,Savencia",250.0,g
7891143019416,Creme de Ricota Zero Lactose Polenghi,Polenghi,150.0,g
7891143019669,Cream Cheese Light Polenghi Pote 300g,Polenghi,300.0,g
7891143019676,Cream Cheese Tradicional Polenghi Pote 300g,"POLENGHI,Savencia",300.0,g
7891143020023,Molho Cebola Caramelizada Polenghi Club Do Molho Pote 220g,"POLENGHI,Savencia",220.0,g
7891143020030,Molho Sabor Cheddar Club do Molho,"Polenghi,Savencia",220.0,g
7891143020337,Fondue De Queijo Cheddar Polenghi Club Do Molho Caixa 400g,"POLENGHI,Savencia",400.0,g
7891143020795,Queijo Cremoso Polenguinho Fresco 68g 4 Unidades,"POLENGUINHO,Polenghi,Savencia",68.0,g
7891144000147,Vinagre de maçã Toscano,,750.0,mL
7891144000741,Vinagre Tinto Toscano,,750.0,mL
7891149010509,Brahma Chopp,Brahma,350.0,mL
7891149011001,7891149011001,,473.0,mL
7891149101528,Malzbier,Brahma,350.0,mL
7891149101900,cerveja Stella Artois,Stella Artois,275.0,mL
7891149102785,Sukita Uva Lata,SUKITA UVA,350.0,mL
7891149102808,Sukita Uva Garrafa Pet 2 L,SUKITA UVA,2000.0,mL
7891149103065,Stella artois belgium,,269.0,mL
7891149104932,Cerveja Zero Álcool,Brahma,350.0,mL
7891149104956,Brahma zero álcool,,355.0,mL
7891149106516,Beats senses,,473.0,mL
7891149107490,Cerveja Patagonia Amber Lager Long Neck 355ml,Patagonia,355.0,mL
7891149108053,Goose Midway,Goose Island,355.0,mL
7891149108510,Bohemian Pilsener,Patagonia,740.0,mL
7891149108534,Weisse pagatonia 740ml,Patagonia,740.0,mL
7891149210503,Cerveza Negra,Caracu,350.0,mL
7891149440603,Refrigerante Sukita,SUKITA,350.0,mL
7891149440801,Refrigerante Sukita 2lt,SUKITA LARANJA,2000.0,mL
7891150000971,Suavizante (Confort),,500.0,g
7891150001954,AdeS Zero,AdeS,1000.0,mL
7891150001961,AdeS Original,AdeS,1000.0,mL
7891150002906,Quick Milho na Manteiga,"Knorr,Unilever Brasil",19.0,g
7891150009592,Tempero Pó Alho E Cebola Knorr Meu Assado Pacote 25g,KNORR,25.0,g
7891150012318,Caldo Tablete Carne Knorr Mais Sabor Caixa 57g 6 Unidades,KNORR,57.0,g
7891150012363,Caldo Tablete Carne Knorr Caixa 114g 12 Unidades,KNORR,114.0,g
7891150012370,Caldo Carne,Knorr,10.0,g
7891150017368,Dove Óleo Nutrição 400ml,Shampoo,400.0,g
7891150021174,Tempero Pó Caseiro Knorr Meu Assado Pacote 25g,KNORR,25.0,g
7891150021181,Minha Carne Assada,Knorr,23.0,g
7891150022055,Dove Sabonente Original,DOVE,90.0,g
7891150024571,Sorvete Napolitano Especial Kibon Cremosíssimo Pote 2l,KIBON,2000.0,mL
7891150026001,loção,"Unilever, Dove",200.0,mL
7891150026261,Tempero Pó Caipira Knorr Meu Assado Pacote 23g,KNORR,23.0,g
7891150026742,"Sorvete Passas Ao Rum Kibon Cremosíssimo Pote 1,5l",KIBON,1500.0,mL
7891150026773,"Sorvete Chicabon Kibon Cremosíssimo Pote 1,5l",CHICABON,1500.0,mL
7891150027282,Sopão Carne Knorr Sachê 195g,KNORR,195.0,g
7891150027312,"Sopão Cenoura, Batata E Mandioquinha Knorr Sachê 183g",KNORR,183.0,g
7891150027329,Sopão Galinha Caipira Knorr Sachê 194g,KNORR,194.0,g
7891150027350,Sopão Galinha Knorr Sachê 195g,KNORR,195.0,g
7891150027794,Mostarda Amarela Tradicional Hellmanns Squeeze 170g,HELLMANN S,170.0,g
7891150027800,MAIONESE TRAD SQUEEZE HELLMANNS,HELLMANN S,335.0,g
7891150027824,Molho 3 Em 1 Hellmanns Squeeze 370g,HELLMANN S,370.0,g
7891150027831,Ketchup Picante Hellmanns Squeeze 380g,HELLMANN S,380.0,g
7891150027848,KETCHUP TRAD SQUEEZE HELLMANNS,HELLMANN S,380.0,g
7891150027855,Ketchup Hellmanns Squeeze 178g,HELLMANN S,178.0,g
7891150030596,Creme Cebola Knorr Pacote 60g,KNORR,60.0,g
7891150035652,Tempero Knorr Meu Feijão Caseiro 35g,KNORR,35.0,g
7891150041646,TRESemmé detox CO  400ml,CO,400.0,mL
7891150050235,"Sorvete Creme Kibon Cremosíssimo Pote 1,5l",KIBON,1500.0,mL
7891150050242,Sorvete Flocos Cremosíssimo,Kibon,700.0,g
7891150050310,Pimenta Tabasco,,60.0,mL
7891150051768,Tempero Pó Para Arroz Knorr Pacote 48g 6 Unidades,KNORR,48.0,g
7891150051775,Tempero Pó Para Feijão Knorr Pacote 48g 6 Unidades,KNORR,48.0,g
7891150051997,Tempero Pó Para Carne Knorr Pacote 40g 8 Unidades,KNORR,40.0,g
7891150055858,"Sorvete Napolitano Kibon Cremosíssimo Pote 1,5l",KIBON,1500.0,mL
7891150055926,"Sorvete Maracujá Kibon Mousse Pote 1,3l",KIBON,1300.0,mL
7891150055933,"Sorvete Limão Kibon Mousse Pote 1,3l",KIBON,1300.0,mL
7891150057708,Molho De Pimenta Verde Suave Knorr Vidro 150ml,KNORR,150.0,mL
7891150057715,Molho de Pimenta com Alho,Knorr,150.0,mL
7891150058873,Ervilha E Milho Verde Em Conserva Dueto Knorr Lata 170g,KNORR,170.0,g
7891150058897,Ervilha Em Conserva Knorr Lata 170g,KNORR,170.0,g
7891150058903,Milho Em Conserva Knorr Lata 170g,KNORR,170.0,g
7891150058910,Seleta De Legumes Em Conserva Knorr Lata 170g,KNORR,170.0,g
7891150061033,Sorvete Snickers,"KIBON, Kibon",457.0,mL
7891150061040,Sorvete Ovomaltine Kibon Pote 800ml,KIBON,800.0,mL
7891150061057,Sorvete Baunilha Tablito Kibon Pote 800ml,KIBON,800.0,mL
7891150062115,Sorvete 4 Em 1 Chocoleite Kibon Cremosíssimo Pote 2l,KIBON,2000.0,mL
7891150066106,Amido milh maizena,,500.0,g
7891150066342,Sorvete Baunilha Com Confeitos M Ms Kibon Pote 800ml,KIBON,800.0,mL
7891150066502,Molho de Mostarda Profissional,Hellmann's,1010.0,g
7891150067592,Sorvete Clássico Magnum Pote 440ml,MAGNUM,440.0,mL
7891150068261,Mingau Tradicional Maizena Cremogema Caixa 180g,MAIZENA,180.0,g
7891150068278,Mingau Chocolate Maizena Cremogema Caixa 180g,MAIZENA,180.0,g
7891150068285,Mingau Tradicional Maizena Arrozina Caixa 180g,MAIZENA,180.0,g
7891150068292,Mingau Tradicional Maizena Cremogema Caixa 460g,MAIZENA,460.0,g
7891150068308,Mingau Morango Maizena Cremogema Caixa 180g,MAIZENA,180.0,g
7891150068315,"Sorvete Sundae Chocolate Kibon Pote 1,4l",KIBON,1400.0,mL
7891150069138,Sabão Pó Brilhante,,2200.0,g
7891150070882,Molho Para Salada Rosé Hellmanns Squeeze 210ml,HELLMANN S,210.0,mL
7891150070899,Molho Para Salada Oriental Gergelim Hellmanns Squeeze 210ml,HELLMANN S,210.0,mL
7891150070912,Molho Para Salada Limão E Ervas Finas Hellmanns Squeeze 210ml,HELLMANN S,210.0,mL
7891150071025,Creme Batata Cenoura Maizena Cremogema Vegetais Caixa 160g,MAIZENA,160.0,g
7891150071032,Mingau Maracujá Maizena Cremogema Caixa 160g,MAIZENA,160.0,g
7891150071216,Molho Barbecue Tradicional Hellmanns Frasco 400g,HELLMANN S,400.0,g
7891150071223,Molho Barbecue Alho Defumado Hellmanns Frasco 400g,HELLMANN S,400.0,g
7891150071230,Molho Barbecue Shoyu E Cebola Caramelizada Hellmanns Frasco 400g,HELLMANN S,400.0,g
7891150071247,Molho Barbecue Whisky Hellmanns Frasco 400g,HELLMANN S,400.0,g
7891150072053,Maionese Hellmanns Pote Leve 600g Pague 500g,HELLMANN S,600.0,g
7891150072060,Maionese Verde Hellmanns Pote 500g,HELLMANN S,500.0,g
7891150072077,Maionese Aioli Hellmanns Pote 500g,HELLMANN S,500.0,g
7891150072084,Maionese Chipotle Hellmanns Pote 500g,HELLMANN S,500.0,g
7891150072602,Pipoca Pronta Doce Rosa Orgânica Mãe Terra Zooreta Pacote 35g,MAE TERRA,35.0,g
7891150072619,Pipoca Pronta Orgânica Cacau Mãe Terra Nupoca Pacote 83g Embalagem Econômica,MAE TERRA,83.0,g
7891150072626,Salgadinho De Milho E Arroz Integral Orgânico Pizza Mãe Terra Zooreta Pacote 87g Embalagem Econômica,INTEGRAL,87.0,g
7891150072640,Pack Maionese Hellmanns Pote 1kg 2 Unidades Leve Mais Pague Menos,HELLMANN S,1000.0,g
7891150072749,"Caldo Pó Carne Zero Adição Sal Knorr Pouch 35,5g",KNORR,35.5,g
7891150072770,Tempero Pó Para Frango Zero Sal Knorr Pacote 32g 8 Unidades,KNORR,32.0,g
7891150072787,Tempero Pó Para Carne Zero Sal Knorr Pacote 32g 8 Unidades,KNORR,32.0,g
7891150072794,Tempero Pó Para Vegetais Knorr Zero Sal Pacote 32g 8 Unidades,KNORR,32.0,g
7891150072824,Caldo Tablete Galinha Knorr Zero Sal Caixa 48g 6 Unidades,KNORR,48.0,g
7891150072831,Caldo Tablete Carne Knorr Zero Sal Caixa 48g 6 Unidades,KNORR,48.0,g
7891150072848,Caldo Tablete Legumes Knorr Zero Sal Caixa 48g 6 Unidades,KNORR,48.0,g
7891150073104,Farinha De Aveia Orgânica Mãe Terra Caixa 170g,MAE TERRA,170.0,g
7891150073111,Aveia Orgânica Em Flocos Grossos Mãe Terra Caixa 170g,MAE TERRA,200.0,g
7891150073128,Farelo de Aveia Mãe Terra,Mae Terra,200.0,g
7891150073562,Sorvete Chicabon Kibon Zero Pote 800ml,KIBON,800.0,mL
7891150074026,"Sorvete Sundae Leitinho Trufado Kibon Pote 1,4l",KIBON,1400.0,mL
7891150074507,Sorvete Inspirações Merengue de Morango Kibon,,1300.0,mL
7891150074514,"Sorvete Torta De Limão Kibon Inspirações Pote 1,3l",KIBON,1300.0,mL
7891150074521,"Sorvete Brownie Com Castanhas Kibon Inspirações Pote 1,3l",KIBON,1300.0,mL
7891150075306,Dove Hidra lizo 400ml,Condicionador,400.0,mL
7891150075443,Granola Tradicional Com Castanhas Brasileiras Mãe Terra Pacote 800g,MAE TERRA,800.0,g
7891150075450,Granola Banana E Cacau Mãe Terra Pacote 800g,MAE TERRA,800.0,g
7891150076884,Mãe Terra Granola Crocante Baunilha e Coco MÃE TERRA,Mãe terra,300.0,g
7891150076938,Barra De Nuts Sementes Mãe Terra Fit Nuts Pacote 25g,TERRA,25.0,g
7891150076945,Barra De Nuts Coco Mãe Terra Fit Nuts Pacote 25g,MAE TERRA,25.0,g
7891150077072,Amido De Milho Maizena Vita Caixa 200g,MAIZENA,200.0,g
7891150077089,Amido De Milho Maizena Vita Caixa 500g,MAIZENA,500.0,g
7891150077263,"Sorvete Chocolate Kibon Cremosíssimo Pote 1,5l",KIBON,1500.0,mL
7891150077287,brilhante limpeza Total kit oferta  500ml diluir,,3000.0,mL
7891150077607,Chocolate em pó,Mãe terra,170.0,g
7891150077638,almidón de maíz,maizena,200.0,g
7891150077775,Pack Ketchup Hellmanns Squeeze 2 Unidades 380g Cada Leve Mais Pague Menos,HELLMANNS,380.0,g
7891150078017,Dove Óleo Nutrição,Shampoo,670.0,mL
7891150078185,Molho Tipo Maionese Vegano Hellmanns Squeeze 335g,HELLMANNS,335.0,g
7891150078611,Hellmanns Sachê 800g Embalagem Econômica,HELLMANNS,800.0,g
7891150078758,Caldo Pó Galinha Arisco Caixa 35g 5 Unidades,ARISCO,35.0,g
7891150078765,Caldo Pó Carne Arisco Caixa 35g 5 Unidades,ARISCO,35.0,g
7891150078796,Caldo Pó Legumes Knorr Caixa 35g 5 Unidades,KNORR,35.0,g
7891150078956,Pack Maionese Hellmanns Squeeze 2 Unidades 335g Cada Leve Mais Pague Menos,HELLMANNS,335.0,g
7891150079212,Ketchup Arisco Squeeze 370g,Arisco,370.0,g
7891150079427,Macarrão Instantâneo Fusilli Cogumelos Knorr Pasta Pot Copo 70g,KNORR,70.0,g
7891150079441,Macarrão Instantâneo Fusilli Tomate E Mussarela Knorr Pasta Pot Copo 72g,KNORR,72.0,g
7891150079540,Quinoa Tricolor Em Grãos Integral Mãe Terra Caixa 250g,INTEGRAL,250.0,g
7891150079670,Granola Tradicional Zero Açúcar Mãe Terra Pacote 200g,MAE TERRA,200.0,g
7891150079687,Granola Orgânica Cacau Mãe Terra Zooreta Kids Pacote 200g,MAE TERRA,200.0,g
7891150079823,Sorvete Vegano Chocolate Com Pedaços De Avelã Zero Lactose Kibon Pote 800ml,KIBON,800.0,mL
7891150079830,Macarrão Com Batata Doce E Gergelim Fusilli Knorr Caixa 300g,KNORR,300.0,g
7891150079847,Macarrão Com Abóbora E Chia Penne Knorr Caixa 300g,KNORR,300.0,g
7891150079854,Macarrão Com Espinafre E Linhaça Talharim Knorr Caixa 300g,TALHARIM,300.0,g
7891150079892,MAIONESE VERDE SQUEEZE HELLMANNS,HELLMANNS,335.0,g
7891150079908,MAIONESE CHIPOTLE SQUEEZE HELLMANNS,HELLMANNS,335.0,g
7891150080546,MAIONESE SUPREME SQUEEZE HELLMANNS,HELLMANNS,330.0,g
7891150081345,Biscoito Maizena Vegano Integral Orgânico Mãe Terra Zooreta Pacote 80g,MAE TERRA,80.0,g
7891150081352,Biscoito Vegano Integral Orgânico Morango Mãe Terra Zooreta Pacote 80g,MAE TERRA,80.0,g
7891150081918,Granola Orgânica Coco Mãe Terra Pacote 600g,MAE TERRA,600.0,g
7891150083691,Tempero Pó Limão E Orégano Knorr Meu Assado Pacote 25g,KNORR,25.0,g
7891150083707,Tempero Pó Caipira Knorr Meu Assado Pacote 23g,CAIPIRA,23.0,g
7891150083714,Tempero Pó Caseiro Knorr Meu Assado Pacote 25g,KNORR,25.0,g
7891150083721,Tempero Pó Alho E Cebola Knorr Meu Assado Pacote 25g,KNORR,25.0,g
7891150084001,Maionese Cebola Caramelizada Nba New York Knicks Hellmanns Squeeze 335g,HELLMANNS,335.0,g
7891150084087,Caldo Tablete Galinha Knorr Mais Sabor Caixa 152g 16 Unidades Embalagem Econômica,MAIS SABOR,152.0,g
7891150084094,Caldo Tablete Carne Knorr Mais Sabor Caixa 152g 16 Unidades Embalagem Econômica,MAIS SABOR,152.0,g
7891150084339,Barra De Proteína Vegana Pasta De Amendoim Zero Lactose Mãe Terra Fit Pacote 40g,MAE TERRA,40.0,g
7891150084407,Chips De Batata Rústica Mãe Terra Pacote 70g,MAE TERRA,70.0,g
7891150084490,Dove Textura Reais Cacheados 400ml,Condicionador,400.0,mL
7891150084643,Biscoito Maisena Com Mix De Grãos Vegano Integral Orgânico Mãe Terra Zooreta Pacote 110g,MAE TERRA,110.0,g
7891150084902,Caldo Tabletes Galinha Knorr Zero Sal Caixa 96g 12 Unidades,KNORR,96.0,g
7891150084919,Caldo Tabletes Carne Knorr Zero Sal Caixa 96g 12 Unidades,KNORR,96.0,g
7891150084926,Caldo Tabletes Legumes Knorr Zero Sal Caixa 96g 12 Unidades,KNORR,96.0,g
7891150085688,Cremogema Tradicional Embalagem econômica,,550.0,g
7891150085879,Mingau Tradicional Maizena Cremogema Caixa 380g,MAIZENA,380.0,g
7891150086302,Sorbet Açaí Mãe Terra Premium Pote 700ml,PREMIUM,700.0,mL
7891150086319,"Sorbet Açaí Mãe Terra Premium Pote 1,5l",PREMIUM,1500.0,mL
7891150086326,Caldo Tabletes Carne Knorr Zero Sal Caixa 48g Leve 6 Pague 5 Unidades,KNORR,48.0,g
7891150086333,Caldo Tabletes Galinha Knorr Zero Sal Caixa 48g Leve 6 Pague 5 Unidades,KNORR,48.0,g
7891150086890,Sorvete Iogurte E Frutas Vermelhas Kibon Cremosíssimo Pote 2l,KIBON,2000.0,mL
7891150086906,Sorvete Abacaxi E Coco Kibon Cremosíssimo Pote 2l,KIBON,2000.0,mL
7891150087057,Caldo Tablete Galinha Knorr Zero Sal Caixa 96g 12 Unidades,TABLETE,96.0,g
7891150087194,Sorvete Morango Com Chantilly Unicórnio Kibon Pote 800ml,MORANGO,800.0,mL
7891150087316,Sorvete Macadâmia Caramelizada Gelartier Pote 473ml,CARA,473.0,mL
7891150087323,Sorvete Morango Com Pedaços Gelartier Pote 473ml,MORANGO,473.0,mL
7891150087606,Granola,mãe terra,400.0,g
7891150087613,Granola Tradicional Zero Açúcar Mãe Terra Pacote 250g,MAE TERRA,250.0,g
7891150087620,Granola Proteica Orgânica Paçoca Mãe Terra Caixa 180g,MAE TERRA,180.0,g
7891150087637,Granola Orgânica Frutas Vermelhas Mãe Terra Caixa 180g,MAE TERRA,180.0,g
7891150087644,Granola Orgânica Lascas De Coco Mãe Terra Caixa 180g,MAE TERRA,180.0,g
7891150087651,Granola Orgânica Frutas Mãe Terra Caixa 180g,MAE TERRA,180.0,g
7891150088627,"Sorvete Cocada Cremosa Kibon Inspirações Pote 1,3l",KIBON,1300.0,mL
7891150088658,"Tempero Pó Para Carnes, Feijão E Arroz Arisco Tempera Mais Pacote 50g 10 Unidades",ARISCO,50.0,g
7891150088665,"Tempero Pó Para Frango, Peixes E Arroz Arisco Tempera Mais Pacote 50g 10 Unidades",ARISCO,50.0,g
7891150088689,Tempero Pó Para Arroz Knorr Pacote 50g 10 Unidades,KNORR,50.0,g
7891150088696,Tempero Pó Para Feijão Knorr Pacote 50g 10 Unidades,KNORR,50.0,g
7891150088702,Tempero Pó Para Frango Knorr Pacote 50g 10 Unidades,KNORR,50.0,g
7891150088719,Tempero Pó Para Carnes Knorr Pacote 50g 10 Unidades,KNORR,50.0,g
7891150089112,Pipoca Pronta Doce Brigadeiro Zero Açúcar Mãe Terra Pacote 35g,MAE TERRA,35.0,g
7891150089129,Pipoca Pronta Doce Orgânica Brigadeiro Mãe Terra Zooreta Pacote 35g,MAE TERRA,35.0,g
7891150089174,Biscoito Cookie Vegano Morango Cobertura Cacau Mãe Terra Choco Pacote 80g,MAE TERRA,80.0,g
7891150089181,Biscoito Maizena Vegano Integral Cobertura Cacau Mãe Terra Choco Pacote 58g,MAE TERRA,58.0,g
7891150089198,Biscoito Vegano Integral Cacau Cobertura Cacau Mãe Terra Choco Pacote 58g,MAE TERRA,58.0,g
7891150089310,Sorvete Chocorango Turma Da Mônica Kibon Pote 800ml,KIBON,800.0,mL
7891150089327,ketchup Hellmans oferta especial 380g,ketchup,380.0,g
7891150089426,Knorr Molho de Alho 150 ml,knorr,150.0,mL
7891150089433,Molho Shoyu Knorr Frasco 150ml,KNORR,150.0,mL
7891150089501,Maionese Light Hellmanns Squeeze 335g,HELLMANNS,335.0,g
7891150090798,Granola Com Castanha De Caju Mãe Terra Pacote 400g,MAE TERRA,400.0,g
7891150090835,Maionese Churrasco Nba Los Angeles Lakers Hellmanns Squeeze 335g,HELLMANNS,335.0,g
7891150094857,zooreta,mãe terra,45.0,g
7891150096462,MAIONESE ALHO SQZ HELLMANNS,HELLMANNS,335.0,g
7891150103412,Supreme Ketchup,Hellmann's,390.0,g
7891150106130,Supreme Mayonesa Sabor Irresistible,Hellmann's,330.0,g
7891151018425,Bola 7 yogurt,,600.0,g
7891151029421,Gomutcho,"Gomutcho, Riclan",936.0,g
7891151030656,Update!,"Riclan,Update!",34.0,g
7891151031141,FREEGELLS gum,FREEGELLS,120.0,g
7891151031165,Freegels Gum - Freegels,,8.0,g
7891151036993,Freegells Gum Tutti-Futti,Riclan,8.0,g
7891151039000,pop mania energy,riclan,816.0,g
7891151039673,Freegells Vit. C,"Freegells,Riclan",27.9,g
7891151039710,Bala Drops Sabor Artificial de Uva Azedinho,"Azedinho, Freegells",27.9,g
7891151039772,Extra Strong Menthol,Riclan,27.9,g
7891151040235,Bola 7 yogurt de pessego,,600.0,g
7891151040327,Pop manía maxxi cereza 48u,Riclan,1344.0,g
7891152223125,Macarrão argola,Fortaleza,500.0,g
7891152321197,Biscoito salgado cream cracker,Fortaleza,400.0,g
7891152340419,Biscoito Recheado Animados Zoo,Richester,130.0,g
7891152341751,animadosZoo,richester,40.0,g
7891152342031,Animados Zoo,Richester,40.0,g
7891152507799,Adorita Tropical,"M. Dias Branco,Adorita",250.0,g
7891152800104,bel campo,,500.0,g
7891152800289,whole wheat toast,FF fortaleza,142.0,g
7891152801378,wafer sabor chocolate Escureto,Escureto,120.0,g
7891152801446,Cream Cracker Legítimo,Fabrica Fortaleza,350.0,g
7891152801583,Biscoito Maria tradicional,,350.0,g
7891152801781,Amori - Amori - Richester,Richester,125.0,g
7891152801798,Biscoito sabor morango,,25.0,g
7891152802153,Macarrão Parafuso,Fábrica Fortaleza,400.0,g
7891152802191,Maizena,Richester,170.0,g
7891156001040,Pack Leite Fermentado Desnatado Yakult Frasco 480g 6 Unidades,YAKULT,480.0,g
7891156002030,Pack Leite Fermentado Desnatado Yakult 40 Frasco 480g 6 Unidades,YAKULT 40,480.0,g
7891156003068,Leite Ferm.yakult Light 6x80gr 40 Bopp,YAKULT,80.0,g
7891156010011,Suplemento Alimentar Líquido Yakult Taffman Ex Frasco 60 Unidades 110ml Cada,YAKULT,110.0,mL
7891156010035,Taff Man Ex,Yakult,660.0,mL
7891156011018,Suplemento Alimentar Líquido Yakult Hiline F Frasco 100ml,HILINE F,100.0,mL
7891156040018,Bebida à Base De Soja Maçã Yakult Tonyu Caixa 200ml,TOHNYU,200.0,mL
7891156044016,Bebida à Base De Soja Morango Yakult Tonyu Caixa 200ml,TOHNYU,200.0,mL
7891156070015,Leite Fermentado Baunilha Yakult Sofyl Pote 110g,SOFYL,110.0,g
7891156072019,Leite Fermentado Morango Yakult Sofyl Pote 110g,SOFYL,110.0,g
7891156075010,Leite Fermentado Uva Verde Yakult Sofyl Pote 110g,SOFYL,110.0,g
7891156076086,"Bebida à Base De Soja Uva Yakult Tonyu Caixa 5,4l 27 Unidades",YAKULT,5400.0,mL
7891156076093,"Bebida à Base De Soja Laranja Yakult Tonyu Caixa 5,4l 27 Unidades",YAKULT,5400.0,mL
7891158106842,Glucerna SR,Abbott,200.0,mL
7891164004248,Linguiça Toscana Aurora,Aurora,800.0,g
7891164004828,Linguiça Calabresa Enroladinha Aurora 700 g,Aurora,700.0,g
7891164005108,Salsicha Hot Dog,Aurora,3000.0,g
7891164005177,apresuntado,aurora,1000.0,g
7891164005412,Salsicha Hot Dog Aurora 500gr,AURORA,500.0,g
7891164005436,Salsicha Hot Dog Aurora 500gr,AURORA,500.0,g
7891164005627,Peperi,nobre,1000.0,g
7891164005771,Apresuntado Aurora Branco Pct 200gr,AURORA,200.0,g
7891164005832,Linguiça Calabresa,AURORA,400.0,g
7891164006303,Salame Tipo Hamburguês Aurora Premium,Aurora,500.0,g
7891164006860,Mortadela de frango,Aurora,400.0,g
7891164014759,Bem leve aurora,BEM LEVE LOMBO SUÍNO,180.0,g
7891164016708,lanche de frango,aurora,1000.0,g
7891164017569,Coxinha da Asa Apimentada Aurora Premium 800g,Aurora,800.0,g
7891164017576,filé de sobrecoxa chimchurri,Aurora premium,800.0,g
7891164019341,FILE PEITO FRANGO AURORA,AURORA,900.0,g
7891164020446,Hambúrguer,Aurora,90.0,g
7891164026424,Pizza Pronta Calabresa Aurora 460 g,"Aurora, Mezzani Alimentos Limitada, Cooperativa Central Aurora Alimentos",460.0,g
7891164026714,Creme de leite,Aurora,200.0,g
7891164026745,Doce de Leite Aurora,Aurora,400.0,g
7891164027315,Leite Desnatado,Aurora,1000.0,mL
7891164027339,Leite UHT Integral Aurora,Aurora,1000.0,mL
7891164027681,Leite em pó integral,Aurora,200.0,g
7891164028237,Leite integral,aurora,1000.0,mL
7891164028626,Bebida láctea coco,Aurora,850.0,g
7891164028695,Bebida láctea fermentada morango,Aurora,850.0,g
7891164035105,Filé de tilápia congelado,Aurora,800.0,g
7891164110017,Nuggets Auroggets 300gr Aurora,AURORA,300.0,g
7891164110048,Auroggets Crocante Nuggets de Frango,Aurora,300.0,g
7891164110628,Auroggets Crocante Aurora 900g,aurora,900.0,g
7891164110697,Auroggets Tradicional Aurora,Aurora,275.0,g
7891164113018,Empanado de Carne de Peito Aurora,Aurora,100.0,g
7891164116835,Bem leve,Aurora,180.0,g
7891164135454,Linguiça toscana,Nobre,700.0,g
7891164135515,Nuggets Tradicional Nobrinhos,"Nobre,Nobrinhos",800.0,g
7891167000001,Azeite de oliva,Gomes da costa,500.0,mL
7891167011120,Sardinha em Óleo GOMES DA COSTA,GOMES DA COSTA,125.0,g
7891167011229,GOMES DA COSTA Filés de Sardinha em Molho de Tomate,GOMES DA COSTA,125.0,g
7891167011663,Atum em Pedaços GOMES COSTA,GOMES COSTA,120.0,g
7891167011694,Atum Ralado ao Natural Gomes da Costa,Gomes da Costa,120.0,g
7891167011717,Atum Em Pedaços Em óleo Gomes Da Costa Lata 120g,Gomes da Costa,120.0,g
7891167011724,Atum em Pedaços ao Natural,Gomes da Costa,120.0,g
7891167011731,Atum Sólido em Óleo,Gomes da Costa,170.0,g
7891167011748,Atum Ralado em Óleo,Gomes da Costa,170.0,g
7891167011755,Atum Sólido Ao Natural Gomes Da Costa Lata 120g,Gomes da Costa,120.0,g
7891167011779,Atum Ralado Ao Natural,Gomes da Costa,170.0,g
7891167011786,Atum Sólido Ao Natural Gomes Da Costa Caixa 120g,GOMES DA COSTA,120.0,g
7891167011847,Patê de Atum,Gomes da Costa,150.0,g
7891167011854,Patê De Atum Light Gomes Da Costa Lata 150g,GOMES DA COSTA,150.0,g
7891167011861,Patê De Atum Com Azeitonas Gomes Da Costa Lata 150g,GOMES DA COSTA,150.0,g
7891167011953,Atum Ralado Ao Molho De Tomate Gomes Da Costa Lata 140g,GOMES DA COSTA,140.0,g
7891167011960,Atún Rallado Picante Gomes da Costa,Gomes da Costa,140.0,g
7891167012011,Atum sólido em óleo sabor defumado,Gomes da Costa,170.0,g
7891167012059,Atum Sólido Em óleo Gomes Da Costa Baixo Teor De Sódio Caixa 120g,GOMES DA COSTA,120.0,g
7891167012073,Atum Sólido Em Azeite De Oliva Gomes Da Costa Caixa 120g,GOMES DA COSTA,120.0,g
7891167012103,Atum Ralado Em óleo Defumado Gomes Da Costa Lata 130g,GOMES DA COSTA,130.0,g
7891167014015,"Salada Com Atum, Batata, Maionese, Azeitonas E Salsinha Gomes Da Costa Lata 165g",GOMES DA COSTA,165.0,g
7891167014022,"Salada Com Atum, Batata, Ervilha E Cenoura Gomes Da Costa Lata 145g",GOMES DA COSTA,145.0,g
7891167014039,"Salada Com Atum, Batata Doce E Azeite Gomes Da Costa Lata 140g",GOMES DA COSTA,140.0,g
7891167015012,Patê De Atum Defumado Gomes Da Costa Lata 150g,GOMES DA COSTA,150.0,g
7891167015029,Patê De Atum Picante Gomes Da Costa Lata 150g,GOMES DA COSTA,150.0,g
7891167015128,Sardinhas com Óleo,Gomes,125.0,g
7891167020887,Sardinha 88 em Óleo Comestível,88,125.0,g
7891167021013,Sardinhas com óleo - peso drenado 75 g,Gomes da Costa,125.0,g
78911670210136,Sardinhas em Óleo Gomes da Costa,Gomes da Costa,250.0,g
7891167021020,SARDINHAS C/MOLHO DE TOMATE GDC,GOMES DA COSTA,125.0,g
7891167021037,Sardinhas sabor limão,Gomes da Costa,125.0,g
7891167021075,Sardinha Ao Molho De Tomate Picante Gomes Da Costa Lata,GOMES DA COSTA,125.0,g
7891167021082,Sardinha Com Ervas Gomes Da Costa Lata 84g,GOMES DA COSTA,84.0,g
7891167021105,Sardinha em óleo sabor defumado,Gomes da costa,125.0,g
7891167021402,Sardinha Ralada com Molho de Tomate Gomes da Costa,,110.0,g
7891167022010,Filé De Sardinha Com óleo Gomes Da Costa Caixa 85g,GOMES DA COSTA,85.0,g
7891167022027,Filé De Sardinha Com óleo Com Pimenta Gomes Da Costa Caixa 85g,GOMES DA COSTA,85.0,g
7891167022034,Filé De Sardinha Com Molho De Tomate Gomes Da Costa Caixa 85g,GOMES DA COSTA,85.0,g
7891167022041,Filé De Sardinha Com óleo Com Limão Gomes Da Costa Caixa 85g,GOMES DA COSTA,85.0,g
7891167022058,Filé De Atum Em Pedaços Em Azeite De Oliva Gomes Da Costa Caixa 84g,GOMES DA COSTA,84.0,g
7891167022065,Filé De Atum Em Pedaços Em Azeite De Oliva Com Alho Gomes Da Costa Caixa 84g,GOMES DA COSTA,84.0,g
7891167023017,Sardinha Com óleo 88 Lata 84g,88,125.0,g
7891167023024,Sardinha Com Molho De Tomate 88 Lata,88,125.0,g
7891167029903,Sardinhas Sabor Limão,Gomes,125.0,g
7891167031647,Filés de Sardinha em óleo Gomes da Costa - sem pele e sem espinhas,Gomes da Costa,125.0,g
7891167036871,Sardinhas com Óleo,Gomes da Costa,250.0,g
7891167036888,Sardinha Com Molho De Tomate Gomes Da Costa Lata 165g Embalagem Econômica,GOMES DA COSTA,165.0,g
7891167040410,Atum Ralado Natural 88,88,105.0,g
7891167099685,Sardinha ralada em molho de tomate,"88, GDC Alimentos",110.0,g
7891167831117,Lomos De Atún En Aceite,Gomes da Costa,170.0,g
7891167831179,Lomos de Atún Claro,Gomes da costa,170.0,g
7891167831667,Pate De Atum Com Azeitonas,Gomes Da Costa,170.0,g
7891167831698,Files de Atum,Gomes da Costa,125.0,g
7891168100014,tostine maisena,Nestlé,200.0,g
7891168100083,Tostines Cream Cracker,Tostines,200.0,g
7891176117349,Sabonete Francis Lírio,,85.0,g
7891176117455,Sabonete Francis Erva Doce,,85.0,g
7891176117462,Sabonete Francis,,85.0,g
7891176117486,Sabonete Francis Gardênia,,85.0,g
7891180383297,Zapallo,Mercado Silvestre,250.0,g
7891182820028,Esmalte Renda Risqué,,8.0,mL
7891193006435,Panettone Com Frutas Cristalizadas E Uvas Passas Seven Boys Caixa 400g,SEVEN BOYS,400.0,g
7891193006442,Panettone Com Gotas De Chocolate Seven Boys Caixa 400g,SEVEN BOYS,400.0,g
7891193006473,Panettone Churros Com Gotas De Chocolate Seven Boys Caixa 400g,SEVEN BOYS,400.0,g
7891193006480,Panettone Com Gotas De Chocolate Recheio Trufado De Chocolate Seven Boys Caixa 400g,SEVEN BOYS,400.0,g
7891193006817,Bolinho Baunilha Recheio Doce De Leite Seven Boys Adoleta Pacote 70g 2 Unidades,SEVEN BOYS,70.0,g
7891193006824,Bolinho Chocolate Recheio Baunilha Seven Boys Adoleta Pacote 35g 2 Unidades,SEVEN BOYS,35.0,g
7891193006909,Pão Sovado Seven Boys Casa De Vó Pacote 500g,SEVEN BOYS,500.0,g
7891193006961,Bolo Laranja Seven Boys Casa De Vó Pacote 280g,SEVEN BOYS,280.0,g
7891193006978,Bolo Chocolate Seven Boys Casa De Vó Pacote 280g,SEVEN BOYS,280.0,g
7891193006985,Bolo Milho Seven Boys Casa De Vó Pacote 280g,SEVEN BOYS,280.0,g
7891193006992,Bolinho Baunilha Com Gotas De Chocolate Seven Boys Pacote 35g,SEVEN BOYS,35.0,g
7891193007005,Bolinho Chocolate Recheio Chocolate Seven Boys Pacote 35g,SEVEN BOYS,35.0,g
7891193007265,Bolo Baunilha Com Gotas De Chocolate Seven Boys Pacote 250g,SEVEN BOYS,250.0,g
7891193007340,Bolinho Mescladinho Seven Boys Pacote 30g,SEVEN BOYS,30.0,g
7891193010012,Bisnaguinhas Seven Boys,Seven Boys,300.0,g
7891193010074,Pão de Sanduíche Forma,Marilan,450.0,g
7891193010081,Pão De Leite Seven Boys Pacote 450g,SEVEN BOYS,450.0,g
7891193010180,Benefice 7 grãos pão com 7 grãos,seven boys,400.0,g
7891193010203,Pão De Sanduíche Manteiga Seven Boys Pacote 450g,SEVEN BOYS,450.0,g
7891193010302,Pão De Sanduíche Integral Seven Boys Pacote 450g,SEVEN BOYS,450.0,g
7891193012030,Pão de Fôrma Integral com Castanha e Nozes - Seven Boys - 500g,Seven Boys,500.0,g
7891193012054,Pão Milho Seven Boys Casa De Vó Pacote 500g,SEVEN BOYS,500.0,g
7891193020363,Bolo Chocolate Seven Boys Pacote 250g,SEVEN BOYS,250.0,g
7891193020370,Bolo Formigueiro Laranja Com Coco Ralado Seven Boys Pacote 250g,SEVEN BOYS,250.0,g
7891193020394,Bolo Coco Seven Boys Pacote 250g,SEVEN BOYS,250.0,g
7891193020400,Bolo Laranja Seven Boys Pacote 250g,SEVEN BOYS,250.0,g
7891193030140,Biscoito Sequilho Tradicional Seven Boys Casa De Vó Pacote 400g,SEVEN BOYS,400.0,g
7891193049203,Bolinho Laranja Seven Boys Pacote 30g,SEVEN BOYS,30.0,g
7891193049210,Bolinho Chocolate Seven Boys Pacote 30g,SEVEN BOYS,30.0,g
7891203010056,Pão De Forma Panco Premium Pacote 500g,PANCO,500.0,g
7891203010209,Pão Caseiro Milho Panco Pacote 500g,PANCO,500.0,g
7891203010308,Pão Caseiro Coco Panco Pacote 350g,PANCO,350.0,g
7891203010506,Pão Sovado Panco Pacote 500g,PANCO,500.0,g
7891203010568,Pãezinhos Panco Egg Sponge Pacote 250g,PANCO,250.0,g
7891203010605,Bisnaguinhas Originais,Panco,300.0,g
7891203020260,Pão de Mel,Panco,200.0,g
7891203021106,Rosquinha Coco Panco R,PANCO,500.0,g
7891203021601,deliciosos salgados,Panco,500.0,g
7891203021700,Corn-Drop,Panco,500.0,g
7891203050748,Pão Sovado Tica,Tica,500.0,g
7891203050915,Pão De Forma Panco Júnior Premium Pacote 350g,PANCO,350.0,g
7891203055200,Bolinho Laranja Panco Bebezinho Pacote 70g 2 Unidades,PANCO,70.0,g
7891203055248,Bolinho Baunilha Recheio Morango Panco Bebezinho Pacote 70g 2 Unidades,PANCO,70.0,g
7891203055262,Bolinho Baunilha Recheio Chocolate Panco Bebezinho Pacote 70g 2 Unidades,PANCO,70.0,g
7891203055279,Bolo Baunilha Recheio Chocolate Panco Bebezinho Pacote 210g 6 Unidades,PANCO,210.0,g
7891203056627,Minibolo Baunilha Recheio Creme De Baunilha Panco Panquinho Pacote 70g 2 Unidades,PANCO,70.0,g
7891203057778,Minibolo Chocolate Recheio Chocolate Panco Panquinho Pacote 70g 2 Unidades,PANCO,70.0,g
7891203058041,Minibolo Baunilha Recheio Morango Panco Panquinho Pacote 70g 2 Unidades,PANCO,70.0,g
7891203058058,Bolo Panquinho Doce De Leite 70g,PANCO,70.0,g
7891203058140,Maisena Sabor Chocolate,Panco,200.0,g
7891203058171,Biscoito Maisena,,400.0,g
7891203058225,Biscoito de Leite,Panco,400.0,g
7891203058263,Panco Integral Light,Panco,380.0,g
7891203058331,Panetone PANCO Gotas de Chocolate 400g,PANCO,400.0,g
7891203058638,Pão De Páscoa Frutas Panco Caixa 500g,PANCO,500.0,g
7891203058881,Pão Integral ômega 3 Panco Pacote 380g,PANCO,380.0,g
7891203059314,Bolo Laranja Panco Pacote 300g,PANCO,300.0,g
7891203059321,Bolo Abacaxi Panco Pacote 300g,HUB2B,300.0,g
7891203059338,Bolo Coco Panco Pacote 300g,PANCO,300.0,g
7891203059345,Bolo Mesclado Chocoboy Panco Pacote 300g,PANCO,300.0,g
7891203059352,Bolo Chocolate Panco Pacote 300g,PANCO,300.0,g
7891203059475,Bolinho Chocolate Suíço Panco Bebezinho Pacote 70g,PANCO,70.0,g
7891203059482,Bolo De Milho Panco 300g,PANCO,300.0,g
7891203059765,Pão De Páscoa Com Gotas De Chocolate Panco Caixa 500g,PANCO,500.0,g
7891203059895,Panettone Recheio Brigadeiro Panco Caixa 550g,PANCO,550.0,g
7891203059918,Panettone Recheio Trufado Chocolate Meio Amargo Panco Caixa 550g,PANCO,550.0,g
7891203060907,Pão De Páscoa Recheio Brigadeiro Panco Caixa 570g,PANCO,570.0,g
7891203061324,Pão de forma Artesanale Cacau e mel,Panco,350.0,g
7891203061621,Bisnaguinhas Enfeitiçadas,Panco,250.0,g
7891203063311,Pão de forma integral,Panco,500.0,g
7891203063335,Pão Integral Zero Açúcar Panco Pacote 380g,PANCO,380.0,g
7891203063434,Bolinhos Sabor Chocolate com Recheio Sabor Chocolate tipo Suíço,Panco,210.0,g
7891203063526,Panettone Com Frutas Cristalizadas E Uvas Passas Panco Caixa 400g,PANCO,400.0,g
7891203063533,Panettone Com Gotas De Chocolate Ao Leite Panco Caixa 400g,PANCO,400.0,g
7891203067876,Panettone Com Frutas Cristalizadas E Uvas Passas Sem Adição De Açúcar Panco Caixa 400g,PANCO,400.0,g
7891203068019,Pão Brioche Trançado Tradicional Panco Pacote 250g,PANCO,250.0,g
7891203068026,Pão Brioche Trançado Integral Panco Pacote 250g,INTEGRAL,250.0,g
7891203068033,Pão Brioche Trançado Chocolate Com Gotas De Chocolate Panco Pacote 250g,PANCO,250.0,g
7891203068064,Panettone Recheio Banoffee Panco Caixa 550g,PANCO,550.0,g
7891203068071,Bolo Baunilha Recheio Chocolate Panco Bebezinho Pacote 35g,PANCO,35.0,g
7891203068088,Bolo Baunilha Recheio Morango Panco Bebezinho Pacote 35g,PANCO,35.0,g
7891203068095,bebezinho 35g chocolate,PANCO,35.0,g
7891203068200,Pão Australiano Integral Cacau E Mel Panco Pacote 380g,PANCO,380.0,g
7891203068217,Pão Integral Azeite E Ervas Panco Pacote 380g,PANCO,380.0,g
7891203068293,Panettone Recheio Cheesecake De Morango Panco Caixa 550g,MORANGO,550.0,g
7891203068323,Panco Panettone Tiramissu,Panco,550.0,g
7891203068408,"Pão Integral Maçã, Quinoa E Castanha Panco Vida Pacote 350g",PANCO,350.0,g
7891203068415,"Pão Integral Banana, Aveia, Castanha E Mel Panco Vida Pacote 350g",PANCO,350.0,g
7891203068422,"Pão Integral Abacaxi, Hortelã, Couve E Chia Panco Vida Pacote 380g",PANCO,380.0,g
7891203068507,Pãezinhos Panco Veg Sponge Pacote 250g,PANCO,250.0,g
78912274,Sobremesa Láctea Flan Calda Caramelo Batavo Bandeja 200g 2 Unidades,BATAVO,200.0,g
78912298,Sobremesa Láctea Flan Calda Frutas Vermelhas Batavo Bandeja 200g 2 Unidades,BATAVO,200.0,g
7891234000187,Molho De Pimenta Knorr Vidro 150ml,KNORR,150.0,mL
7891234001436,Molho de Mostarda,Hellmann's,200.0,g
78912359,Baton Ao Leite,"Garoto,Baton",16.0,g
78912366,Baton Branco,"Garoto,Baton",16.0,g
78912717,Baton chocolate Negro,Garoto,16.0,g
78912908,Refrigerante Coca Cola Garrafa 250ml,COCA-COLA,250.0,mL
7891300900359,Molho De Tomate Clássico Salsaretti Gourmet Vidro 500g,SALSARETTI,500.0,g
7891300900366,Molho De Tomate Basílico Salsaretti Gourmet Vidro 500g,SALSARETTI,500.0,g
7891300900373,Molho De Tomate Oliva Salsaretti Gourmet Vidro 500g,SALSARETTI,500.0,g
7891300902056,Extracto de Tomate,Cajamar,140.0,g
7891300908676,Molho De Tomate Tradicional Salsaretti Sachê 340g,SALSARETTI,340.0,g
7891300909819,Mostarda Amarela Etti Squeeze 190g,ETTI,190.0,g
7891330006540,Amor Carioca Branco,,200.0,g
7891330010400,Chocolate ao leite Neugebauer,Neugebauer,80.0,g
7891330011728,Mix ao leite & branco,bib's,120.0,g
7891330012725,Stikadinho,Neugebauer,70.0,g
7891330013753,Neugebauer chocolate meio amargo 40%,Neugebauer,80.0,g
7891330015139,amendoim,bib's,40.0,g
7891330015177,Bib's Passas,Bib's,40.0,g
7891330016068,Amor Carioca 200g,Neugebauer,200.0,g
7891330016129,1981 Orange,,90.0,g
7891330016426,Chocolate tropical 1891,Neugebauer Co.,90.0,g
7891330017096,Neugebawer Hits,Neugebawer,200.0,g
7891330017355,Dark Chocolatey Bar,Neugebauer,90.0,g
7891330017959,Barra de Chocolate Meio Amargo e Branco,Neugebauer,90.0,g
7891330018178,TABLETE 1891 AVELA 55 90G NEUGEBAUER,Neugebauer Co.,90.0,g
7891330018833,Chocolate meio amargo 55% cacau,neugebauer,90.0,g
7891330019144,neugebauer amendoim,amendoim,55.0,g
7891330019168,neugebauer preto e branco,neugebauer,65.0,g
7891330019342,Chocolate Branco Neugebauer 80 g,Neugebauer,80.0,g
7891330019373,Chocolate com amendoim - Neugebauer - Neugebauer - Neugebauer,Neugebauer,80.0,g
7891330019571,Chocolate ao leite Supreme 1891,Neugebauer Co.,90.0,g
7891330019991,Chocolate con maní,Neugebauer,80.0,g
7891330020010,Neugebauer preto e branco,"Neugebauer Co.,Neugebauer",80.0,g
7891331008178,barra de cereal sabor de chocolate cacau 3 cereais,Nutry,22.0,g
7891331010508,"Barra de cereal sabor aveia, banana e mel",Nutry,22.0,g
7891331010522,Barra de Cereal Morango com Chocolate,Nutry,22.0,g
7891331010546,BARRA NUTRY AVELA C/CHOC C/3 66G,NUTRY,66.0,g
7891331014100,BARRA FRUTA NUTRY COCO C/3 57G,NUTRY,57.0,g
7891331015039,BARRA NUTS ORIGINAL 60G NUTRY,NUTRY,60.0,g
7891331015343,nutribom riz,nutribom,350.0,g
7891331015428,Nutribom Miel & blé,Nutrimental,230.0,g
7891331015435,nutribom miel et blé,nutribom,350.0,g
7891331015602,nutrilac,nutrilac,400.0,g
7891331015657,Pack Barra De Nuts Açaí Nutry Caixa 60g 2 Unidades,BARRA,60.0,g
7891331018153,Nutrilon Banana e Maçã,,180.0,g
7891331018191,Nutrilon Aveia e Arroz,,180.0,g
7891331018207,Nutrilon,,180.0,g
7891331018214,Mingau de Aveia e Arroz,Nutribom,600.0,g
7891331850456,Nutribom,Nutrimental,300.0,g
7891340302113,Wafer de Chocolate,Itamaraty,110.0,g
7891340302212,Wafer Morango,Itamaraty,110.0,g
7891340302618,Wafer Floresta Negra,Itamaraty,110.0,g
7891340303233,Look Chocolate,,55.0,g
7891340303332,Biscoito Wafer Morango 55g,Itamaraty,55.0,g
7891340365132,Rosquinha banana e canela 310g,,310.0,g
7891340365347,Stick Wafer Brigadeiro Look 23G,Look,23.0,g
7891340365361,Brigadeiro,Atrevidos,110.0,g
7891340365378,Napolitano,Atrevidos,110.0,g
7891340365439,Spantooo Chocolate,Itamaraty,30.0,g
78913769,Bombom Wafer Lacta Ouro Branco Pacote 1kg,LACTA,1000.0,g
78914285,Yakult 40 Leite Fermentado Desnatado Adoçado,Yakult,80.0,g
7891515008307,Linguiça Toscana Perdigão Na Brasa 1kg,PERDIX,1000.0,g
7891515014520,Linguiça De Pernil Perdigão Na Brasa 1kg,PERDIX,1000.0,g
7891515194864,Moela Perdigão,,1000.0,g
7891515220358,Presunto Perdigão,"Perdigão,BRF",3358.0,g
7891515220983,salsicha hot dog,Perdigão,5000.0,g
7891515323677,Hambúrguer De Frango Perdigão Caixa 672g 12 Unidades,PERDIX,672.0,g
7891515323691,Hambúrguer De Carne De Frango E Bovina Perdigão Caixa 672g 12 Unidades,PERDIX,672.0,g
7891515408312,Mortadela,Perdigão,1000.0,g
7891515410315,Claybom Cremosa com Sal - Margarina 50% de Gordura,Perdigão,1000.0,g
7891515411213,Iogurte Grego Tradicional Vigor,Vigor,90.0,g
7891515418410,Bebida Láctea Fermentada com Preparado de Jabuticada,"Batavo, Lactalis",180.0,g
7891515423117,Empanado De Frango Tradicional Minions Perdigão Mini Chicken Pacote 300g,PERDIGAO,300.0,g
7891515429966,Mortadela De Frango Perdigão 400g,PERDIGAO,400.0,g
7891515430122,Filezinho Perdigão,,800.0,g
7891515430139,Coxinhas das Asas Perdigão,,800.0,g
7891515430153,Mortadela,PERDIGAO,400.0,g
7891515431587,Mortadela defumada,Sasia,200.0,g
7891515432072,Linguiça de Carne Suína Sadia,,900.0,g
7891515432089,Mortadela De Frango Sadia 400g,SADIA,400.0,g
7891515432652,Presunto Cozido Fatiado Sadia Soltíssimo 200g,SADIA,200.0,g
7891515432867,Beef burger,Sadia,224.0,g
7891515433703,Peito De Peru Fatiado Defumado Sadia Soltíssimo 200g,SADIA,200.0,g
7891515434311,Mortadela defumada fatiada,PERDIGAO,200.0,g
7891515434342,Sadia Chicken Nuggets 400g,sadia,400.0,g
7891515435134,Apresuntado Perdigão,,200.0,g
7891515435615,Blanquet De Peru Fatiado Sadia 150g,SADIA,150.0,g
7891515436254,Chicken Breast Nuggets &quot;Traditional Taste&quot;,Sadia,300.0,g
7891515437015,Salamitos Sadia,Sadia,36.0,g
7891515438715,Iscas de Frango Picante,Sadia,300.0,g
7891515439118,Empanado De Frango Em Iscas Sadia Pacote 300g,SADIA,300.0,g
7891515443221,Frango à Parmegiana Com Arroz E Batata Palha Sadia Pacote,SADIA,350.0,g
7891515443238,Prato Frango Assado   Arroz   Purê de Batata,Sadia,350.0,g
7891515465520,Frozen Chicken Half Breasts Boneless Skinless (Grade A),Sadia,450.0,g
7891515471590,Salame Defumado Perdigão,,17.0,g
7891515472412,Nuggets chicken,Sadia 400g,400.0,g
7891515472757,Coxinha Da Asa De Frango Congelada Temperada Perdigão Assa Fácil 1kg Tamanho Família,PERDIGAO,1000.0,g
7891515472764,"Coxa De Frango Congelada Temperada Perdigão Assa Fácil 1,2kg Tamanho Família",PERDIGAO,1200.0,g
7891515472771,Assa Fácil Sobrecoxas Perdigão,,1200.0,g
7891515474126,Steak Perdigão,Perdigão,100.0,g
7891515474133,Empanado De Frango Steak Recheio Presunto De Peru E Queijo Perdigão Dia A Dia Pacote 100g,PERDIGAO,100.0,g
7891515474157,Rebozado de pollo,Sadia,100.0,g
7891515474522,Mini Chicken Tradicional Perdigão,,275.0,g
7891515475642,Lasanha Frango Sadia Pacote 600g,SADIA,600.0,g
7891515475680,Lasanha Quatro Queijos Sadia Pacote 600g,SADIA,600.0,g
7891515475697,Lasanha Presunto E Queijo Ao Sugo Sadia Pacote 600g,SADIA,600.0,g
7891515475703,Lasanha Bolonhesa Sadia Pacote 600g,Sadia,600.0,g
7891515476137,Golden -CHICKEN-,Sadia,300.0,g
7891515476144,Golden Chicken,Sadia,300.0,g
7891515476212,Lasanha Peito De Peru Sadia Pacote 600g,SADIA,600.0,g
7891515476229,Lasanha Calabresa Sadia Pacote 600g,SADIA,600.0,g
7891515478360,Empanado De Frango Legumes Sadia Nuggets Pacote 275g,SADIA,275.0,g
7891515479527,Salamitos Sadia Sweet Chilli 36gr,SADIA,36.0,g
7891515479541,Salamitos,Sadia,36.0,g
7891515479558,Salame Pepperônico Sadia Salamitos 36g,Sadia,36.0,g
7891515482251,Lasagna A La Bolognesa,Sadia,600.0,g
7891515484040,Presunto Cozido Fatiado,PERDIGAO,200.0,g
7891515485115,Linguiça Toscana Com Alho E Ervas Perdigão Na Brasa 600g,PERDIGAO,600.0,g
7891515485122,Linguiça De Frango Com Bacon Perdigão Na Brasa 600g,PERDIGAO,600.0,g
7891515485139,Linguiça Toscana Com Queijo Coalho Perdigão Na Brasa 600g,PERDIGAO,600.0,g
7891515485146,Linguiça com Pimenta Biquinho na Brasa Perdigão,,600.0,g
7891515485528,Empanado De Frango Tradicional Perdigão Mini Chicken Pacote 275g,PERDIGAO,275.0,g
7891515485535,Empanado De Frango Queijo Perdigão Mini Chicken Pacote 275g,PERDIGAO,275.0,g
7891515485719,Lasanha de Massa Verde à Bolonhesa,Sadia,600.0,g
7891515486372,Coxinha Da Asa De Frango Temperada Molho Mostarda Perdigão Na Brasa 800g,PERDIGAO,800.0,g
7891515486389,Sobrecoxa De Frango Congelada Temperada Molho Chimichurri Perdigão Na Brasa 800g,PERDIGAO,800.0,g
7891515486747,Filé De Peito De Frango Congelado Temperado Sem Pele Sem Osso Sadia 1kg,SADIA,1000.0,g
7891515486846,Empanado De Frango Tradicional Sadia Nuggets Pacote 700g Embalagem Econômica,SADIA,700.0,g
7891515488215,Sobrecoxa De Frango Congelada Temperada Com Legumes Sadia Frango Fácil 800g,SADIA,800.0,g
7891515489922,Frozen Chicken Franks,Perdix,340.0,g
7891515490218,Salame Defumado Perdigão 100g,PERDIGAO,100.0,g
7891515490430,Lasanha de linguiça tipo calabresa congelada,Perdigão,600.0,g
7891515492229,Strogonoff Frango Com Arroz E Batata Sadia Pacote 350g,SADIA,350.0,g
7891515492816,Qualy,Sadia,250.0,g
7891515492939,Pão De Queijo Congelado Tradicional Perdigão Tá Na Mão Pacote 375g,PERDIGAO,375.0,g
7891515493042,ling de frango sadia PCT,Sadia,800.0,g
7891515496234,Lasanha Frango Com Bacon Perdigão Pacote 600g,Perdigão,600.0,g
7891515496241,Lasanha Bolonhesa Perdigão Pacote 1kg Tamanho Família,PERDIGAO,1000.0,g
7891515496357,Lasanha Bolonhesa,PERDIGAO,600.0,g
7891515503659,Filezinho Sassami De Frango Congelado Perdigão Pacote 1kg,PERDIGAO,1000.0,g
7891515508388,Empanado De Frango Tradicional Perdigão Tá Na Mão Pacote 300g,PERDIGAO,300.0,g
7891515515317,Coxinha das Asas (Drumette) Bio Sadia,Sadia,1000.0,g
7891515515324,Filezinho (Sassami) Bio,Sadia,1000.0,g
7891515515348,Filé de Peito Bio Sadia,Sadia,1000.0,g
7891515517786,Tirinhas Perdigão,,1000.0,g
7891515517854,Tirinhas Perdigão,Sadia,300.0,g
7891515520625,Margarina Com Sal Qualy Vita Pote 250g,QUALY,250.0,g
7891515520632,Margarina Com Sal Qualy Vita Pote 500g,Qualy,500.0,g
7891515520649,Margarina Sem Sal Qualy Vita Pote 250g,QUALY,250.0,g
7891515520656,Margarina Sem Sal Qualy Vita Pote 500g,QUALY,500.0,g
7891515521400,Peito De Frango Congelado Em Tiras Sem Pele Sem Osso Sadia Na Receita 400g,SADIA,400.0,g
7891515522377,Peito De Frango Cozido Em Cubos Congelado Sadia Na Receita 400g,SADIA,400.0,g
7891515522384,Frango em Tiras na Receita Sadia,Sadia,400.0,g
7891515524630,Linguiça Tipo Portuguesa Sadia,Sadia,400.0,g
7891515525729,Linguiça Paio Sadia,Sadia,370.0,g
7891515531157,Filé de Peito (Em bifes) Marinados Sadia,Sadia,1000.0,g
7891515531676,Salame Pepperoni Fatiado Sadia 100g,SADIA,100.0,g
7891515532918,Pizza Brasileira Perdigão Caixa 460g,PERDIGAO,460.0,g
7891515532925,Pizza Napolitana Perdigão Caixa 460g,PERDIGAO,460.0,g
7891515533014,Pizza Congelada de Calabresa Moída Perdigão,"Perdigão,BRF,Brasil Foods",460.0,g
7891515534011,Presunto Cru Fatiado Sadia Speciale 80g,SADIA,80.0,g
7891515534110,Coxinhas das Asas Empanadas Sadia,Sadia,400.0,g
7891515534714,Salame Italiano Fatiado Com Borda Temperada Pimenta Preta Sadia Speciale 100g,SADIA,100.0,g
7891515535179,Macn Cheese Cheddar Calabresa Sadia Hot Bowls Pote 350g,SADIA,350.0,g
7891515535186,Mac'n Cheese Cheddar & Bacon,Sadia,350.0,g
7891515535193,Mac'n Cheese Cheddar,Sadia,350.0,g
7891515535209,Penne Com Minialmôndegas Perdigão Meu Menu Pacote 600g,PERDIGAO,600.0,g
7891515535568,coxinhas das asas,Sadia,2000.0,g
7891515536015,Fusilli Com Tiras De Frango Perdigão Meu Menu Pacote 600g,PERDIGAO,600.0,g
7891515537531,Margarina Cremosa Com Sal,QUALY,250.0,g
7891515538125,ZINGS Chicken Strips,Sadia,500.0,g
7891515539153,Mortadela Com Azeitona Perdigão Ouro 200g,PERDIGAO,200.0,g
7891515539177,Mortadela Com Ervas Finas Perdigão Ouro 200g,PERDIGAO,200.0,g
7891515544041,Mini Chicken Tradicional Perdigão,Perdigão,1000.0,g
7891515544690,Hambúrguer De Frango Com Pepperoni Sadia Speciale Caixa 300g 2 Unidades,SADIA,300.0,g
7891515544706,Hambúrguer De Carne Bovina Com Queijo Sadia Speciale Caixa 350g 2 Unidades,SADIA,350.0,g
7891515544928,Nuggets Vegetal Sadia Veg Tal Bandeja 200g,SADIA,200.0,g
7891515545321,Hambúrguer De Frango Lemon Pepper Sadia Speciale Caixa 300g 2 Unidades,SADIA,300.0,g
7891515545413,Torta de Massa Integral de Iorgute Brócolis com Requeijão VEG&TAL Sadia,Sadia,500.0,g
7891515546335,"Batata Pré Frita Palito Congelada Sadia Pacote 1,05kg",SADIA,1050.0,g
7891515546410,breaded chicken golden steak ستيك الدجاج الذهبي,Sadia,100.0,g
7891515546519,Batata Pré Frita Palito Congelada Sadia Pacote 400g,SADIA,400.0,g
7891515546847,Bacon Em Fatias Perdigão 250g,PERDIGAO,250.0,g
7891515547226,"Batata Pré Frita Rústica Congelada Sadia Pacote 1,05kg",SADIA,1050.0,g
7891515547240,"Batata Pré Frita Canoa Congelada Sadia Pacote 1,05kg",SADIA,1050.0,g
7891515547554,Batata Palito Tradicional,Sadia,2000.0,g
7891515547974,Peito De Frango Cozido Desfiado Congelado Sadia Na Receita 400g,Sadia,400.0,g
7891515548872,Margarina Manteiga Com Sal Claybom Pote 250g,CLAYBOM,250.0,g
7891515548889,Margarina Manteiga Com Sal Claybom Pote 500g,CLAYBOM,500.0,g
7891515549398,Coxas e Sobrecoxas Desossadas Na Brasa Perdigão,,800.0,g
7891515549527,Salame Sweet Chilli Sadia Salamitos 36g,SADIA,36.0,g
7891515551223,Brócolis Congelado Sadia Veg Tal Pacote 300g,SADIA,300.0,g
7891515551230,Brócolis Congelado Sadia Veg Tal Pacote 1kg,SADIA,1000.0,g
7891515551346,Ervilha Congelada Sadia Veg Tal Pacote 300g,SADIA,300.0,g
7891515551353,Ervilha Congelada Sadia Veg Tal Pacote 1kg,SADIA,1000.0,g
7891515551360,Couve Flor Congelada Sadia Veg Tal Pacote 1kg,SADIA,1000.0,g
7891515551377,Couve Flor Congelada Sadia Veg Tal Pacote 300g,SADIA,300.0,g
7891515551520,Speciale T-Bone Sadia,Sadia,500.0,g
7891515551551,Mix De Vegetais Congelados Sadia Veg Tal Pacote 300g,SADIA,300.0,g
7891515551568,"Mix De Vegetais Congelados Sadia Veg Tal Pacote 1,05kg",SADIA,1050.0,g
7891515551674,Mixed Vegetables with Corn,Sadia,450.0,g
7891515552565,Frutos Largos,Sadia,1000.0,g
7891515553845,Hambúrguer De Frango Empanado Sadia Pacote 90g,SADIA,90.0,g
7891515553876,Filé De Peito De Frango Congelado Orgânico Sem Pele Sem Osso Sadia 600g,SADIA,600.0,g
7891515554224,Hambúrguer Sadia,Sadia,56.0,g
7891515554316,Hambúrguer De Frango Sadia Pacote 56g,SADIA,56.0,g
7891515554323,Filé De Peito De Frango Congelado Orgânico,Sadia,600.0,g
7891515554347,Sobrecoxa De Frango Congelada Orgânica Sadia 600g,SADIA,600.0,g
7891515554354,Coxinha Da Asa De Frango Congelada Orgânica Sadia 600g,SADIA,600.0,g
7891515555245,Margarina Original Com Sal Becel Pote 250g,BECEL,250.0,g
7891515555252,Margarina Sem Sal,BECEL,500.0,g
7891515555269,Margarina Original Sem Sal Becel Pote 250g,BECEL,250.0,g
7891515555337,Margarina Original Com Sal Becel Pote 500g,BECEL,500.0,g
7891515555344,Margarina Manteiga Com Sal Becel Pote 500g,BECEL,500.0,g
7891515555351,Margarina Manteiga Com Sal Becel Pote 250g,BECEL,250.0,g
7891515555641,Pizza Brasileira Perdigão Caixa 460g,BRASIL,460.0,g
7891515555917,Pizza Calabresa Moída Perdigão Caixa 460g,,460.0,g
7891515555924,Pizza Napolitana Perdigão Caixa 460g,,460.0,g
7891515556327,Sanduíche Congelado X Cheddar Cremoso Sadia Hot Pocket Pacote 145g,SADIA,145.0,g
7891515556334,Sanduíche Congelado X Burguer Maionese Grill Sadia Hot Pocket Pacote 145g,SADIA,145.0,g
7891515556341,Sanduíche Congelado X Burguer Barbecue Sadia Hot Pocket Pacote 145g,SADIA,145.0,g
7891515557317,Manteiga Extra Com Sal Qualy Pote 200g,QUALY,200.0,g
7891515557416,Manteiga Extra Sem Sal Qualy Pote 200g,QUALY,200.0,g
7891515557423,Manteiga Extra Com Sal Qualy Pote 500g,QUALY,500.0,g
7891515557430,Manteiga Extra Com Sal Qualy 200g,QUALY,200.0,g
7891515557447,Manteiga Extra Sem Sal Qualy 200g,QUALY,200.0,g
7891515557454,Requeijão Cremoso Com Queijo Tradicional Qualy Copo 200g,QUALY,200.0,g
7891515557461,Requeijão Cremoso Com Queijo Light Qualy Copo 200g,QUALY,200.0,g
7891515558345,Mixed molokhia,,400.0,g
7891515558611,Copa Lombo Suína Em Bifes Congelada Sem Osso Sadia 800g,SADIA,800.0,g
7891515558628,Lombo Suíno Em Bifes Congelado Sem Osso Sadia 800g,SADIA,800.0,g
7891515558635,Filé Mignon Suíno Em Bifes Congelado Sem Osso Sadia 800g,SADIA,800.0,g
7891515559625,Filé Mignon Suíno Em Tiras Congelado Sem Osso Sadia Na Receita 400g,SADIA,400.0,g
7891515559632,Lombo Suíno Em Cubos Congelado Sem Osso Sadia Na Receita 400g,SADIA,400.0,g
7891515560560,Chicken Shawarma,Sadia,300.0,g
7891515560775,Pão De Queijo Congelado Amanteigado Qualy Pacote 375g,QUALY,375.0,g
7891515560782,Pão De Queijo Congelado Lanche Amanteigado Qualy Pacote 900g,QUALY,900.0,g
7891515561314,Pão De Queijo Congelado Amanteigado Com Presunto Qualy Pacote 375g,QUALY,375.0,g
7891515562236,Creme Vegetal Com Fitoesteróis Becel Pro Activ Pote 250g,BECEL,250.0,g
7891515562625,Coxinha Da Asa E Tulipa De Frango Congelada Apimentada Sadia 400g,TULIPA,400.0,g
7891515562847,Burrito Costelinha Ao Molho Barbecue Sadia Hot Pocket Pacote 112g,POCKET,112.0,g
7891515562854,Empanado De Frango Coxinha Da Asa Apimentada Sadia Pacote 400g,SADIA,400.0,g
7891515564803,Frango Vegetal Em Tiras Sadia Veg Tal Pacote 300g,SADIA,300.0,g
7891515565152,Frango Vegetal Cubos Sadia Veg Tal Pacote 300g,SADIA,300.0,g
7891515566609,Almôndega Vegetal Sadia Veg Tal Caixa 300g 12 Unidades,SADIA,300.0,g
7891515566838,Frango Vegetal Desfiado Sadia Veg Tal Pacote 300g,SADIA,300.0,g
7891515567125,Costela De Carne Suína Com Molho Barbecue Sadia Speciale Caixa 700g,SADIA,700.0,g
7891515567149,Filé De Peito De Frango Com Molho De Mostarda E Mel Sadia Livre Lev Proteína Pacote 120g,SADIA,120.0,g
7891515567156,Picadinho De Carne Bovina Com Vegetais Sadia Livre Lev Proteína Pacote 120g,SADIA,120.0,g
7891515567163,Coxa E Sobrecoxa De Frango Ao Alho E Molho Branco Com Alecrim Sadia Livre Lev Proteína Pacote 120g,ALECRIM,120.0,g
7891515567170,Escalope De Mignon Suíno Ao Molho La Creme Com Cogumelos Sadia Speciale Caixa 700g,SADIA,700.0,g
7891515567347,Ossobuco De Angus Com Molho De Cerveja Preta E Cebola Sadia Speciale Caixa 700g,SADIA,700.0,g
7891515567439,Vegetais Grelhados Sadia Livre Lev Vegetais Pacote 100g,SADIA,100.0,g
7891515567446,Purê De Mandioquinha Salsa Sadia Livre Lev Carboidrato Pacote 100g,SADIA,100.0,g
7891515567453,Cuscuz Marroquino Com Pimentões E Abobrinha Sadia Livre Lev Carboidrato Pacote 100g,SADIA,100.0,g
7891515567613,Arroz Integral Sadia Livre Lev Carboidrato Pacote 100g,INTEGRAL,100.0,g
7891515567620,Feijão Carioca Sadia Livre Lev Carboidrato Pacote 100g,SADIA,100.0,g
7891515568320,Hambúrguer Vegetal Sadia Veg Tal Caixa 226g 2 Unidades,SADIA,226.0,g
7891515568900,"Wrap Queijo, Tomate Seco E Rúcula Sadia Livre Lev Pacote 180g",TOMATE,180.0,g
7891515568979,"Wrap Frango, Mostarda E Mel Sadia Livre Lev Pacote 180g",SADIA,180.0,g
7891515568986,"Wrap Frango, Tomate Seco E Pesto Sadia Livre Lev Pacote 180g",TOMATE,180.0,g
7891515569310,Kibe Congelado Vegetal Sadia Veg Tal Bandeja 300g 9 Unidades,SADIA,300.0,g
7891515570101,Sadia mini chef,Sadia,750.0,g
7891515571313,Pão De Queijo Congelado Multigrãos Amanteigado Qualy Pacote 375g,QUALY,375.0,g
7891515572211,Carne Moída Vegetal Sadia Veg Tal Bandeja 300g,SADIA,300.0,g
7891515572518,Empanado De Frango Peito Em Tiras Temperado Sadia Empanadíssimo Pacote 400g,SADIA,400.0,g
7891515573133,Margarina Vegetal de Mesa,Qualy,500.0,g
7891515573171,Presunto Cozido Fatiado Sadia Livre Lev 200g,SADIA,200.0,g
7891515574840,Claybom Cremosa com sal,Claybom,200.0,g
7891515574857,Empanado De Frango Peito Em Tiras Sadia Empanadíssimo Pacote 400g,SADIA,400.0,g
7891515575533,Almôndega De Carne Bovina Sadia Pouch 900g Embalagem Econômica,SADIA,900.0,g
7891515575915,Kibe Congelado Sadia Pouch 900g Embalagem Econômica,SADIA,900.0,g
7891515576011,Pizza Queijo Provolone Sadia Caixa 480g,SADIA,480.0,g
7891515576929,Torta Congelada Abobrinha E Cream Cheese Sadia Veg Tal Caixa 500g,SADIA,500.0,g
7891515577513,Sanduíche Vegetal Cheddar Sadia Veg Tal Pacote 145g,SADIA,145.0,g
7891515577742,Torta Congelada Carne Suína Desfiada Com Barbecue Sadia Caixa 500g,SADIA,500.0,g
7891515580667,Hambúrguer De Carne Bovina Picanha Perdigão Na Brasa Caixa 300g 2 Unidades,BRASA,300.0,g
7891515580674,Hambúrguer De Carne Bovina Costela Perdigão Na Brasa Caixa 300g 2 Unidades,BRASA,300.0,g
7891515580827,Nuggets Vegetal Sadia Veg Tal Pacote 275g,SADIA,275.0,g
7891515580834,Hambúrguer De Carne Bovina Angus Sadia Speciale Caixa 350g 2 Unidades,SADIA,350.0,g
7891515580841,Hambúrguer De Carne Bovina Picanha Sadia Speciale Caixa 350g 2 Unidades,SADIA,350.0,g
7891515581336,Almôndega De Carne Bovina Com Molho De Tomate Sadia Pacote 500g,TOMATE,500.0,g
7891515585419,Polenta Com Ragu De Calabresa Perdigão Nosso Menu Pacote 600g,PACO,600.0,g
7891515585716,Arroz De Forno Com Frango E Creme De Milho Perdigão Nosso Menu Pacote 600g,PACO,600.0,g
7891515585723,"Arroz De Forno Com Calabresa, Molho Branco E Queijo Perdigão Nosso Menu Pacote 600g",PACO,600.0,g
7891515586348,Margarina Qualy Vegê Pote 250g,QUALY,250.0,g
7891515587796,Frozen Peeled Large Shrimp,Sadia,400.0,g
7891515591939,Queijo Mussarela Fatiado Sadia Soltíssimo 150g,SADIA,150.0,g
7891515592073,Queijo Prato Fatiado Soltíssimo Embalagem Econômica,SADIA,300.0,g
7891515592080,Queijo Prato Fatiado,SADIA,150.0,g
7891515592097,Queijo Mussarela Fatiado Sadia Soltíssimo 300g Embalagem Econômica,SADIA,300.0,g
7891515592165,Torta Congelada Frango Com Calabresa E Molho Cheddar Perdigão Chester Caixa 500g,,500.0,g
7891515592455,Torta Congelada Frango Com Alho Poró E Azeitonas Perdigão Chester Caixa 500g,,500.0,g
7891515594411,Linguiça Toscana Sadia,Sadia,700.0,g
7891515598259,Mortadela Defumada,Sadia,180.0,g
7891515598266,Presunto Cozido Fatiado Sadia 180g,SADIA,180.0,g
7891515599447,Linguiça Toscana SADIA 700g.,,700.0,g
7891515600358,Chicken Shish Tawouk,Sadia,240.0,g
7891515600617,"Macarrão Ao Molho Branco Com Queijo, Brócolis E Bacon Sadia Hot Bowls Pote 300g",SADIA,300.0,g
7891515600624,Macarrão Com Bacon Carbonara Sadia Hot Bowls Pote 300g,SADIA,300.0,g
7891515601614,chicken Burger,Sadia,336.0,g
7891515601621,Beef burger 🍔,Sadia,448.0,g
7891515604820,Bacon em cubo,Perdigão,1000.0,g
7891515605704,Hot Bowls Mac'n Cheese Cheddar & Calabresa Sadia,Sadia,300.0,g
7891515605773,Penne ao Molho Parisiense,Perdigão,300.0,g
7891515605803,Meu Menu Fettuccine ao Molho Bolonhesa,Perdigão,300.0,g
7891515606312,Hot Bowls Mac'Cheese Cheddar & Bacon,Sadia,300.0,g
7891515606329,Hot Bowls Mac'n Cheese Cheddar,Sadia,300.0,g
7891515606428,Penne ao Sugo e Manjericão,,300.0,g
7891515606435,Fettucine com Peru e Brócolis Meu MENU Perdigão,Perdigão,300.0,g
7891515606824,Fininha Defumada Perdigão,Perdigão,215.0,g
7891515606831,Linguiça Fininha Sadia,Sadia,215.0,g
7891515614065,Filezinho Sassami De Frango Congelado Perdigão Bandeja 1kg,PERDIX,1000.0,g
7891515623838,Broasted Chicken Mango Habanero,Sadia,700.0,g
7891515624705,"#NUGGETS DE POLLO CROCANTE",Sadia,1000.0,g
7891515631024,Linguiça Calabresa Enroladinha Perdigão 500g,PERDIGAO,500.0,g
7891515742034,Salsicha Hot Dog Perdigão 500g 12 Unidades,Perdigão,500.0,g
7891515742065,Salsicha Viena Perdigão 500g,PERDIX,500.0,g
7891515742089,Salsicha De Frango Hot Dog Perdigão 500g 12 Unidades,PERDIX,500.0,g
7891515775636,Mortadela Tradicional Perdigão,Perdigão,200.0,g
7891515786298,Empanado De Frango Tradicional Perdigão Big Chicken Pacote 1kg,PERDIX,1000.0,g
7891515791179,Empanado De Frango Queijo Perdigão Big Chicken Pacote 1kg,PERDIX,1000.0,g
7891515880507,Linguiça Mista Defumada Fininha Perdigão 240g,PERDIX,240.0,g
7891515883034,Hambúrguer De Carne De Ave E Bovina Defumado Perdigão Caixa 672g 12 Unidades,PERDIX,672.0,g
7891515892401,Linguiça Paio Defumada Perdigão 370g,PERDIX,370.0,g
7891515900762,Margarina Becel Orginal Sem Sal 500g,BECEL,500.0,g
7891515901059,Margarina Claybon,Claybom,500.0,g
7891515901066,Margarina Cremosa Com Sal Claybom Pote 250g,CLAYBOM,250.0,g
7891515901202,Margarina Becel C/sal Lv500 Pg450g,BECEL,450.0,g
7891515904616,frozen Chicken Franks,,340.0,g
7891515908720,Linguiça de Frango na Brasa Perdigão,,1000.0,g
7891515919313,Linguiça Toscana Apimentada na Brasa Perdigão,,1000.0,g
7891515923952,Chicken Nuggets,Perdix,300.0,g
7891515925086,Iogurte Integral Batavo Naturais Copo 170g,Batavo,170.0,g
7891515925307,Iogurte Desnatado Batavo Naturais Copo 170g,Batavo,170.0,g
7891515929787,"Linguiça Paio Defumada Perdigão 2,5kg",PERDIGAO,2500.0,g
7891515935542,Molho Quatro Queijos Elegê Caixa 200g,ELEGE,200.0,g
7891515936310,Fettuccine Ao Molho Bolonhesa Perdigão Meu Menu Pacote 350g,PERDIGAO,350.0,g
7891515936327,Penne Ao Molho Parisiense Perdigão Meu Menu Pacote 350g,PERDIGAO,350.0,g
7891515952570,Moelas de frango congeladas,Perdix,1000.0,g
7891515975562,linguiça,Perdigão,5000.0,g
7891515977511,Linguiça Calabresa Defumada Perdigão 400g,PERDIX,400.0,g
7891515977528,Linguiça Portuguesa Defumada Perdigão 400g,PERDIGAO,400.0,g
7891515979355,Margarina Cremosa Sem Sal Claybom Pote 500g,CLAYBOM,500.0,g
7891515989408,Hambúrguer De Carne De Frango E Bovina Perdigão Pacote 56g,PERDIX,56.0,g
7891518476929,Lasanha Calabresa Sadia,,600.0,g
7891527044874,Mortadela sem toucinho,Copacol,1000.0,g
7891527044881,Mortadela com Touchinho,Copacol,1000.0,g
7891527060621,Blancs de poulet halal,Orion,1000.0,g
7891527064445,Lasanha ao molho de tilápia congelada,Copacol,600.0,g
7891527065398,Filé de Tilápia Empanado Tradicional,Copacol,400.0,g
7891527065817,"Frozen Chicken Breast in Halves, Boneless, Skinless, Without Innerfillet",Orion,900.0,g
7891527066135,Linguiça Frango Copac.Alho e Ceb.Cong,,600.0,g
7891527066319,Pão de alho,Copacol,400.0,g
7891527068108,Lasanha de Frango,Copacol,600.0,g
7891527068979,Mortadela sem toucinho,Copacol,380.0,g
7891527068986,Mortadela com toucinho,Copacol,380.0,g
7891527070514,صدر دجاج ٢ كگم - کوبة كول,,2000.0,g
7891527071412,Copacol 700 g,,700.0,g
7891527962253,Coxinha da Asa (Drumette),Copacol,800.0,g
7891527962277,Tulipas de Frango Congeladas,Copacol,800.0,g
7891527962376,"Frango a Passarinho Congelado (Peito, Asas, Coxas, Sobrecoxas e Dorso)",Copacol,800.0,g
78916081,Amor Sing`s,Amor,24.0,g
78916234,Chiclete Poosh Recheado Sabor Framboesa,"Arcor, 7Belo",5.0,g
78916401,Chewy Dragees Frutas,Mentos,29.5,g
7891641235684,Hibiscus+Cavalinha,Natuminas Chá,50.0,g
7891700011075,Tempero Arisco com Pimenta,Arisco,1000.0,g
7891700012102,ARISCO Tempero Arisco Alho e Sal,ARISCO,300.0,g
7891700013208,Mostarda Arisco Squeeze 200g,ARISCO,200.0,g
7891700023009,Arisco - Carne,,19.0,g
7891700080354,Caldo Carne,Arisco,57.0,g
7891700080378,Caldo carne - Arisco 114g,,114.0,g
7891700080415,Arisco - Galinha caipira,,57.0,g
7891700080439,Preparado para caldo sabor carne de galinha,Arisco,114.0,g
7891700095235,Extrato de Tomate Knorr,Knorr,280.0,g
7891700200523,Caldo Tablete Picanha Knorr Mais Sabor Caixa 57g 6 Unidades,KNORR,57.0,g
7891700203142,Bebida à Base De Soja Maçã Ades Caixa 200ml,ADES,200.0,mL
7891700205030,Extrato de Tomate Elefante,Elefante,130.0,g
7891700206327,Molho de Tomate Pomarola Tradicional,Pomarola,400.0,g
7891700206891,Margarina Becel Manteiga Com Sal 500g,BECEL,500.0,g
7891700206921,Maionese Arisco Pote 500g,ARISCO,500.0,g
7891737003579,Member's Mark Truffles,Member’s Mark,450.0,g
7891737011895,Água de coco integral,Member's Mark,1000.0,mL
7891737220839,Biscoito Cream Cracker,Bom Preço,400.0,g
7891737233396,Batata Palito Pré-Frita Congelada,"Confiare,Lutosa SA",1100.0,g
7891737234249,Batatas Rústicas em Cubos,TopChef,500.0,g
7891737234447,Batata Noisette,TopChef,500.0,g
7891737317003,Suco de Uva Tinto Integral,Confiare,1500.0,mL
7891737317010,Suco de Uva Branco Integral,Confiare,1500.0,mL
7891737317843,Pão de Alho Picante Baguete,Confiare,300.0,g
7891737987527,Azeite de oliva extra virgem,Member's Mark,2000.0,mL
78917583,Requeijão Cremoso Tradicional Nestlé,Nestlé,200.0,g
7891772140598,Granola Tradicional Kobber,Kobber,800.0,g
7891772142219,Granola Tradicional Com Mel,"Kobber, Kobber Alimentos ltda, Kobber Alimentos limitada",1000.0,g
7891772142684,Granola Banana e Mel Kobber,"Kobber,Kobber Alimentos Ltda.",1000.0,g
7891772144862,Granola Cacau Light,Kobber,500.0,g
7891772144930,Granola Light Kobber Banana/Mel,Kobber,300.0,g
7891772145524,Granola Zero Kobber - 1kg,Kobber,1000.0,g
7891772153437,Granola Zero Kobber,Kobber,1000.0,g
7891772154670,Granola Light Kobber Passas e Maçã,Kobber,800.0,g
7891772154717,Granola Light Kobber Cacau,Kobber,800.0,g
7891799385354,Limpia carburador (Wurth),,370.0,mL
7891823506403,Tablete de Chocolate ao Leite,Kopenhagen,40.0,g
7891823925426,Língua de Gato Cookies & Cream,Kopenhagen,380.0,g
7891823932578,Lata Bombons NUTS Soul good,,194.0,g
78918344,Flopi Bala de Cereja,"Florestal,Flopi",40.0,g
78918566,Talento Intense Amêndoas,"Garoto,Chocolates Garoto",25.0,g
7891910000166,União Premium Pacote 1 Kg,UNIÃO,1000.0,g
7891910000197,União Refinado,"Tio João,União",1000.0,g
7891910001972,Açúcar Refinado União 1kg,UNIÃO,1000.0,g
7891910007004,linha culinária União  Doçucar,União,1000.0,g
7891910007110,Açúcar Refinado Glaçúcar Pacote União 500g,UNIÃO,500.0,g
7891910020034,Açúcar Orgânico,União,1000.0,g
7891910020065,Açúcar Cristal Bruto Tipo Demerara,União,1000.0,g
7891910030019,Açucar Cristal,União,1000.0,g
7891910030071,Acucar Ref Uniao Vintage 1kg,VINTAGE,1000.0,g
7891910900022,Açúcar Refinado Granulado Premium UNIÃO,UNIÃO,1000.0,g
78919280,Lollie pop,,8.0,g
7891940020165,Batata Chips Wasabi,Daichips,100.0,g
7891940020547,Mandioca Chips,Daichips,120.0,g
7891940020615,Batata Doce,Daichip's,100.0,g
7891959014612,Açúcar Cristalçúcar União 1kg,GRANULATED,1000.0,g
7891962000015,Panettone Com Frutas Cristalizadas E Uvas Passas Bauducco Caixa 80g,Bauducco,80.0,g
7891962000022,Panettone Com Frutas Cristalizadas E Uvas Passas Bauducco Caixa 500g,BAUDUCCO,500.0,g
7891962000046,Panettone Com Frutas Cristalizadas E Uvas Passas Bauducco Caixa 1kg,BAUDUCCO,1000.0,g
7891962000077,Panettone Bauducco Caixa 4kg,BAUDUCCO,4000.0,g
7891962000176,Bolo De Páscoa Com Gotas De Chocolate Bauducco Chocolomba Caixa 500g,BAUDUCCO,500.0,g
7891962000183,Bolo De Páscoa Frutas Cristalizadas Bauducco Colomba Pascal Caixa 500g,BAUDUCCO,500.0,g
7891962000251,Torrada Levemente Salgada,Bauducco,160.0,g
7891962000381,Panettone Com Gotas De Chocolate Bauducco Chocottone Caixa 80g,BAUDUCCO,80.0,g
7891962000411,Bolo De Páscoa Frutas Cristalizadas Bauducco Colomba Pascal Caixa 100g,BAUDUCCO,100.0,g
7891962000428,Bolo De Páscoa Com Gotas De Chocolate Bauducco Chocolomba Caixa 100g,BAUDUCCO,100.0,g
7891962000725,Bolinho Baunilha Recheio Chocolate Bauducco Pacote 40g,BAUDUCCO,40.0,g
7891962000732,Bolinho Bauducco Baunilha C/morango 40gr,BAUDUCCO,40.0,g
7891962002859,Chocottone,Bauducco,750.0,g
7891962003085,Torrada Integral,Visconti,140.0,g
7891962003184,Pandoro Bauducco Caixa 550g,BAUDUCCO,550.0,g
7891962003559,Biscoito Amanteigado Chocolate Bauducco Pacote 335g Embalagem Econômica,BAUDUCCO,335.0,g
7891962003566,Biscoito Amanteigado Leite Bauducco Pacote 335g Embalagem Econômica,BAUDUCCO,335.0,g
7891962003894,Biscoito Recheio Goiabinha Bauducco Barrinha Pacote 30g,BAUDUCCO,30.0,g
7891962003962,Bisc Maxi Goiab 30g Bauducco,BAUDUCCO,30.0,g
7891962004921,Levissimo Cracker Light,Bauducco,200.0,g
7891962005959,TORRADA CANAPE BAUDUCCO,BAUDUCCO,110.0,g
7891962006239,Torrada Tradicional,Bauducco,15.0,g
7891962006697,Biscoito Amanteigado Com Gotas De Chocolate Bauducco Pacote 335g Embalagem Econômica,BAUDUCCO,335.0,g
7891962006840,Panettone Bauducco Frutas Cristalizadas,Bauducco,400.0,g
7891962010175,Biscoito Amanteigado Banana Com Canela Bauducco Pacote 375g Embalagem Econômica,BAUDUCCO,375.0,g
7891962014982,BISC C CRACKER BAUDUCCO,BAUDUCCO,200.0,g
7891962014999,Biscoito água E Sal Bauducco Levíssimo Pacote 200g,BAUDUCCO,200.0,g
7891962015620,Bolinho Baunilha Recheio Morango Bauducco Pacote 40g,BAUDUCCO,40.0,g
7891962016825,Panettone Chocolate Recheio Mousse Cobertura Chocolate Bauducco Chocottone Maxi Caixa 500g,BAUDUCCO,500.0,g
7891962018546,Panettone Com Frutas Tommy Caixa 400g,BAUDUCCO,400.0,g
7891962018553,Panettone Com Gotas De Chocolate Tommy Caixa 400g,BAUDUCCO,400.0,g
7891962019529,VISCONTI Batata Palha Cebola e Salsa,Visconti,120.0,g
7891962022208,Mini Colomba Visconti Frutas Tradicional 100gr,VISCONTI,100.0,g
7891962026329,Recheadinho Sabor Chocolate,Bauducco,130.0,g
7891962026756,Cookies original,Bauducco,110.0,g
7891962026763,Cookies sabor chocolate,Bauducco,110.0,g
7891962026831,BISC C CRACKER INTEG BAUDUCCO,BAUDUCCO,200.0,g
7891962027357,Panettone Com Gotas De Chocolate Cobertura Chocolate Bauducco Chocottone Maxi Caixa 500g,BAUDUCCO,500.0,g
7891962027388,Panettone Frutas,Bauducco,400.0,g
7891962027395,Chocottone,Bauducco,400.0,g
7891962027401,Panettone Tradicional Visconti Caixa,Visconti,400.0,g
7891962027418,Panettone Com Gotas De Chocolate Visconti Caixa 400g,VISCONTI,400.0,g
7891962031170,Bolinho Sabor Chocolate com recheio sabor Chocolate,BAUDUCCO,40.0,g
7891962032283,Wafer Fresa/Frutilla,Bauducco,140.0,g
7891962032290,Wafer Chocolate,Bauducco,140.0,g
7891962032306,waflw vainilla,bauducco,140.0,g
7891962032450,Biscoito Maizena Bauducco Pacote 170g,BAUDUCCO,170.0,g
7891962035444,Biscoito Champanhe Com Açúcar Fino Bauducco Caixa 150g,BAUDUCCO,150.0,g
7891962035451,Biscoito Champanhe,Bauducco,150.0,g
7891962035505,Cookies Irrestível Maxi,"Bauducco,Hershey's",105.0,g
7891962036915,Wafer Chocolate con Avellana,Bauducco,140.0,g
7891962036984,WAFER CHOCOLATE 140G BAUDUCCO,Bauducco,140.0,g
7891962036991,WAFER CHOC C/AVELA,Bauducco,140.0,g
7891962037004,WAFER MORANGO 140G BAUDUCCO,BAUDUCCO,140.0,g
7891962037011,Biscoito Wafer Recheio Nozes Bauducco Pacote 140g,BAUDUCCO,140.0,g
7891962037028,Bauducco Wafer Triple Chocolate X140G,Bauducco,140.0,g
7891962037110,wafer choco,bauducco,30.0,g
7891962037134,Bauducco Sabor Fresa,Bauducco,30.0,g
7891962037356,Budín sabor Marmolado,Bauducco,200.0,g
7891962042275,Cookies Integrales Bauducco Cacao Y Avellana 140 G,Bauducco,140.0,g
7891962042725,Pão De Mel Bauducco Caixa 420g 14 Unidades,Bauducco,420.0,g
7891962044668,Biscoito. bauducco 114GR Multigraos,Bauducco,114.0,g
7891962045177,Biscoito Integral Leite E Granola Bauducco Cereale Pacote 165g,BAUDUCCO,165.0,g
7891962045184,Cereale,Bauducco,78.0,g
7891962045191,Cereale,Bauducco,77.0,g
7891962046471,Cereale,Bauducco,78.0,g
7891962046921,Recheado Fresa,Bauducco,125.0,g
7891962048192,Biscoito Wafer Recheio Chocolate Bauducco Maxi Pacote 117g,BAUDUCCO,117.0,g
7891962048208,WAFER MAXI COOKIES BAUDUCCO 117G,BAUDUCCO,117.0,g
7891962048642,Céréale,Bauducco,114.0,g
7891962050065,RECHEADINHO GOIABA 112G,BAUDUCCO,112.0,g
7891962050072,Biscoito Chocolate Recheio Brigadeiro Bauducco Recheadinho Pacote 104g,,104.0,g
7891962050089,Biscoito Chocolate Recheio Brigadeiro Bauducco Recheadinho Pacote 104g,BAUDUCCO,104.0,g
7891962051062,BISC CEREALE LARANJ/DAMASC 147G BAUDUCCO,BAUDUCCO,147.0,g
7891962051338,Pão de forma tradicional,"Visconti, Pandurata",400.0,g
7891962051345,Pão de forma integral (36% Cereais integrais),Visconti,400.0,g
7891962051383,Bolo Baunilha Recheio Chocolate,BAUDUCCO,27.0,g
7891962051574,Rocambole Baunilha Recheio E Cobertura Chocolate Bauducco Roll Pacote 34g,BAUDUCCO,34.0,g
7891962052212,Chocottone,Bauducco,100.0,g
7891962052250,Biscoito sabor leite com cobertura sabor chocolate ao leite,Bauducco,115.0,g
7891962052427,Panetone,Bauducco,750.0,g
7891962052564,torrada tradicional,VISCONTI,120.0,g
7891962052571,TORRADA INTEGRAL VISCONTI,Visconti,120.0,g
7891962052588,TORRADA MULTIGRÃOS VISCONTI,VISCONTI,120.0,g
7891962052656,Panettone Visconti,Visconti,80.0,g
7891962053189,Torrada bauducco,Bauducco,142.0,g
7891962053196,TORRADA INTEGRAL BAUDUCCO,Bauducco,142.0,g
7891962053202,TORRADA MULTIGRÃOS BAUDUCCO,Bauducco,142.0,g
7891962053240,Torrada Multigrãos,Bauducco,264.0,g
7891962053257,TORRADA MULTIPACK INTEGRAL BAUDUCCO,Bauducco,284.0,g
7891962053974,Bolo De Páscoa Com Frutas Cristalizadas Bauducco Colomba Pascal Caixa 700g,BAUDUCCO,700.0,g
7891962053981,Bolo De Páscoa Com Gotas De Chocolate Bauducco Chocolomba Caixa 700g,BAUDUCCO,700.0,g
7891962054100,Biscoito Cookie Tradicional Bauducco Pacote 100g,Bauducco,100.0,g
7891962054117,BISC COOKIES CHOC 100G/110G BAUDUCCO,BAUDUCCO,100.0,g
7891962054124,Bisc cookies chocco 96g/105g bauducco,Bauducco,96.0,g
7891962054476,Cookies sabor chocolate,Bauducco,60.0,g
7891962054483,Cookies con chips de baño de repostería con leche,Bauducco,100.0,g
7891962054490,Cookies con gotas sabor chocolate,Bauducco,100.0,g
7891962054780,Biscoito Recheado Bauducco,Bauducco,65.0,g
7891962054810,Cookies,Bauducco,60.0,g
7891962054872,Bauducco Cookies with Chocolate Chips,Bauducco,60.0,g
7891962054896,Pão De Mel Cobertura Chocolate Branco Bauducco Caixa 240g,BAUDUCCO,240.0,g
7891962055053,Biscoito Cookie Integral Aveia E Passas Bauducco Cereale Pacote 60g,BAUDUCCO,60.0,g
7891962055312,Panettone Com Gotas De Chocolate Bauducco Chocottone Caixa 908g,BAUDUCCO,908.0,g
7891962055442,Chocolattone maxi,Bauducco,500.0,g
7891962055954,Bauducco,Bauducco,272.0,g
7891962056746,Pan Blanco,Bauducco,400.0,g
7891962056753,Pan Integral,Bauducco,400.0,g
7891962056999,Panettone Com Gotas De Chocolate Bauducco Chocottone Caixa 4kg,BAUDUCCO,4000.0,g
7891962057019,Panettone Com Frutas Cristalizadas E Uvas Passas Visconti Caixa 750g,VISCONTI,750.0,g
7891962057026,Panettone Com Gotas De Chocolate Recheio Trufa Visconti Caixa 450g,VISCONTI,450.0,g
7891962057033,Panettone Mais Chocolate Visconti Caixa 450g,VISCONTI,450.0,g
7891962057088,Panettone Recheio Trufa Cobertura Chocolate Bauducco Chocottone Maxi Caixa 500g,BAUDUCCO,500.0,g
7891962057156,"Cesta De Natal Bauducco Caixa 1,842kg 14 Unidades",BAUDUCCO,1842.0,g
7891962057163,"Cesta De Natal Bauducco Caixa 2,911kg 19 Unidades",BAUDUCCO,2911.0,g
7891962057187,"Cesta De Natal Visconti Caixa 2,245kg 12 Unidades",VISCONTI,2245.0,g
7891962057422,Bolo De Páscoa Mais Chocolate Visconti Caixa 500g,VISCONTI,500.0,g
7891962057453,Bolo De Páscoa Recheio Trufa Cobertura Chocolate Bauducco Chocolomba Maxi Caixa 650g,BAUDUCCO,650.0,g
7891962057460,Bolo De Páscoa Recheio Mousse De Chocolate Cobertura Chocolate Bauducco Chocolomba Maxi Caixa 650g,BAUDUCCO,650.0,g
7891962057477,Bolo De Páscoa Com Gotas De Chocolate Snickers Cobertura Chocolate Bauducco Chocolomba Maxi Caixa 650g,BAUDUCCO,650.0,g
7891962057484,Bolo De Páscoa Frutas Cristalizadas Visconti Caixa 400g,VISCONTI,400.0,g
7891962057491,Bolo De Páscoa Com Gotas De Chocolate Visconti Caixa 400g,VISCONTI,400.0,g
7891962057545,Panettone Chocolate Recheio Baunilha Visconti Caixa 450g,VISCONTI,450.0,g
7891962057620,Pão De Forma Integral Bauducco Pacote 400g,BAUDUCCO,400.0,g
7891962057637,Pão De Forma Grãos Clássicos Bauducco Pacote 400g,BAUDUCCO,400.0,g
7891962057668,chocottone m&m,Bauducco,80.0,g
7891962058412,Wafer Vainilla,Bauducco,78.0,g
7891962058702,Bolo De Páscoa Com Gotas De Chocolate Recheio Trufa Visconti Caixa 500g,VISCONTI,500.0,g
7891962058719,Torrada multicereais bauducco,Bauducco,128.0,g
7891962058726,Toast torrada tradicional bauducco,Bauducco,128.0,g
7891962058733,TOAST CEREALE AZEITE BAUDUCCO,BAUDUCCO,128.0,g
7891962059938,Kit Bolo De Páscoa Com Gotas De Chocolate 100g Sachê De Cobertura Chocolate Com Avelã 30g Bauducco Chocolomba Sachê De Confeitos Chocolate Ao Leite M Ms 45g Edição De Páscoa,BAUDUCCO,100.0,g
7891962060361,CHOCOBISCUIT AO LEITE 36G BAUDUCCO,BAUDUCCO,36.0,g
7891962060460,Tostada Integral,Bauducco,142.0,g
7891962061528,Panettone Chocolate Recheio E Cobertura Chocolate Branco Bauducco Chocottone Maxi Caixa 500g,BAUDUCCO,500.0,g
7891962061689,Panettone Com Frutas E Damasco Cobertura Açucarada E Amêndoas Bauducco Speciale Caixa 500g,BAUDUCCO,500.0,g
7891962061986,Chocottone Bites,BAUDUCCO,107.0,g
7891962062587,Pedaços De Panettone Cobertura Chocolate Ao Leite Bauducco Bites Caixa 107g,BAUDUCCO,107.0,g
7891962063874,BISNAGUINHA BAUDUCCO QUE,BAUDUCCO,260.0,g
7891962064048,pan,bauducco,390.0,g
7891962064055,Pan Integral,Bauducco,390.0,g
7891962064833,Panettone Com Limão Siciliano E Passas Brancas Cobertura Açucarada E Amêndoas Bauducco Speciale Caixa 500g,BAUDUCCO,500.0,g
7891962064840,Panettone Salgado Com Gotas Com Queijo Bauducco Caixa 80g,BAUDUCCO,80.0,g
7891962064857,PANETONE GOTAS C/ QUEIJO 400G BAUDUCCO,BAUDUCCO,400.0,g
7891962065472,Panettone Com Gotas De Chocolate Visconti Caixa 750g,BAUDUCCO,750.0,g
7891962065885,Biscoito Recheado sabor Morango,Bauducco,108.0,g
7891962065908,Biscoito Recheado sabor Baunilha,Bauducco,108.0,g
7891962066844,Bolo Laranja Bauducco Pacote 280g,BAUDUCCO,280.0,g
7891962066851,BOLO C/PED CHOCO BAUDUCCO,BAUDUCCO,280.0,g
7891962066868,BOLO CENOURA C/PED CHOC BAUDUCCO,BAUDUCCO,280.0,g
7891962067278,Pão fermentação natural multigrãos,Bauducco,390.0,g
7891962067346,Bolinho Chocolate Recheio Baunilha Bauducco Pacote 40g,BAUDUCCO,40.0,g
7891962067629,Biscoito Cookie Chocolate Com Gotas Cobertura Chocolate Branco Bauducco Maxi Pacote 96g,BAUDUCCO,96.0,g
7891962067674,Biscoito Cookie Integral Cacau E Avelã Bauducco Cereale Pacote 80g,BAUDUCCO,80.0,g
7891962067681,Bisc cookie int aveia/pas 80g bauducco,Bauducco,80.0,g
7891962067889,Bolinho Laranja Bauducco Pacote 40g,BAUDUCCO,40.0,g
7891962068022,Biscoito Bauducco Chocolate,BAUDUCCO,335.0,g
7891962068039,Biscoito Leite Bauducco Pacote 335g,BAUDUCCO,335.0,g
7891962068046,Biscoito Leite Com Gotas De Chocolate Bauducco Pacote 335g,BAUDUCCO,335.0,g
7891962068053,Biscoito Banana Com Canela Bauducco Pacote 375g,BAUDUCCO,375.0,g
7891962068183,Panettone Recheio Doce De Leite Visconti Caixa 450g,VISCONTI,450.0,g
7891962069043,Wafer Bauducco Choco Biscuit Tube Pacote 80g,BAUDUCCO,80.0,g
7891962069074,Biscoito Cookie Com Gotas De Chocolate Branco E Confeito Bauducco Pacote 100g Edição Especial Copa Do Mundo,BAUDUCCO,100.0,g
7891962069210,Panettone Com Gotas De Chocolate Cobertura Chocolate Branco E Confeito Bauducco Chocottone Maxi Caixa 500g Edição Especial Copa Do Mundo,BAUDUCCO,500.0,g
7891962069418,Choco Biscuit,Bauducco,162.0,g
7891962071114,Bourbon - bánh quy bơ kẹp nho khô,,125.4,g
7891962071121,Bauducco - bánh bông lan panettone socola,Bauducco,80.0,g
7891962071404,Chocotone bauducco,Bauducco,450.0,g
7891962071879,Bisnaguinha,Visconti,240.0,g
7891962074733,Bauducco,,40.0,g
7891962075334,María Tea Biscuit,Bauducco,170.0,g
7891962076317,Biscoito caramelizado - Bauducco,Bauducco,84.0,g
7891962076348,Biscoito sabor banana com canela,Bauducco,354.0,g
7891962077826,Pan Hamurgiesa,Bauducco,200.0,g
7891962078113,Chocottone fini,Bauducco,120.0,g
7891962078205,Chocottone Fini,Bauducco,450.0,g
7891965120567,Polvilho Doce Hikari,Hikari,500.0,g
7891965140558,Pão de Queijo,Hikari,250.0,g
7891965220427,Lentilha,Hikari,500.0,g
7891965230297,Sabor Queijo,Hikari,100.0,g
7891965430871,Canela em pó hikari,Hikari,30.0,g
7891965431250,Tempero orégano hikari,Hikari,8.0,g
7891965459155,orégano,hikari,15.0,g
7891965462858,Açafrão da terra hikari,Hikari,30.0,g
7891965521609,Extrato de baunilha,Hikari,30.0,mL
7891965524853,Paçoca Rolha,Hikari,350.0,g
7891965610303,HIKARI Tempero para Arroz Hikari Tem Sabor,HIKARI,50.0,g
7891986001395,Arroz Branco,Camil Alimentos,5000.0,g
7891986035604,aro Gelatina de Morango,aro,30.0,g
7891986035697,Aro Requeijão Cremoso,Makro,200.0,g
7891986036649,aro Milho Verde,aro,300.0,g
7891986036656,Aro Ervilha,Makro,300.0,g
7891991000727,Guaraná Antarctica zero,Antarctica,350.0,mL
7891991000826,Guaraná Antarctica,Antarctica,350.0,mL
7891991000833,Refrigerante Soda Limonada Antartica,SODA ANTARCTICA,350.0,mL
7891991000840,Água tônica,"Antarctica,Ambev",350.0,mL
7891991001342,Guarana 2L,Antarctica,2000.0,mL
7891991001373,Refrigerante de Guaraná de Baixa Caloria,Ambev,2000.0,mL
7891991002561,guaraná antartica,Antártica,1000.0,mL
7891991008785,Guaraná Antartica Zero,Antarctica,1500.0,mL
7891991009584,Cerveja Original,,300.0,mL
7891991010153,Cerveja Subzero,Antarctica,473.0,mL
7891991012096,Budweiser,,269.0,mL
7891991013512,Guaraná Antarctica Zero,Antarctica,350.0,mL
7891991014762,Budweiser King of Beers,Budweiser,330.0,mL
7891991014861,Refrigerante Guaraná Antarctica Garrafa 3l,GUARANA ANTARCTICA,3000.0,mL
7891991014984,Refrigerante Limonada Soda Antarctica Garrafa 200ml,SODA ANTARCTICA,200.0,mL
7891991015462,Cerveja,Stella,330.0,mL
7891991015929,água Tônica Antarctica Lata 269ml,TONICA ANTARCTICA,269.0,mL
7891991015943,água Tônica Zero Açúcar Antarctica Lata 269ml,TONICA ANTARCTICA,269.0,mL
7891991015981,água Tônica Gengibre Zero Açúcar Antarctica Lata 269ml,TONICA ANTARCTICA,269.0,mL
7891991016124,Refrigerante Guaraná Zero Açúcar Antarctica Garrafa 200ml,Guaraná Antarctica,200.0,mL
7891991296441,Stella Artois,,330.0,mL
7891991297172,Refrigerante Limão Sukita Garrafa 2l,SUKITA,2000.0,mL
7891991297424,cerveja spaten,spaten,350.0,mL
7891991297479,Spaten 330,Spaten,355.0,mL
7891991298247,Kit Refrigerante Guaraná Antarctica Limonada Soda Antarctica 2l Cada Leve Mais Pague Menos,SODA ANTARCTICA,2000.0,mL
7891991298254,Kit Refrigerante Guaraná Antarctica Cola Pepsi 2l Cada Leve Mais Pague Menos,ANTARCTICA,2000.0,mL
7891991298407,Cerveja Zero álcool Budweiser Lata 350ml,BUDWEISER,350.0,mL
7891991298476,Cerveja de Trigo Feita com Semente de Coentro & Casca de Laranja,Hoegaarden,269.0,mL
7891991298513,água Tônica Antarctica Garrafa 1l,TONICA ANTARCTICA,1000.0,mL
7891991298537,água Tônica Baixa Caloria Antarctica Garrafa 1l,TONICA ANTARCTICA,1000.0,mL
7891991298551,Energético Fusion Loud Garrafa 500ml,FUSION,500.0,mL
7891991298575,Midway,Goose Island,350.0,mL
7891991298674,Refrigerante Uva Sukita Garrafa 200ml,SUKITA,200.0,mL
7891991298681,Refrigerante Uva Sukita Garrafa 200ml,SUKITA,200.0,mL
7891991298827,Cerveja Duplo Malte,Brahma,473.0,mL
7891991300810,Refrigerante Tubaína Sukita Garrafa 2l,SUKITA,2000.0,mL
7891991301138,Skol Beats Senses,,269.0,mL
7891991301633,Refrigerante Erva Mate Guaraná Antarctica Lata 350ml,ANTARCTICA,350.0,mL
7891991301657,Refrigerante Uva Verde Guaraná Antarctica Lata 350ml,ANTARCTICA,350.0,mL
7891991301671,Refrigerante Cupuaçu Guaraná Antarctica Lata 350ml,ANTARCTICA,350.0,mL
7891991301695,Refrigerante Acerola Guaraná Antarctica Lata 350ml,ANTARCTICA,350.0,mL
7891991301732,Refrigerante Cajá Guaraná Antarctica Lata 350ml,ANTARCTICA,350.0,mL
7891991301831,Amber Lager,Patagonia,350.0,mL
7891991301855,"CERV PATAGONIA LT 350ML, BOHEM PILSEN, .",Patagonia,350.0,mL
7891991301893,"CERV PATAGONIA LT 350ML, WEISSE, .",Patagonia,350.0,mL
7891991301916,"CERV PATAGONIA LT 350ML, IPA, .",Patagonia,350.0,mL
7891991302029,Cerveja Superior Light Michelob Ultra Lata 350ml,MICHELOB,350.0,mL
7891991302234,água Tônica Hibisco Antarctica Lata 269ml,ANTARCTICA,269.0,mL
7891991303200,Cerveja Puro Malte,Spaten-Franziskaner-Bräu GmbH,473.0,mL
7891991304184,Corona Cero Sunbrew,Corona,330.0,mL
7891991305440,CERV SPATEN SIX-PACK LN 330ML,,330.0,mL
7891991305679,Corona Cero,Corona,355.0,mL
7891991305846,Cerveja corona extra,,473.0,mL
7891999000071,Iogurte Integral Com Granola E Castanhas Vigor Viv Mix Copo 165g,VIGOR,165.0,g
7891999000088,Iogurte Integral Com Granola De Chocolate Vigor Viv Mix Copo 165g,VIGOR,165.0,g
7891999000149,Iogurte Desnatado Banana Zero Lactose Vigor Viv Protein Frasco 250g,VIGOR,250.0,g
7891999000156,Iogurte Desnatado Morango Zero Lactose Vigor Viv Protein Frasco 250g,VIGOR,250.0,g
7891999000170,Iogurte Desnatado Flocos Zero Lactose Vigor Viv Protein Frasco 250g,VIGOR,250.0,g
7891999000507,Bebida Láctea Fermentada Morango E Vitamina De Frutas Vigor Todo Dia Bandeja 540g 6 Unidades,VIGOR,540.0,g
7891999000576,Bebida Láctea Fermentada Morango Vigor Todo Dia Bandeja 540g 6 Unidades,VIGOR,540.0,g
7891999002662,Iogurte Batido Parcialmente Desnatado Vigor Garrafa 900g,VIGOR,900.0,g
7891999002693,Queijo Parmesão Faixa Azul 500g,FAIXA AZUL,500.0,g
7891999003072,Iogurte Grego Vigor Pote 100g,VIGOR,100.0,g
7891999003140,Iogurte Grego Cremoso Torta de Limão,Vigor,90.0,g
7891999003683,Iogurte Grego Calda Frutas Vermelhas Vigor Pote 100g,VIGOR,100.0,g
7891999003690,Iogurte Grego Calda Frutas Amarelas Vigor Pote 100g,VIGOR,100.0,g
7891999003706,Iogurte Desnatado Grego Calda Morango Vigor Pote 100g,VIGOR,100.0,g
7891999003713,Iogurte Desnatado Grego Vigor Pote 100g,VIGOR,90.0,g
7891999004116,Queijo Parmesão Ralado Vigor Bandeja 150g,VIGOR,150.0,g
7891999004123,Queijo Ralado 3 Queijos Vigor Bandeja 150g,VIGOR,150.0,g
7891999004550,Iogurte Parcialmente Desnatado Tradicional Zero Lactose Vigor Viv Simples Pote 130g,VIGOR,130.0,g
7891999004574,Iogurte Parcialmente Desnatado Frutas Vermelhas Zero Lactose Vigor Viv Simples Pote 130g,VIGOR,130.0,g
7891999004826,Queijo Parmesão Lascas Faixa Azul 150g,FAIXA AZUL,150.0,g
7891999004833,Margarina Manteiga Cremosa Com Sal Vigor Pote 1kg Embalagem Econômica,VIGOR,1000.0,g
7891999004888,maionese vigor,"DAN VIGOR INDÚSTRIA E COMÉRCIO DE LATICÍNIOS LTDA,VIGOR ALIMENTOS S.A,Vigor",500.0,mL
7891999004901,Iogurte Parcialmente Desnatado Búlgaro Calda Damasco Vigor Viv Pote 130g,DAMASCO,130.0,g
7891999004925,Iogurte Parcialmente Desnatado Búlgaro Calda Blueberry E Baunilha Vigor Viv Pote 130g,VIGOR,130.0,g
7891999004949,Iogurte Integral Búlgaro Tradicional Vigor Viv Pote 130g,INTEGRAL,130.0,g
7891999005786,Fondue De Queijo Parmesão Faixa Azul Caixa 400g,FAIXA AZUL,400.0,g
7891999005830,Queijo Brie Fracionado Vigor 120g,VIGOR,120.0,g
7891999006264,Queijo Camembert Vigor 120g,VIGOR,120.0,g
7891999006271,Queijo Gorgonzola Fracionado Vigor 100g,VIGOR,100.0,g
7891999006325,Vigor Grego Maçã e Canela,Vigor,100.0,g
7891999006646,Fondue De Chocolate Vigor Caixa 250g,VIGOR,250.0,g
7891999006721,Fondue De Queijo Gruyère Vigor Caixa 400g,VIGOR,400.0,g
7891999007018,Iogurte Integral Morango Com Cereais De Chocolate Meu Malvado Favorito 3 Vigor Mix Copo 165g,VIGOR,165.0,g
7891999007032,Iogurte Integral Morango Com Confeito Meu Malvado Favorito 3 Vigor Mix Copo 165g,VIGOR,165.0,g
7891999007278,Queijo Gruyère Fracionado Faixa Azul 150g,FAIXA AZUL,150.0,g
7891999007735,Queijo Emmental Fracionado Vigor 145g,VIGOR,145.0,g
7891999008398,Queijo Emmental Fracionado Faixa Azul 150g,VIGOR,150.0,g
7891999008404,Queijo Gruyère Vigor 145g,VIGOR,145.0,g
7891999008916,Queijo Gouda Fracionado Faixa Azul 200g,FAIXA AZUL,200.0,g
7891999008923,Queijo Gouda Fracionado Vigor 200g,VIGOR,200.0,g
7891999009722,Iogurte Grego Morango E Baunilha Vigor Pote 100g,VIGOR,100.0,g
7891999009739,Iogurte Grego Flocos Vigor Pote 100g,VIGOR,100.0,g
7891999010070,Requeijão Cremoso Light Vigor Pote 500g,VIGOR,500.0,g
7891999010216,Creme De Queijo Parmesão Faixa Azul Copo 190g,FAIXA AZUL,190.0,g
7891999010735,Iogurte com creme e calda de frutas,Vigor,100.0,g
7891999011039,Margarina Vigor 500g com Sal,Vigor,500.0,g
7891999011398,Iogurte Vigor blueberry,Vigor,100.0,g
7891999011442,"Iogurte Parcialmente Desnatado Vitamina De Frutas Vigor Garrafa 1,26kg",VIGOR,1260.0,g
7891999012388,Vigor grego zero gorduras,Vigor,100.0,g
7891999014092,Queijo Parmesão Cilindro Faixa Azul 195g,FAIXA AZUL,195.0,g
7891999014153,Sobremesa Láctea Chocolate Vigor Pote 180g 2 Unidades,VIGOR,180.0,g
7891999014443,Requeijão Cremoso Light Danubio Copo 220g,DANUBIO,220.0,g
7891999014450,Requeijão Cremoso Tradicional,Danubio,200.0,g
7891999014498,Requeijão Danubio Zero Copo 220g,DANUBIO,220.0,g
7891999014528,Queijo Parmesão Fatiado Faixa Azul 300g,FAIXA AZUL,300.0,g
7891999015228,Creme Chantilly Spray Vigor Frasco 250g,VIGOR,250.0,g
7891999015723,Leite Fermentado Desnatado Minions Vigor Garrafa 900g Tamanho Família,VIGOR,900.0,g
7891999143372,Iogurte Parcialmente Desnatado Frutas Vermelhas Vigor Garrafa 900g,VIGOR,900.0,g
7891999143389,Iogurte Parcialmente Desnatado Frutas Vermelhas Vigor Frasco 180g,VIGOR,180.0,g
7891999144485,Requeijão Vigor 200G,Vigor,200.0,g
7891999144577,"Iogurte Integral Cenoura, Laranja E Mel Vigor Viv Copo 170g",VIGOR,170.0,g
7891999144591,Iogurte Integral Ameixa Vigor Viv Copo 170g,VIGOR,170.0,g
7891999350015,Iogurte Parcialmente Desnatado Morango Vigor Garrafa 900g,VIGOR,900.0,g
7891999410207,Coalhada Parcialmente Desnatada Vigor Viv Copo 170g,VIGOR,170.0,g
7891999420206,Iogurte Parcialmente Desnatado Natural Vigor Viv Copo 170g,VIGOR,170.0,g
7891999430205,Iogurte natural desnatado,Vigor Viv,170.0,g
7891999470201,Iogurte Integral Fruta Com Cereais Meu Malvado Favorito 3 Vigor Mix Copo 165g,VIGOR,165.0,g
7891999471208,Iogurte Integral Morango Com Cereais Meu Malvado Favorito 3 Vigor Mix Copo 165g,VIGOR,165.0,g
7891999650139,Iogurte Parcialmente Desnatado Morango Vigor Frasco 180g,VIGOR,180.0,g
7891999690135,Iogurte Parcialmente Desnatado Vitamina De Frutas Vigor Frasco 180g,VIGOR,180.0,g
7891999852205,Manteiga E Margarina Com Sal Vigor Mix Pote 250g,VIGOR,250.0,g
7891999861504,Manteiga E Margarina Sem Sal Vigor Mix Pote 500g,VIGOR,500.0,g
7891999862501,Manteiga E Margarina Com Sal,VIGOR,500.0,g
7891999872500,Margarina vigor,Vigor,500.0,g
7891999904805,Pack Leite Fermentado Desnatado Minions Vigor Frasco 450g 6 Unidades,VIGOR,450.0,g
7891999941879,Vigor laranja,,200.0,mL
7891999960054,Queijo parmesão ralado,Faixa Azul,50.0,g
7891999970053,Queijo Parmesão Ralado Vigor Pacote 50g,VIGOR,50.0,g
7891999970107,Vigor Queijo Parmesão Ralado,Vigor,100.0,g
7891999990907,Queijo Petit Suisse Morango Meu Malvado Favorito 3 Vigor Vigorzinho Bandeja 360g 8 Unidades,VIGOR,360.0,g
7892020000992,Farinha de Trigo Enriquecida com Ferro e Ácido Fólico Tipo1,Três Coroas,1000.0,g
7892020200095,Farinha de Trigo Rosa Branca Azul,Rosa Branca Azul,1000.0,g
7892020200194,Rosa branca,ROSA BRANCA,1000.0,g
7892022120025,Shiitake Mushroom,Bamboo Fan,1000.0,g
78922327,Goma De Mascar Menta Fresca Zero Açúcar Mentos Pure Fresh Pote 56g 28 Unidades,MENTOS,56.0,g
7892300000933,Flocão Farinha de Milho Flocada,Sinhá,500.0,g
7892300003293,Molho de Pimenta Cremoso,Simhá,155.0,mL
7892300003491,sinhac churrasco,sinhac,45.0,g
7892300003538,Salgadinho sabor presunto Sinha,,45.0,g
7892300003545,Salgadinho de requeijao Sinha,,45.0,g
78924352,Rexona motion sense,Rexona,50.0,mL
7892656710111,Alfajor recheio de chocolate,Alfajor,40.0,g
7892694000069,Mel Orgânico Carrefour Bio,Carrefour Bio,500.0,g
7892694789964,Frutas vermelhas,,230.0,g
7892699902863,TIRA TEIMA JUNIOR QUEIJO 38G LOBITS,,38.0,g
7892840120214,Salgadinho De Trigo Bacon Elma Chips Baconzitos Pacote 55g,PEPSI,55.0,g
7892840128111,Batata Frita Original Ruffles 50g,RUFFLES,50.0,g
7892840142124,Amendoim Frito Salgado Sem Pele Elma Chips Pacote 40g,PEPSI,40.0,g
7892840215217,Batata Frita Lisa Peito De Peru Elma Chips Sensações Pacote 45g,PEPSI,45.0,g
7892840225711,Batata Frita Frango Grelhado Elma Chips Sensações Pacote 45g,PEPSI,45.0,g
7892840225810,BATATA STAX ORIGINAL 163G ELMA CHIPS,PEPSI,163.0,g
7892840226015,Snack De Batata Cheddar Elma Chips Stax Pote 156g,PEPSI,156.0,g
7892840237448,Ruffles - PepsiCo testa em animais,"Elma Chips,Pepsico",30.0,g
7892840252748,Cheetos onda sabor requeijão,Elma Chips,150.0,g
7892840253646,Batata Frita Ondulada Original Elma Chips Ruffles Pacote 167g,RUFFLES,167.0,g
7892840253745,Salgadinho De Milho Queijo Nacho Doritos Pacote 55g,ELMA CHIPS,55.0,g
7892840253844,Batata Frita Ondulada Original Elma Chips Ruffles Pacote 57g,RUFFLES,57.0,g
7892840254841,Batata Frita Ondulada Cebola E Salsa Elma Chips Ruffles Pacote 167g Embalagem Econômica,RUFFLES,167.0,g
7892840254940,Batata Frita Ondulada Cebola E Salsa Elma Chips Ruffles Pacote 57g,RUFFLES,57.0,g
7892840255046,Batata Frita Ondulada Churrasco Elma Chips Ruffles Pacote 57g,ELMA CHIPS,57.0,g
7892840255244,Salgadinho De Milho Sweet Chili Doritos Pacote 55g,DORITOS,55.0,g
7892840255442,Baconzitos,Elma Chips,103.0,g
7892840255541,Cebolitos 110g,Elma Chips,110.0,g
7892840255947,Fandangos sabor presunto,Elma Chips,164.0,g
7892840259549,Cheetos Assado,ElmaChips,289.0,g
7892840267841,Snack De Trigo Presunto Defumado Eqlibri Panetini Pacote 40g,Equilibri,40.0,g
7892840267940,equilibri,PEPSICO,40.0,g
7892840268046,Snack De Trigo Tomate Temperado Eqlibri Panetini Pacote 40g,EQLIBRI,40.0,g
7892840268145,Snack De Trigo Cottage Com Ervas Eqlibri Panetini Pacote 40g,EQLIBRI,40.0,g
7892840800000,Refrigerante De Cola Pepsi 2l,Pepsi,2000.0,mL
7892840800239,Pepsi cola 600ml,PEPSI,600.0,mL
7892840800567,Refrigerante Cola Pepsi Garrafa 200ml,Pepsi,200.0,mL
7892840800604,Refrigerante Cola Pepsi Garrafa 3l,PEPSI,3000.0,mL
7892840802714,Pepsi Twist Garrafa Pet 2 L,PEPSI TWIST,2000.0,mL
7892840808013,Isotônico Frutas Cítricas Gatorade Garrafa 500ml,GATORADE,500.0,mL
7892840808020,Gatorade - Laranja 500ml,GATORADE,500.0,mL
7892840808037,Isotônico Limão Gatorade Garrafa 500ml,GATORADE,500.0,mL
7892840808044,Isotônico Gatorade Tangerina,GATORADE,500.0,mL
7892840808068,Gatorade Maracujá 500ml,Gatorade,500.0,mL
7892840808174,Isotônico Sabor Morango E Maracujá Gatorade 500ml,"GATORADE, Gatorade",500.0,mL
7892840812386,"Pepsi Garrafa Pet 1,5 L",PEPSI,1500.0,mL
7892840812423,H2OH! limão 500ml,Pepsi,500.0,mL
7892840812751,"H2oh Citrus Garrafa Pet 1,5 L",H2OH,1500.0,mL
7892840813017,Refrigerante Pepsi 2lt,PEPSI,2000.0,mL
7892840813130,Refrigerante Cola Pepsi Lata 269ml,PEPSI,269.0,mL
7892840814069,Doritos cool ranch,Doritos,96.0,g
7892840814137,Toddy Original,"Toddy,Pepsico",1020.0,g
7892840814175,Salgadinho de Milho com Cebola,Fofura,90.0,g
7892840814342,Pipoca Pronta Doce Caramelizada Elma Chips Cheetos Pacote 45g,ELMA CHIPS,45.0,g
7892840814472,Batata frita ondulada original,Ruffles,300.0,g
7892840814595,Salgadinho De Milho Queijo Nacho Doritos Pacote 30g,DORITOS,30.0,g
7892840814670,Salgadinho De Trigo Picanha Elma Chips Pingo Douro Clássicos Pacote 35g,ELMA CHIPS,35.0,g
7892840814724,AMENDOIM JAPONES 145G ELMA CHIPS M,Elma Chips,145.0,g
7892840814748,Amendoim Frito Salgado Sem Pele Elma Chips Pacote 100g,ELMA CHIPS,100.0,g
7892840814762,Stiksy,Elma Chips,130.0,g
7892840815196,Salgadinho De Trigo Bacon Torcida Pacote 450g Embalagem Econômica,TORCIDA,450.0,g
7892840815202,Salgadinho De Trigo Cebola Torcida Pacote 450g Embalagem Econômica,TORCIDA,450.0,g
7892840815219,Salgadinho De Trigo Pimenta Mexicana Torcida Pacote 450g Embalagem Econômica,TORCIDA,450.0,g
7892840815264,Aveia Em Flocos Finos Quaker Caixa 450g Embalagem Econômica,QUAKER,450.0,g
7892840815271,Aveia integral em flocos,Quaker,450.0,g
7892840815370,Twist 200ml,Pepsi,200.0,mL
7892840815752,Aveia em flocos,Quaker,165.0,g
7892840815776,Farelo de aveia,Quaker,165.0,g
7892840815783,Farinha Integral De Aveia,Quaker,165.0,g
7892840815875,Chá Ice Tea Pêssego Zero Açúcar Lipton Garrafa 200ml,LIPTON,200.0,mL
7892840815912,Salgadinho De Milho Queijo Nacho Doritos Pacote 84g,DORITOS,84.0,g
7892840815936,Doritos Sweet Chili,Doritos,84.0,g
7892840815943,Doritos Original,Doritos,84.0,g
7892840815950,Batata Chips Lisa Frango Grelhado Elma Chips Sensações Pacote 80g,ELMA CHIPS,80.0,g
7892840816254,Salgadinho De Milho Onda Requeijão Elma Chips Cheetos Pacote 45g,ELMA CHIPS,45.0,g
7892840816261,Salgadinho De Milho Onda Requeijão Elma Chips Cheetos Pacote 140g,ELMA CHIPS,140.0,g
7892840816292,Pipoca Pronta Doce Caramelizada Elma Chips Cheetos Pacote 140g,CHEETOS,140.0,g
7892840816322,Salgadinho De Milho Presunto Elma Chips Fandangos Pacote 140g,ELMA CHIPS,140.0,g
7892840816339,Salgadinho De Milho Queijo Elma Chips Fandangos Pacote 140g,ELMA CHIPS,140.0,g
7892840816414,Cebolitos Clássicos,ELMA CHIPS,60.0,g
7892840816438,Salgadinho De Milho Presunto Elma Chips Fandangos Pacote 45g,ELMA CHIPS,45.0,g
7892840816452,Salgadinho De Milho Queijo Elma Chips Fandangos Pacote 45g,ELMA CHIPS,45.0,g
7892840816636,Salgadinho De Milho Onda Requeijão Elma Chips Cheetos Pacote 75g,ELMA CHIPS,75.0,g
7892840816773,Batata Frita Lisa Clássica Lays Pacote 80g,LAYS,80.0,g
7892840816780,Batata Frita Lisa Sour Cream Lays Pacote 80g,LAYS,80.0,g
7892840817077,Salgadinho De Trigo Churrasco Torcida Pacote 100g,TORCIDA,100.0,g
7892840817084,Salgadinho De Trigo Queijo Torcida Pacote 100g,TORCIDA,100.0,g
7892840817091,TORCIDA CEBOLA 100G PEPSICO,TORCIDA,100.0,g
7892840817107,TORCIDA PIMENTA MECICANA 100G PEPSICO,TORCIDA,100.0,g
7892840817268,Farinha De Aveia Quaker Caixa 450g Embalagem Econômica,QUAKER,450.0,g
7892840817435,Batata Tubo Ruffles Orig 134g Pepsico,RUFFLES,134.0,g
7892840817442,Batata Tubo Ruffles Cheddar 134g Pepsico,RUFFLES,134.0,g
7892840817466,Batata Palha Extrafina Elma Chips Pacote 205g Embalagem Econômica,ELMA CHIPS,205.0,g
7892840817718,Aveia Orgânica Em Flocos Multigrãos Quaker Caixa 148g,QUAKER,148.0,g
7892840817749,Amendoim Japonês Elma Chips Pacote 400g Embalagem Econômica,ELMA CHIPS,400.0,g
7892840817763,Salgadinho De Milho Lua Parmesão Elma Chips Cheetos Pacote 125g,ELMA CHIPS,125.0,g
7892840817848,Salgadinho De Milho Mix De Queijos Elma Chips Cheetos Pacote 115g,ELMA CHIPS,115.0,g
7892840817879,Salgadinho De Milho Onda Requeijão Elma Chips Cheetos Pacote 230g,ELMA CHIPS,230.0,g
7892840817909,Salgadinho De Milho Lua Parmesão Elma Chips Cheetos Pacote 40g,ELMA CHIPS,40.0,g
7892840817916,doritos original 210 gramas,DORITOS,210.0,g
7892840817923,Salgadinho De Milho Queijo Nacho Doritos Pacote Leve 140g Pague 115g,DORITOS,140.0,g
7892840817947,Batata Frita Lisa Clássica Lays Pacote 45g,LAYS,45.0,g
7892840817978,Batata Frita Ondulada Original Elma Chips Ruffles Pacote 115g,Pepsico,115.0,g
7892840818012,Batata Frita Lisa Barbecue Lays Pacote 80g,LAYS,80.0,g
7892840818029,STIKSY 120G ELMA CHIPS P,ELMA CHIPS,120.0,g
7892840818043,Salgadinho De Trigo Bacon Elma Chips Pingo Douro Clássicos Pacote 120g,ELMA CHIPS,120.0,g
7892840818081,Batata Frita Lisa Frango Grelhado Lays Sensações Premium Pacote 145g,PREMIUM,145.0,g
7892840818111,Salgadinho De Milho Tubo Queijo Cheddar Elma Chips Cheetos Pacote 39g,ELMA CHIPS,39.0,g
7892840818142,Batata Ruffles Churrasco Elma Chips,ELMA CHIPS,115.0,g
7892840818166,Batata Frita Ondulada Original Elma Chips Ruffles Pacote Leve 115g Pague 101g,ELMA CHIPS,115.0,g
7892840818180,Batata Frita Ondulada Cebola E Salsa Elma Chips Ruffles Pacote 76g,ELMA CHIPS,76.0,g
7892840818203,Batata Frita Ondulada Original Elma Chips Ruffles Pacote 76g,ELMA CHIPS,76.0,g
7892840818210,Batata Frita Ondulada Sabor Churrasco - Ruffles,Ruffles,76.0,g
7892840818234,Batata Palha Tradicional,ELMA CHIPS,425.0,g
7892840818241,ELMA CHIPS Batata Palha 215g,Elma Chips,120.0,g
7892840818258,Ovinhos De Amendoim Elma Chips Pacote 65g,ELMA CHIPS,65.0,g
7892840818265,Ovinhos De Amendoim Elma Chips Pacote 255g,ELMA CHIPS,255.0,g
7892840818272,Batata Frita Lisa Sour Cream Lays Pacote 135g,LAYS,135.0,g
7892840818296,Kit Salgadinho Elma Chips Lanchinho Sortido 98g 5 Unidades,ELMA CHIPS,98.0,g
7892840818357,Salgadinho De Milho Queijo Nacho,"DORITOS, Pepsico",300.0,g
7892840818364,Batata Frita Ondulada Original Elma Chips Ruffles Pacote 300g,ELMA CHIPS,300.0,g
7892840818388,Salgadinho Costelinha Com Limão Torcida Pacote 45g,TORCIDA,45.0,g
7892840818395,Salgadinho Bacon Torcida Pacote 45g,TORCIDA,45.0,g
7892840818401,Salgadinho De Trigo Calabresa Torcida Pacote 45g,TORCIDA,45.0,g
7892840818418,Salgadinho De Trigo Cebola Torcida Pacote 45g,TORCIDA,45.0,g
7892840818432,Salgadinho De Trigo Pimenta Mexicana Torcida Pacote 45g,TORCIDA,45.0,g
7892840818449,Salgadinho De Trigo Queijo Torcida Pacote 45g,TORCIDA,45.0,g
7892840818463,Salgadinho De Trigo Camarão Com Pimenta Torcida Pacote 45g,TORCIDA,45.0,g
7892840818470,Salgadinho De Milho Elma Chips Cebolitos Clássicos Pacote 190g,ELMA CHIPS,190.0,g
7892840818517,Salgadinho De Milho Mel E Mostarda Doritos Rainbow Pacote 55g,DORITOS,55.0,g
7892840818562,Assado Mix de Queijos,Cheetos,41.0,g
7892840818586,Salgadinho De Milho Bola Queijo Suíço Elma Chips Cheetos Pacote 37g,ELMA CHIPS,37.0,g
7892840818623,Biscoito Cookie Original Toddy Pacote 133g Embalagem Econômica,ORIGINAL,133.0,g
7892840818630,Biscoito Cookie Original Toddy Pacote 38g,ORIGINAL,38.0,g
7892840818661,2 Cx. Toddy Ck Bau 16x4x57g,TODDY,57.0,g
7892840818678,Biscoito Cookie Chocolate Com Gotas De Chocolate Toddy Pacote 133g Embalagem Econômica,COOKIE,133.0,g
7892840818685,Biscoito Cookie Chocolate Malhado Com Gotas De Chocolate Branco E Preto Toddy Pacote 133g Embalagem Econômica,COOKIE,133.0,g
7892840818715,1 Cx. Toddy Ck Choc 16x4x57g,TODDY,57.0,g
7892840818722,Biscoito Cookie Chocolate Malhado Com Gotas De Chocolate Branco E Preto Toddy Pacote 57g,COOKIE,57.0,g
7892840818807,Biscoito Cookie Chocolate Com Gotas De Chocolate Toddy Chocoxtreme Pacote 71g,COOKIE,71.0,g
7892840818999,Ovinhos De Amendoim Wasabi Elma Chips Pacote 140g,ELMA CHIPS,140.0,g
7892840819026,Assado Sabor Cebola,Fofura,40.0,g
7892840819057,Assado Sabor Queijo,Fofura,40.0,g
7892840819095,Fofura Assado Sabor Presunto,,80.0,g
7892840819101,Assado Sabor Churrasco,Fofura,80.0,g
7892840819170,Toddy Original 750g,Toddy,750.0,g
7892840819187,Toddy Original,Toddy,1800.0,g
7892840819248,Amendoim Frito Sem Pele Chili Limón Elma Chips Pacote 38g,ELMA CHIPS,38.0,g
7892840819255,Amendoim Frito Sem Pele Chili Limón Elma Chips Pacote 85g,ELMA CHIPS,85.0,g
7892840819286,Batata Frita Ondulada Hellmanns Temperada Elma Chips Ruffles Pacote 72g,ELMA CHIPS,72.0,g
7892840819323,Black,Pepsi,200.0,mL
7892840819361,Doritos Dinamita Spicy Cheese,"Doritos,PepsiCo",48.0,g
7892840819385,Dinamita Spicy Cheese,Doritos,84.0,g
7892840819392,Doritos Dinamita Sabor Maionese Chipotle,"Doritos,PepsiCo",84.0,g
7892840819415,Achocolatado Pó Twix Toddy Pote 350g,TODDY,350.0,g
7892840819422,Toddy Snickers,Toddy,350.0,g
7892840819477,Salgadinho De Milho Queijo Cheddar Tik Tok Cheetos Pacote 75g,CHEETOS,75.0,g
7892840819507,ACHOC PO TODDY,Toddy,370.0,g
7892840819514,Toddy Original,"Toddy,Pepsico",370.0,g
7892840819576,Queijo Nacho,Doritos,53.0,g
7892840819798,Achocolatado Pó Original Toddy Pacote 480g Econômica,ORIGINAL,480.0,g
7892840819835,Salgadinho De Trigo Pão De Alho Torcida Churras Pacote 45g,TORCIDA,45.0,g
7892840819842,Salgadinho De Trigo Pão De Alho Torcida Churras Pacote 70g,TORCIDA,70.0,g
7892840819859,TORCIDA PÃO DE ALHO 100G PEPSICO,TORCIDA,100.0,g
7892840819897,Batata Frita Lisa Clássica Lays Pacote 275g Mega Pacote,LAYS,275.0,g
7892840819903,Amendoim Frito Salgado Sem Pele Elma Chips Pacote 400g Embalagem Econômica,ELMA CHIPS,400.0,g
7892840819910,Salgadinho White Cheddar Popcorners Pacote 85g,POPCORNERS,85.0,g
7892840819958,Salgadinho Sea Salt Popcorners Pacote 85g,POPCORNERS,85.0,g
7892840819989,Salgadinho De Milho Cheddar Wow Patas Com Anitta Elma Chips Cheetos Pacote 61g,ELMA CHIPS,61.0,g
7892840820060,Salgadinho De Milho Pizza Rock In Rio Doritos Pacote 78g,DORITOS,78.0,g
7892840820091,Ovinhos de amendoim sabor barbecue,Elma Chips,130.0,g
7892840820107,Batata Frita Ondulada Cebola Salsa Elma Chips Ruffles Pacote 40g,ELMA CHIPS,40.0,g
7892840820114,Batata Frita Ondulada Churrasco Elma Chips Ruffles Pacote 40g,ELMA CHIPS,40.0,g
7892840820121,Batata Frita Ondulada Original Elma Chips Ruffles Pacote 40g,ELMA CHIPS,40.0,g
7892840820138,Salgadinho De Milho Sweet Chili Doritos Pacote 45g,DORITOS,45.0,g
7892840820145,Salgadinho De Milho Queijo Nacho Doritos Pacote 45g,DORITOS,45.0,g
7892840820152,Salgadinho De Trigo Pão De Alho Torcida Churras Pacote 38g,TORCIDA,38.0,g
7892840820169,Salgadinho De Trigo Camarão Com Pimenta Torcida Pacote 38g,TORCIDA,38.0,g
7892840820183,Batata Frita Lisa Frango Grelhado Lays Sensações Premium Pacote 40g,PREMIUM,40.0,g
7892840820190,Salgadinho De Trigo Costelinha Com Limão Torcida Pacote 38g,TORCIDA,38.0,g
7892840820213,Salg E Chips Torcida 38g Bacon,TORCIDA,38.0,g
7892840820244,BatataPeito De Peru Lays Sensações Premium Pacote 40g,PREMIUM,40.0,g
7892840820251,Salgadinho De Trigo Calabresa Torcida Pacote 38g,TORCIDA,38.0,g
7892840820275,TORCIDA CEBOLA 38G PEPSICO,TORCIDA,38.0,g
7892840820299,Salgadinho De Trigo Churrasco Torcida Pacote 38g,TORCIDA,38.0,g
7892840820312,Salgadinho De Trigo Pimenta Mexicana Torcida Pacote 38g,TORCIDA,38.0,g
7892840820343,Salgadinho De Trigo Queijo Torcida Pacote 38g,TORCIDA,38.0,g
7892840820381,Batata Palha Tradicional Elma Chips Pacote 100g,ELMA CHIPS,100.0,g
7892840820398,Batata Palha Extrafina Elma Chips Pacote 90g,ELMA CHIPS,90.0,g
7892840820404,Batata Palha Tradicional Elma Chips Pacote 60g,ELMA CHIPS,60.0,g
7892840820602,Salgadinho De Trigo Vinagrete Torcida Churras Pacote 70g,TORCIDA,70.0,g
7892840820626,batata rustica sal marinho,Lay's,38.0,g
7892840820633,lays sal marinho 68g,Lay's,68.0,g
7892840820640,Batata Frita Rústica Cream Cheese Lays Pacote 68g,LAYS,68.0,g
7892840820664,"Refrigerante Cola Zero Açúcar Pepsi Black Garrafa 1,5l",BLACK,1500.0,mL
7892840820701,Gatorade Zero Frts. Silvestre,,350.0,mL
7892840820855,Salgadinho De Milho Popcorners Pacote 85g,POPCORNERS,85.0,g
7892840821081,Sabor Hot Dog,Ruffles,70.0,g
7892840821722,Sea Salt,Pop Corners,57.0,g
7892840821746,Kettle Corn,Pop Corners,57.0,g
7892840821982,Cheetos Crunchy,Cheetos (Elma Chips),78.0,g
7892840822286,Cheetos sabor parmesão,Elma Chips,35.0,g
7892840822309,Cheetos 40G,Elma,40.0,g
7892840822323,Cheetos,Elma Chips,160.0,g
7892840822347,DORITOS QUEIJO NACHO 75G ELMA CHIPS M,doritos,75.0,g
7892840822446,Doritos Sabor Queijo Nacho,Doritos,120.0,g
7892840822477,Sabor Churrasco,Torcida,35.0,g
7892840822484,TORCIDA COSTELINHA COM LIMÃO PEPSICO,PEPSICO,35.0,g
7892840822521,Sabor Queijo,Torcida,35.0,g
7892840822552,Bacon - Torcida - Torcida,torcida,60.0,g
7892840822590,Churrasco torcida,Torcida,60.0,g
7892840822644,Labor Queijo,Torcida,60.0,g
7892840822705,Salgadinho Torcida sabor Pimenta Mexicana,"Torcida, Pespico",420.0,g
7892840822743,toddy,,280.0,g
7892840822750,lays clássica 35g,Lay's,35.0,g
7892840822774,Baconzitos,Elma Chips,86.0,g
7892840822781,Baconzitos,,130.0,g
7892840822804,Cebolitos,elma Chips,91.0,g
7892840822835,Fandangos Bacon,,35.0,g
7892840822903,Salgadinho de milho sabor presunto,Elma Chips,160.0,g
7892840822910,Salgadinho de milho sabor queijo,"Elma chips,Fandangos",160.0,g
7892840823047,ruffles churrasco,,68.0,g
7892840823054,Ruffles - Pepsico - Pepsico,ruffles,68.0,g
7892840823115,Salgadinho de trigo sabor churrasco,Pepsico,210.0,g
7892840823245,cheetos bola,,125.0,g
7892840823375,Batata Lays Clássica 70 g,Lays,70.0,g
7892840823405,Batata Frita Lay's Clássica 115g,Lay's,115.0,g
7892840823764,doritos mostarda 110G Elma Chips G,Doritos,110.0,g
7892840824235,Cheetos pimenta  mexicana,,120.0,g
7892840853240,Fandangos sabor Queijo,"Elma Chips,Pepsico",59.0,g
7892881248076,Mel Orgânico Da Caatinga Mesmo,Mesmo!,450.0,g
7892970110635,Salsicha Estrela,,700.0,g
7892975781625,Mochi de Açaí,moti moti,33.0,g
7892999150100,leite uht Desnatado,Leco,1000.0,mL
7892999150124,Leite UHT Integral,Leco,1000.0,mL
7892999861204,Manteiga E Margarina Sem Sal Extra Cremosa Leco Pote 200g,LECO,200.0,g
7892999862201,Manteiga E Margarina Com Sal Extra Cremosa Leco Pote 200g,LECO,200.0,g
7893000004757,patê sabor presunto,SADIA INTERNATIONAL,100.0,g
7893000005945,Filé de Peito de Frango Congelado sem Pele sem Osso Sadia,Sadia,1000.0,g
7893000005969,Coxa De Frango Congelada Sadia 1kg,SADIA,1000.0,g
7893000005976,Sobrecoxa De Frango Congelada Sadia 1kg,SADIA,1000.0,g
7893000012509,Torta de Frango com Requeijão Sadia,Sadia,500.0,g
7893000012547,"Torta Congelada Frango, Palmito, Milho E Requeijão Sadia Caixa 500g",SADIA INTERNATIONAL,500.0,g
7893000012578,Torta Congelada Palmito E Requeijão Sadia Caixa 500g,SADIA INTERNATIONAL,500.0,g
7893000024014,linguiça,Sadia,5000.0,g
7893000025653,Patê De Peito De Peru Defumado Sadia 100g,SADIA INTERNATIONAL,100.0,g
7893000027701,Sanduíche Congelado X Burguer Sadia Hot Pocket Pacote 145g,SADIA INTERNATIONAL,145.0,g
7893000027718,Sanduíche Congelado X Frango Sadia Hot Pocket Pacote 145g,SADIA,145.0,g
7893000029019,breaded chicken golden bites قطع الدجاج الذهبية,Sadia,300.0,g
7893000040144,Linguiça Toscana Sadia 950g,SADIA INTERNATIONAL,950.0,g
7893000043213,Hot Pocket X-Picanha Sadia,Sadia,145.0,g
7893000043220,Sanduíche Congelado X Bacon Sadia Hot Pocket Pacote 145g,SADIA INTERNATIONAL,145.0,g
7893000047297,delixe,Sadia,500.0,g
7893000050273,Qualy blue,Sadia,500.0,g
7893000052888,Escondidinho Carne Moída Sadia Pacote 600g,SADIA,600.0,g
7893000052895,Escondidinho Frango Sadia Pacote 600g,SADIA,600.0,g
7893000065253,Cremosa,Qualy,500.0,g
7893000069350,Linguiça Mista Fininha Sadia 240g,SADIA INTERNATIONAL,240.0,g
7893000069374,Strogonoff de Frango,Sadia,500.0,g
7893000069732,Pizza Marguerita Sadia Caixa 460g,SADIA,460.0,g
7893000072015,Traditional Chicken Nuggets,Sadia,300.0,g
7893000073142,Lasanha Bolonhesa Sadia Pacote 1kg Embalagem Econômica,Sadia,1000.0,g
7893000073166,Lasanha Quatro Queijos Sadia Pacote 1kg Embalagem Econômica,SADIA,1000.0,g
7893000079298,Margarina Cremosa Com Sal Qualy Pote 1kg Embalagem Econômica,Qualy,1000.0,g
7893000081581,Coxa De Frango Congelada Temperada Sadia Frango Fácil 800g,SADIA,800.0,g
7893000081598,Sobrecoxa De Frango Congelada Temperada Sadia Frango Fácil 800g,SADIA,800.0,g
7893000081628,Margarina Com Sal Qualy Aéra Pote 250g,QUALY,250.0,g
7893000084308,Queijo Prato Fatiado Soltíssimo,SADIA,200.0,g
7893000084315,Queijo Mussarela Sadia Soltíssimo 200g,SADIA,200.0,g
7893000084360,Margarina Com Sal Qualy Aéra Pote 500g,QUALY,500.0,g
7893000089549,Linguiça De Frango Cozida E Defumada Sadia 480g,SADIA,480.0,g
7893000089600,chicken nuggets,Sadia,750.0,g
7893000089624,Chicken nuggets,Sadia,270.0,g
7893000089648,ساديا ناجتس دجاج  مقرمش,,750.0,g
7893000090064,Coxa Com Sobrecoxa De Frango Congelada Sem Osso Sadia 1kg,SADIA,1000.0,g
7893000090903,Frango Fácil no Forno Filé de Peito Temperado,Sadia,700.0,g
7893000091641,Bacon Em Fatias Sadia Na Receita 250g,SADIA INTERNATIONAL,250.0,g
7893000122116,Kibe Sadia 500g,SADIA,500.0,g
7893000133075,Linguiça Guanabara Cozida E Defumada Sadia 500g,SADIA,500.0,g
7893000134638,Almôndega De Carne Bovina Sadia Caixa 500g 20 Unidades,SADIA,500.0,g
7893000135529,Salsicha Hot Dog Sadia 500g 10 Unidades,Sadia,500.0,g
7893000289758,Salame Fatiado Sadia R,SADIA INTERNATIONAL,100.0,g
7893000290099,Presunto Parma Fatiado Sadia Speciale 100g,SADIA,100.0,g
7893000290174,Copa Fatiada Sadia Speciale 100g,SADIA,100.0,g
7893000290259,Salame Italiano Fatiado Sadia 100g,SADIA INTERNATIONAL,100.0,g
7893000340107,Mortadela Sadia 1kg,SADIA,1000.0,g
7893000382961,Qualy cremosa,Qualy,250.0,g
7893000383005,Margarina Cremosa Sem Sal Qualy Pote 500G,Qualy,500.0,g
7893000387096,Hambúrguer De Carne Bovina Tradicional Sadia Caixa 672g 12 Unidades,SADIA INTERNATIONAL,672.0,g
7893000394117,Qualy cremosa com sal,Qualy,250.0,g
7893000394209,Cremosa com sal,Qualy,500.0,g
7893000436725,Sobrecoxa De Frango Congelada Sadia 1kg,SADIA,1000.0,g
7893000436800,Coxa De Frango Congelada Sadia 1kg,SADIA,1000.0,g
7893000437029,Coração de Frango Congelado,Sadia,1000.0,g
7893000437104,Moela De Frango Congelada Sadia 1kg,SADIA,1000.0,g
7893000446366,Presunto Cozido Sadia,"Sadia,BRF",3400.0,g
7893000452763,Sadia chicken Burger,,672.0,g
7893000482401,Filé De Peito De Frango Congelado Sadia 1kg,SADIA INTERNATIONAL,1000.0,g
7893000486317,Hambúrguer Sabor Churrasco Sadia,Sadia,672.0,g
7893000486744,Hambúrguer De Frango Sadia Caixa 672g 12 Unidades,SADIA INTERNATIONAL,672.0,g
7893000488526,Frango A Passarinho Congelado Sadia 1kg,SADIA,1000.0,g
7893000488601,Frango A Passarinho Congelado Temperado Sadia 1kg,SADIA,1000.0,g
7893000488878,Coxinha Da Asa De Frango Congelada Sadia Pouch 1kg,SADIA INTERNATIONAL,1000.0,g
7893000492394,Frango à Parmegiana Sadia Pacote 500g,SADIA INTERNATIONAL,500.0,g
7893000502888,Light 0% Lactose,"Qualy,Brf",500.0,g
7893000514973,Margarina Com Sal Light Zero Lactose Qualy Pote 250g,SADIA INTERNATIONAL,250.0,g
7893000521322,bacon sadia,,750.0,g
7893000557949,sadia,,1000.0,g
7893000558168,SADIA CHICKEN,Sadia,1100.0,g
7893000558915,Chicken Griller,Sadia,1500.0,g
7893000631939,Pizza Mussarela Sadia Caixa 440g,SADIA,440.0,g
7893000632073,Pizza Calabresa Sadia Caixa 460g,,460.0,g
7893000632233,Pizza 4 Queijos Sadia Caixa 460g,,460.0,g
7893000639836,"Lasanha Bolonhesa Sadia Pacote 1,6kg Embalagem Econômica",SADIA,1600.0,g
7893000650138,Linguiça Calabresa Cozida E Defumada Sadia 500g,SADIA INTERNATIONAL,500.0,g
7893000671997,Pizza Lombo com Requeijão e Mussarela Sadia Caixa 460g,,460.0,g
7893000672109,Pizza Frango com Requeijão Qualitá Caixa 460g,,460.0,g
7893000674073,Lasanha Quatro Queijos Sadia Pacote 350g,SADIA,350.0,g
7893000674233,Lasanha Bolonhesa Sadia Pacote 350g,SADIA,350.0,g
7893000707696,Bacon Em Cubos Sadia Na Receita 140g,SADIA,140.0,g
7893000719279,Salsicha de Frango Sadia,Sadia,500.0,g
7893000863125,Filezinho (Sassami),Sadia,1000.0,g
7893000902633,Yakissoba,Sadia,600.0,g
7893000913912,Nugget de frango,Sadia,1500.0,g
7893000934672,Breaded Chicken Escalopes,Sadia,480.0,g
7893000949270,Empanado De Frango Crocante Sadia Nuggets Pacote 300g,SADIA INTERNATIONAL,300.0,g
7893000949355,Empanado De Frango Tradicional Sadia Nuggets Pacote 300g,Sadia,300.0,g
7893000949430,Empanado De Frango Queijo Sadia Nuggets Pacote 300g,SADIA INTERNATIONAL,300.0,g
7893000969032,Torta Holandesa Miss Daisy Caixa 470g,SADIA INTERNATIONAL,470.0,g
7893000979932,deline,Sadia,250.0,g
7893000980006,Margarina con sal,Deline,500.0,g
78930230,baton,"Baton,Garoto",16.0,g
7893095729269,Snack Caes Health 50g Imunidade,,50.0,g
7893095729382,Panettone Com Gotas de Chocolate - 400g Casas Pedro,Casas Pedro,400.0,g
78931053,Kinder Sorpresa Rosa,Kinder,20.0,g
78931244,Bombom Sabor Brigadeiro Com Recheio de Brigadeiro,Arcor,15.0,g
7893177203076,Terere,Madrugada,500.0,g
7893189014547,Barra whey protein,"PanVel, Nutrabem",45.0,g
7893200001815,Palmito Pupunha Ipanema 300g Rodela,IPANEMA,300.0,g
7893200003109,Palmito Pupunha Ipanema 300g,IPANEMA,300.0,g
7893200011005,Palmito Picado Pupunha Ipanema 560g,IPANEMA,560.0,g
7893200035001,Palmito Ipanema 300g Palmeira Inteiro,PALMEIRA,300.0,g
7893200203004,Palmito Ipanema 300g Palmeira Real Rodela,PALMEIRA,300.0,g
7893218003931,BEB.MISTA TANQUERAY GIN TONICA LT,,269.0,mL
7893301528969,Massas Santa Ana,Massas Santa Ana,400.0,g
7893333225003,Ferm quim Royal,,250.0,g
7893333229001,Gelatina Pó Sem Sabor,"ROYAL, Mondelez",24.0,g
7893333289128,Club Social Original,Club Social,156.0,g
7893333289210,Clube Social Original,"Nabisco,Kraft Foods",26.0,g
7893333317456,Club Social Integral,Club Social,156.0,g
7893333317746,Clube Social Integral,"Nabisco,Kraft Foods",26.0,g
7893333325000,Cream Cheese Philadelphia Pote 150g,PHILADELPHIA,150.0,g
7893333325109,Cream Cheese Light Philadelphia Pote 150g,PHILADELPHIA,150.0,g
7893333523000,Leite em Pó Desnatado Glória,Glória,260.0,g
7893333728108,Chocooky baunilha,Nabisco,200.0,g
7893333733355,Biscoito Queijo Parmesão Bon Gouter Caixa 100g,BON GOUTER,100.0,g
7893339010306,Granola Classic Vanilla Puravida 180g,Puravida,180.0,g
7893375010209,Carne Bovino Patinho,Swift,500.0,g
78933873,Coca-Cola Zero,Coca Cola,200.0,mL
7893443011343,Pao Famiglia 400gr Italiano Integ Filao,,400.0,g
78934696,"Pastilha Laranja, Morango, Manga E Melão Tic Tac Caixa 16g",TIC TAC,16.0,g
7893500011286,Alimento Em Pó Supra Soy Sem Lactose Original 300g,SUPRASOY,300.0,g
7893500012672,Arroz Carreteiro Tio João Cozinha Sabor 175g,TIO JOAO,175.0,g
7893500012689,Arroz Com Galinha Tio João Cozinha Sabor 175g,TIO JOAO,175.0,g
7893500012696,Arroz Tio João Risoto à Valligiana Cozinha Sabor 175g,TIO JOAO,175.0,g
7893500012702,Arroz Risoto A Parmigiana Cozinha Sabor 175g,TIO JOAO,175.0,g
7893500012719,Arroz Tio João Risoto Milanês Cozinha Sabor 175g,TIO JOAO,175.0,g
7893500012931,Arroz Selvagem Tio João Variedades Mundiais Cozinha Canadense 250g,TIO JOAO,250.0,g
7893500018452,Arroz Parboilizado Tio João Tipo 1 5kg,TIO JOAO,5000.0,g
7893500018469,Arroz Parboilizado Tio João Tipo 1 1kg,TIO JOAO,1000.0,g
7893500018476,Arroz Parboilizado Tipo 1 Classe Longo Fino 1kg,TIO JOAO,1000.0,g
7893500018483,Arroz Integral Tio João Tipo 1 1kg,TIO JOAO,1000.0,g
7893500018490,Arroz Integral Tio João Tipo 1 500g,TIO JOAO,500.0,g
7893500019206,Arroz Carnaroli Tio João Variedades Mundiais Cozinha Italiana Especial Para Risoto 1kg,TIO JOAO,1000.0,g
7893500019220,Arroz Sasanishiki Tio João Variedades Mundiais Cozinha Japonesa 1kg,TIO JOAO,1000.0,g
7893500019244,Arroz Aromático Jasmine Tio João Variedades Mundiais Cozinha Tailandesa 1kg,TIO JOAO,1000.0,g
7893500020615,Arroz Tipo 2 Parboilizado,Tio Mingote,1000.0,g
7893500024972,SUPRA SOY Supra Soy Sem Lactose Original,Supra soy,1000.0,mL
7893500025337,Arroz à Grega Tio João Cozinha Fácil 250g,TIO JOAO,250.0,g
7893500025351,Arroz Com Curry Tio João Cozinha Fácil 250g,TIO JOAO,250.0,g
7893500025368,Arroz Com Funghi Tio João Cozinha Fácil 250g,TIO JOAO,250.0,g
7893500025375,Arroz Com Brócolis Tio João Cozinha Fácil 250g,TIO JOAO,250.0,g
7893500034827,Arroz Integral Orgânico Tio João 1kg,TIO JOAO,1000.0,g
7893500037996,TIO JOÃO Arroz Tio João 7 Cereais + Soja,Tio joao5,1000.0,g
7893500038931,Arroz Integral - Meu Biju,Meu biju,1000.0,g
7893500045434,Arroz Tio João 7 Grãos Integrais 500g,TIO JOAO,500.0,g
7893500045458,Arroz 7 grãos + passas de uva,Tio João,1000.0,g
7893500050315,MEU BIJU Feijão Preto,Meu biju,1000.0,g
7893500052388,Arroz Vermelho Tio João Variedades Mundiais 500g,TIO JOAO,500.0,g
7893500066545,MEU BIJU Arroz Meu Biju 8 Grãos Integrais com Aveia,Meu biju,1000.0,g
7893500085768,TIO JOÃO Farinha de Arroz,TIO JOÃO,1000.0,g
7893500085843,riz,,5000.0,g
7893500089070,TIO JOÃO Arroz Tio João Integral,Tio João,1000.0,g
7893500090403,Arroz Branco Orgânico,Tio João,1000.0,g
7893500125440,Tio João,,1000.0,g
78935495,Cerveja Lager Heineken Garrafa 250ml,HEINEKEN,250.0,mL
7893590433975,Pão de Alho Calabresa,Pãozinho Tia Maria,320.0,g
7893595839772,Biscoito de Arroz Integral sabor Torta de Limão,Mrs Taste,22.0,g
7893595848231,Polpa de Morango,Frutale,400.0,g
78936126,Iogurte Grego Torta De Limão Nestlé Pote 90g,NESTLE,90.0,g
78936171,Iogurte Grego Tradicional Nestlé Pote 90g,NESTLE,90.0,g
78936195,Sobremesa Láctea Chocolate Chandelle Bandeja 180g 2 Unidades,NESTLE,180.0,g
7893630210085,Leche sabor helado de fresa,Eskimo,200.0,mL
7893630210221,Yogurt Durazno,Lala,125.0,g
7893630210238,yogurt Lala batido fresa,lala,125.0,g
7893630210252,yogurt batido Lala manzana,lala,125.0,g
7893630213406,Yogurt Manzana,Lala,900.0,g
7893630215103,yogurt Lala kids,lala,90.0,g
7893630215110,yogur Lala kids,Lala,90.0,g
7893642464025,Pé de Moça com Cobertura de Chocolate,"Manamel Doces, Manamel",53.0,g
7893642467231,Pé de moleque,Manamel,40.0,g
78936478,Refrigerante Laranja Fanta Garrafa 200ml,FANTA,200.0,mL
78936676,Yakult 40 Light,yakult,80.0,g
78936690,Iogurte Grego Torta De Maracujá Nestlé Pote 90g,NESTLE,90.0,g
78936911,Baton Creme de Morango,Garoto,16.0,g
7893753000235,Filé de Peito de Frango Congelado Orgânico sem Osso Korin,Korin,700.0,g
7893753000297,Filé de Peito de Frango Boa Pedida,Korin,700.0,g
7893753001492,Mel,Korin,280.0,g
7893753299608,Filezinho Sassami De Frango Congelado Orgânico Sem Pele Sem Osso Korin 600g,KORIN,600.0,g
7893753299622,Coxinha Da Asa De Frango Congelada Orgânica Korin 600g,KORIN,600.0,g
7893753299639,Sobrecoxa De Frango Congelada Orgânica Korin 600g,KORIN,600.0,g
7893753299646,Coxa De Frango Congelada Orgânica Korin 600g,KORIN,600.0,g
7893753299653,Filé De Peito De Frango Congelado Orgânico Sem Pele Sem Osso Korin 600g,KORIN,600.0,g
7893753600619,Filé De Truta Congelada Korin Pacote 500g,KORIN,500.0,g
7893753602408,Cortes Congelados de Sobrecoxa,Korin,600.0,g
7893753602422,Coxa De Frango Congelada Korin Sustentável Livre De Transgênicos 600g,KORIN,600.0,g
7893753602491,Coxa Com Sobrecoxa De Frango Congelada Sem Osso Korin Sustentável Livre De Transgênicos 600g,KORIN,600.0,g
7893753602811,KORIN Milho de Pipoca Orgânico,KORIN,500.0,g
7893753602835,KORIN Feijão Preto Orgânico,Korin,500.0,g
7893753602842,KORIN Feijão Carioca Orgânico,Korin,500.0,g
7893753603023,Mel orgânico,Korin,300.0,g
7893753603436,Filé De Peito De Frango Resfriado Sem Osso Korin Sustentável Livre De Transgênicos 600g,KORIN,600.0,g
7893753603443,Sobrecoxa De Frango Resfriada Korin Livre De Transgênicos 600g,KORIN,600.0,g
7893753603450,Sobrecoxa De Frango Resfriada Sem Pele Korin Livre De Transgênicos 600g,KORIN,600.0,g
7893753603467,Filezinho Sassami De Frango Resfriado Sem Osso Korin Sustentável Livre De Transgênicos 600g,KORIN,600.0,g
7893753603672,Coxa Com Sobrecoxa De Frango Resfriada Sem Osso Korin Sustentável Livre De Transgênicos 600g,KORIN,600.0,g
7893753604129,Filé De Coxa E Sobrecoxa De Frango Resfriado Sem Osso Korin Sustentável Livre De Transgênicos 600g,KORIN,600.0,g
7893753604198,Fígadi de Frango Korin 600 g,Korin,600.0,g
7893753604594,Sobrecoxa De Frango Congelada Korin Sustentável Livre De Transgênicos 1kg,KORIN,1000.0,g
7893753604624,Filé De Peito De Frango Congelado Sem Osso Korin Sustentável Livre De Transgênicos 1kg,KORIN,1000.0,g
7893753605577,Filé De Truta Rosa Congelado Em Pedaços Porcionado Korin Pacote 500g,KORIN,500.0,g
78937697,desosorante,"Unilever, Dove",50.0,mL
78937765,Refrigerante Guaraná Fanta Garrafa 200ml,FANTA,200.0,mL
78938571,Refrigerante de Uva,Fanta,200.0,mL
78938793,Bala Cereja Halls Pacote 28g,HALLS,28.0,g
78938816,"Bala Mentol Extra Forte Halls Pacote 27,5g",HALLS,27.5,g
78938823,Halls Mentol,Halls,28.0,g
78938830,DROPS HALLS MENTA 28G ZEBRA,HALLS,28.0,g
78938847,Bala Morango Halls Pacote 28g,HALLS,28.0,g
78938854,"DROPS HALLS MELANCIA R$ 2,99",HALLS,28.0,g
78938878,Halls prata,,28.0,g
78939301,Sonho de valsa,Lacta,20.0,g
78939318,Bombom Wafer Lacta Ouro Branco Pacote 20g,Nestlé,20.0,g
78939363,Chocolate Ao Leite Extramilk Garoto Baton 16g,BATON,16.0,g
78939745,Limonade,Sprite,200.0,mL
78939806,Chá Preto Ice Tea Pêssego Leão Garrafa 250ml,LEAO,250.0,mL
7894000000213,Caldo Galinha,Knorr,19.0,g
7894000000268,Caldo Tablete Legumes,KNORR,57.0,g
7894000000275,Knor,KNORR,57.0,g
7894000000350,Preparado para caldo sabor carne de galinha,KNORR,114.0,g
7894000010014,Maizena,"Duryea,Maizena,Unilever",200.0,g
7894000010021,Maizena,"Duryea,Maizena,Unilever",500.0,g
7894000010038,Maizena,"Duryea,Maizena,Unilever",1000.0,g
7894000021249,Glucose Karo Squeeze 350g,KARO,350.0,g
7894000030029,MAZOLA Óleo de Milho,MAZOLA,500.0,mL
7894000033808,Caldo de Costela,Knorr,57.0,g
7894000033860,Caldo Tablete Bacon Knorr Mais Sabor Caixa 57g 6 Unidades,KNORR,57.0,g
7894000047515,Bebida à Base De Soja Pêssego Ades Caixa 1l,ADES,1000.0,mL
7894000048703,Amido de Milho Maizena Tradicional,Maizena,200.0,g
7894000050027,Maionese Hellmanns Pote 250g,HELLMANN S,250.0,g
7894000050034,hellmann's maionese,Hellmann's,500.0,g
7894000050720,Maionese Light Hellmanns Pote 500g,Hellmann's,500.0,g
7894000080697,knorr Sopa de Carne com + Macarrão,"Knorr,Unilever Brasil",75.0,g
7894000089805,HELLMANN'S Ketchup Tradicional 380 g,HELLMANN'S,380.0,g
7894000181011,Bebida à Base De Soja Laranja Ades Caixa 1l,ADES,1000.0,mL
7894000200019,Mingau Tradicional Maizena Cremogema Caixa 500g,MAIZENA,500.0,g
7894000200026,Mingau Tradicional Maizena Cremogema Caixa 200g,MAIZENA,200.0,g
7894000200057,Mingau Chocolate Maizena Cremogema Caixa 200g,MAIZENA,200.0,g
7894000800615,Pimenta Kitano 15gr Bca.moida,KITANO,15.0,g
78940826,Kinder Ovo,"Kinder,Ferrero",20.0,g
78940840,Ovo de Chocolate ao Leite com Recheio ao Leite,Kinder,20.0,g
7894321208022,Aveia Em Flocos Finos Quaker Lata 450g,Quaker,450.0,g
7894321208121,Quaker Aveia Integral Flocos,quaker,450.0,g
7894321210520,Barra de Cereal Morango e Iogurte,Quaker,66.0,g
7894321211329,Barra de Cereal Morango e Iogurte,Quaker,24.0,g
7894321216324,Quaker Cookie de Aveia,"Quaker,Pepsico do Brasil,Pepsico",40.0,g
7894321219523,Toddy Cookie,Toddy,150.0,g
7894321219721,Aveia Em Flocos Finos Quaker 200G,Quaker,200.0,g
7894321220024,OAT BRAN,QUAKER,200.0,g
7894321220529,Achocolatado Pó Original Toddy,TODDY,700.0,g
7894321221427,Cereal Mix Aveja + Frutas + Flacos Crocantes,"Pepsico,Quaker",150.0,g
7894321223025,Barra de Cereais Morango com Chocolate,Quaker,66.0,g
7894321223223,Barra de Cereais Morango com Chocolate,Quaker,66.0,g
7894321223322,"Barra de Cereais Banana, Aveia e Mel",Quaker,66.0,g
7894321223520,"Barra de Cereais Banana, Aveia e Mel",Quaker,22.0,g
7894321235226,água De Coco Esterilizada Kero Coco Kids Caixa 200ml,PEPSICO,200.0,mL
7894321241722,Achocolatado com aveia,Quaker,250.0,g
7894321242521,Bebida Láctea Uht Chocolate Toddynho Levinho Caixa 200ml,Toddynho Levinho,200.0,mL
7894321611112,Aveia Em Flocos Regulares Quaker,Quaker,500.0,g
7894321612041,Farinha De Aveia Quaker,Quaker,500.0,g
7894321613581,Barra de Cereal Banana e Chocolate,Quaker,22.0,g
7894321613598,Barra de Cereal Banana e Chocolate,Quaker,66.0,g
7894321631011,polentina,Quaker,500.0,g
7894321711058,Toddy Light,Toddy,380.0,g
7894321711171,Toddy,Toddy,200.0,g
7894321711263,Toddy Original,Toddy,400.0,g
7894321711478,Toddy Original,Toddy,800.0,g
7894321722016,Toddynho sabor Chocolate,Toddynho,200.0,mL
7894321811123,Sardinha com Óleo,Coqueiro,125.0,g
7894321811253,Sardinha com Molho de Tomate,Coqueiro,125.0,g
7894321811369,Sardinhas com Molho de Moqueca,Gomes,125.0,g
7894321811758,Sardinha Com óleo Coqueiro Lata 83g,Coqueiro,125.0,g
7894321811789,Sardinha Com Molho Tomate Coqueiro Lata 83g,Coqueiro,125.0,g
7894321815374,Filés de Sardinha com Molho de tomate Gomes da Costa - sem pele e sem espinhas.,Gomes da Costa,125.0,g
7894321821108,Atum Sólido Em óleo Coqueiro Lata 120g,PEPSI,120.0,g
7894321822020,Atum Ralado Em óleo Coqueiro Lata 120g,PEPSI,120.0,g
7894321823096,Atum Em Pedaços Em óleo Coqueiro Lata 110g,COQUEIRO,110.0,g
7894321823508,Atum Em Pedaços Ao Natural Coqueiro Lata 110g,PEPSI,110.0,g
7894321824505,Atum Sólido Ao Natural Coqueiro Lata 130g,PEPSI,130.0,g
7894321841014,Patê De Atum Coqueiro Sachê 170g,PEPSI,170.0,g
7894394000035,Sorbet Orgânico Amora Zero Lactose La Naturelle Pote 500ml,LA NATURELLE,500.0,mL
7894394000059,Sorbet Orgânico Maracujá Zero Lactose La Naturelle Pote 500ml,LA NATURELLE,500.0,mL
7894394000066,Sorbet Orgânico Morango Zero Lactose La Naturelle Pote 500ml,LA NATURELLE,500.0,mL
7894394000639,Sorbet Orgânico Chocolate Zero Lactose La Naturelle Pote 500ml,LA NATURELLE,500.0,mL
78945449,Tic tac,Menta,14.5,g
7894588771543,Tamarin pimentée,NASAINA,20.0,g
7894588786455,SAMLIP Farinha Panko,SAMLIP,400.0,g
7894650000052,Glade LARANJA CÍTRICA,,175.0,g
7894655600080,Riz au lait,Ferme des Tilleuls,125.0,g
7894900010015,Coca Cola LT 350ml,Coca-Cola,350.0,mL
7894900010282,Sabor Original,Coca-Cola,310.0,mL
7894900010398,Refrigerante de Cola,Coca-Cola,220.0,mL
7894900011159,Coca cola,Coca cola,310.0,mL
7894900011326,Pack Refrigerante Coca Cola Original Lata 6 Unidades 350ml Cada Leve Mais Pague Menos,COCA-COLA ORIGINAL,350.0,mL
7894900011517,Refrigerante Coca-Cola 2Lt,Coca-Cola,2000.0,mL
7894900011593,"Refrigerante Coca Cola Garrafa 2,5l Embalagem Econômica",COCA-COLA,2500.0,mL
7894900011609,Refrigerante de cola,Coca Cola,600.0,mL
7894900011708,Coca-cola,Coca-Cola,3000.0,mL
7894900011715,Refrigerante Coca Cola Garrafa 1l,COCA-COLA,1000.0,mL
7894900011753,"Refrigerante Coca Cola Original Garrafa 1,5l",COCA-COLA,1500.0,mL
7894900012606,Pack Refrigerante Coca Cola Original Garrafa 6 Unidades 600ml Cada Leve Mais Pague Menos,COCA COLA,600.0,mL
7894900014211,coca,coca cola,1000.0,mL
7894900018578,"Refrigerante Coca Cola Original Garrafa 1,5l",COCA-COLA,1500.0,mL
7894900025019,Refrigerante Café Espresso Coca Cola Lata 220ml,COCA-COLA,220.0,mL
7894900027006,"Refrigerante Coca Cola Original Garrafa 1,5l",COCA COLA MENOS AÇÚCAR,1500.0,mL
7894900027013,Refrigerante Coca Cola Original Garrafa 2l,COCA-COLA,2000.0,mL
7894900027020,"Refrigerante Coca Cola Original Garrafa 2,5l Embalagem Econômica",COCA-COLA,2500.0,mL
7894900027037,Refrigerante Coca Cola Original Garrafa 3l Embalagem Econômica,COCA-COLA,3000.0,mL
7894900027327,Kit Refrigerante Coca Cola Original Fanta Laranja 2l Cada,FANTA LARANJA,2000.0,mL
7894900027334,Kit Refrigerante Coca Cola Original Fanta Guaraná 2l Cada Leve Mais Pague Menos,FANTA GUARANÁ,2000.0,mL
7894900027365,casadinha coca e fanta,,2000.0,mL
7894900027488,Refrigerante Coca Cola Coca S/acucar Lv Pg Pet 2l 7894900027488,COCA COLA,2000.0,mL
7894900028003,Refrigerante de Cola Sabor Byte,Coca-Cola,310.0,mL
7894900029000,Coca Cola sem açúcar sabor Melancia e Morango,Coca-Cola,310.0,mL
7894900030013,Refrigerante Laranja Fanta Lata 350ml,Fanta,350.0,mL
7894900030396,Refrigerante Laranja Fanta Lata 220ml,FANTA,220.0,mL
7894900031157,Refrigerante Laranja Fanta Lata 310ml,FANTA,310.0,mL
7894900031515,Refrigerante Laranja Fanta Garrafa 2l,FANTA,2000.0,mL
7894900031591,"Refrigerante Laranja Fanta Garrafa 2,5l Embalagem Econômica",FANTA,2500.0,mL
7894900031607,Refrigerante Laranja Fanta Garrafa 600ml,FANTA,600.0,mL
7894900031706,Refrigerante Laranja Fanta Garrafa 3l Embalagem Econômica,FANTA,3000.0,mL
7894900031751,"Refrigerante Laranja Fanta Garrafa 1,5l",FANTA,1500.0,mL
7894900033564,Refrigerante Laranja Fanta Garrafa 500ml,FANTA,500.0,mL
7894900039061,Kit Refrigerante Coca Cola Original Laranja Fanta 2l Cada Leve Mais Pague Menos,COCA COLA,2000.0,mL
7894900049831,Fanta Laranja Zero Lt 350 Ml 6/1,,350.0,mL
7894900051759,Fanta Uva 1 5l,FANTA UVA,5000.0,mL
7894900061512,Refrigerante Limão Sem Açúcares Sprite Garrafa 2l,SPRITE,2000.0,mL
7894900070019,Sprite Zero,Sprite Zero,500.0,mL
7894900083002,Alimento à base de amêndoa,ades,1000.0,mL
7894900083507,Bebida à Base De Amêndoa Baunilha Ades Caixa 1l,ADES,1000.0,mL
7894900084504,Bebida à Base De Coco Ades Caixa 1l,ADES,1000.0,mL
7894900086027,Adês original sem açúcar,Adês,1000.0,mL
7894900087017,Bebida à Base De Soja Abacaxi Ades Caixa 200ml,ADES,200.0,mL
7894900087055,Bebida à Base De Soja Laranja Ades Caixa 200ml,ADES,200.0,mL
7894900087062,Bebida à Base De Soja Maçã Ades Caixa 1l,ADES,1000.0,mL
7894900087093,Bebida à Base De Soja Morango Ades Caixa 200ml,ADES,200.0,mL
7894900087109,Bebida à Base De Soja Pêssego Ades Caixa 1l,ADES,1000.0,mL
7894900087116,Bebida à Base De Soja Pêssego Ades Caixa 200ml,ADES,200.0,mL
7894900087123,Bebida à Base De Soja Uva Ades Caixa 1l,ADES,1000.0,mL
7894900087130,Bebida à Base De Soja Uva Ades Caixa 200ml,ADES,200.0,mL
7894900091007,Refrigerante Maracujá Fanta Lata 350ml,FANTA,350.0,mL
7894900091014,Refrigerante Maracujá Fanta Garrafa 2l,FANTA MARACUJÁ,2000.0,mL
7894900093001,Fanta guarana,Fanta,350.0,mL
7894900093025,Refrigerante Guaraná Fanta Lata 220ml,SESTINI,220.0,mL
7894900093056,Refrigerante Guaraná Fanta Garrafa 2l,FANTA,2000.0,mL
7894900093278,"Refrigerante Guaraná Fanta Garrafa 1,5l",FANTA,1500.0,mL
7894900093292,Guaraná Fanta,coca cola,2000.0,mL
7894900094022,Refrigerante Guaraná Zero Adição De Açúcar Fanta Garrafa 2l,FANTA,2000.0,mL
7894900095005,Refrigerante Fanta Sabor Mistério,"Coca-Cola,Fanta,Coca-Cola Brasil",350.0,mL
7894900095159,Mistério Beetlejuice,Fanta,350.0,mL
7894900096002,Refrigerante Tutti Frutti Fanta Garrafa 2l,FANTA,2000.0,mL
7894900096668,Refrigerante Sabor Caju,,2000.0,mL
7894900110005,Isotônico Uva Verde I9 Powerade Squeeze 500ml,I9LIFE,500.0,mL
7894900113563,Isotônico Limão I9 Powerade Squeeze 500ml,HIDROTONICO,500.0,mL
7894900123562,Isotônico Tangerina I9 Powerade Squeeze 500ml,I9LIFE,500.0,mL
7894900131154,Coca light 310ml,COCA-COLA,310.0,mL
7894900151510,Refrigerante Laranja Zero Adição De Açúcar Fanta Garrafa 2l,Fanta,2000.0,mL
7894900180022,Refrigerante Ginger Ale Schweppes Lata 220ml,SCHWEPPES,220.0,mL
7894900180541,Citrus,Schwepps,1500.0,mL
7894900184334,BEB.MISTA SCHWEPPES SPRITZ LT,,310.0,mL
7894900301755,"água Tônica Schweppes Garrafa 1,5l",SCHWEPPES,1500.0,mL
7894900303407,água Tônica Schweppes Garrafa 250ml,SCHWEPPES,250.0,mL
7894900321753,"Refrigerante Citrus Schweppes Garrafa 1,5l",SCHWEPPES,1500.0,mL
7894900335026,Bebida Mista Alcoólica Abacaxi Topo Chico Hard Seltzer Lata 310ml,TOPO CHICO,310.0,mL
7894900335040,Bebida Mista Alcoólica Gaseificada Morango E Goiaba Topo Chico Hard Seltzer Lata 310ml,TOPO CHICO,310.0,mL
7894900335095,Bebida Mista Alcoólica Gaseificada Manga Topo Chico Hard Seltzer Lata 310ml,TOPO CHICO,310.0,mL
7894900337006,ABSOLUT VODKA Sprite,"Absolut, Sprite",269.0,mL
7894900360394,água Tônica Zero Açúcar Schweppes Lata 220ml,SCHWEPPES,220.0,mL
7894900401103,Bebida Energética Burn 260ml,BURN,260.0,mL
7894900500035,Powerade limao,Powerade,500.0,mL
7894900501001,Isotônico Uva,"POWERADE, Powerade",500.0,mL
7894900503029,powerade laranja,Powerade,500.0,mL
7894900504002,Isotônico Mix De Frutas Fifa World Cup Qatar 2022 Powerade Squeeze 500ml,POWERADE,500.0,mL
7894900520507,água Saborizada Com Gás Limão Crystal Sabores Garrafa 510ml,CRYSTAL,510.0,mL
7894900521009,água Saborizada Com Gás Tangerina E Capim Limão Crystal Sabores Garrafa 510ml,CRYSTAL,510.0,mL
7894900530001,AGUA MIN CRYSTAL S/GAS 500ML,CRYSTAL,500.0,mL
7894900530018,crystal sport sem gás,Coca Cola,600.0,mL
7894900530032,Crystal - sem gás,Coca-Cola Brasil,1500.0,mL
7894900530056,Água Mineral Natural Crystal sem Gás,Coca Cola Brasil,5000.0,mL
7894900531008,AGUA MIN CRYSTAL C/GAS 50OML,Coca-Cola,500.0,mL
7894900531206,Agua Cristal C/gás,,350.0,mL
7894900550054,Bebida Adoçada Uva Del Valle Frut Garrafa 450ml,DEL VALLE,450.0,mL
7894900556032,Bebida Adoçada Laranja Del Valle Frut Garrafa 1l,PORTINARI,1000.0,mL
7894900558005,Suco Laranja Del Valle Fresh Garrafa 250ml,DEL VALLE,250.0,mL
7894900558029,Del Valle fresh,,1500.0,mL
7894900558111,"Refresco Laranja Del Valle Fresh Garrafa 1,5l",DEL VALLE,1500.0,mL
7894900558524,Suco Fresh Sabor Limão,"del Valle, Valle, del Valle Fresh, Coca-Cola, Coca-Cola Brasil",1500.0,mL
7894900563702,Bebida Adoçada Laranja Del Valle Kapo Caixa 200ml,KAPO,200.0,mL
7894900573701,Refresco Adoçado Maracujá Del Valle Kapo Caixa 200ml,DEL VALLE,200.0,mL
7894900583700,Refresco Adoçado Morango Del Valle Kapo Caixa 200ml,DEL VALLE,200.0,mL
7894900593709,Refresco Adoçado Uva Del Valle Kapo Caixa 200ml,DEL VALLE,200.0,mL
7894900603705,Refresco Adoçado Abacaxi Del Valle Kapo Caixa 200ml,KAPO,200.0,mL
7894900610017,Suco Laranja Del Valle Caixa 1l,DEL VALLE,1000.0,mL
7894900611014,Suco Uva Del Valle Caixa 1l,DEL VALLE,1000.0,mL
7894900611076,"Suco Uva Del Valle Garrafa 1,5l",DEL VALLE,1500.0,mL
7894900611090,Suco de Uva Integral Del Valle,Del Valle,1000.0,mL
7894900612004,Suco Maçã Del Valle Caixa 1l,DEL VALLE,1000.0,mL
7894900612059,Suco Maçã Del Valle Caixa 200ml,DEL VALLE,200.0,mL
7894900612073,"Suco Maçã Del Valle Garrafa 1,5l",DEL VALLE,1500.0,mL
7894900650006,Bebida Frutas Cítricas Del Valle Kapo Caixa 200ml,DEL VALLE,200.0,mL
7894900650013,Refresco Adoçado Maçã Del Valle Kapo Caixa 200ml,DEL VALLE,200.0,mL
7894900660319,Néctar Pêssego Del Valle Lata 290ml,DEL VALLE,290.0,mL
7894900660357,Néctar Manga Del Valle Caixa 1l,DEL VALLE,1000.0,mL
7894900660364,Néctar Abacaxi Del Valle Caixa 1l,DEL VALLE,1000.0,mL
7894900660418,Néctar Laranja Del Valle Caixa 200ml,DEL VALLE,200.0,mL
7894900660425,Néctar Pêssego Del Valle Caixa 200ml,DEL VALLE,200.0,mL
7894900660432,Néctar Uva Del Valle Caixa 200ml,DEL VALLE,200.0,mL
7894900660555,Néctar de goiaba de baixa caloria,Del Valle,1000.0,mL
7894900666502,Bebida Frutas Cítricas Del Valle Frut Garrafa 450ml,DEL VALLE FRUT,450.0,mL
7894900666519,Bebida Frutas Cítricas Light Del Valle Frut Garrafa 1l,DEL VALLE FRUT,1000.0,mL
7894900680508,Refrigerante Lemon Fresh Zero Açúcar Sprite Garrafa 510ml,Sprite,510.0,mL
7894900680522,"Refrigerante Lemon Fresh Sprite Garrafa 1,5l",SPRITE,1500.0,mL
7894900680553,Refrigerante Lemon Fresh Sprite Garrafa 600ml,SPRITE,600.0,mL
7894900681000,Refrigerante Limão Sprite Garrafa 2l,SPRITE,2000.0,mL
7894900681017,Refrigerante Limão Sprite Lata 350ml,PORTINARI,350.0,mL
7894900681024,Sprite,Sprite,310.0,mL
7894900681178,Refrigerante Limão Sprite Lata 220ml,SPRITE,220.0,mL
7894900681246,Sprite 600ml Limão,Sprite,600.0,mL
7894900700015,Coca Cola Zero Açúcar,Coca-Cola,350.0,mL
7894900700398,Coca cola zero mini,Coca cola,220.0,mL
7894900701159,Refrigerante Sem Açúcar Coca Cola Lata 310ml,COCA-COLA,310.0,mL
7894900701326,Pack Refrigerante Sem Açúcar Coca Cola Lata 6 Unidades 350ml Cada Leve Mais Pague Menos,COCA COLA,350.0,mL
7894900701517,Coca Cola Zero Açúcar,CocaCola,2000.0,mL
7894900701609,Refrigerante Sem Açúcar Coca Cola Garrafa 600ml,COCA-COLA,600.0,mL
7894900701715,coca cola zero,Coca-cola,1000.0,mL
7894900701753,"Coca-Cola Zero Açúcar 1,5l","Refrigerante,Coca cola,Coca-cola,Refrigerante zero",1500.0,mL
7894900702217,Coca-cola Zero sem Açúcar 12 Garrafas 200 mL,"Coca-Cola,Spal Industria Brasileira de Bebidas S.A.",2400.0,mL
7894900702606,Pack Refrigerante Sem Açúcar Coca Cola Garrafa 6 Unidades 600ml Cada Leve Mais Pague Menos,COCA COLA,600.0,mL
7894900709063,Kit Refrigerante Coca Cola Original Coca Cola Sem Açúcar 2l Cada Leve Mais Pague Menos,COCA-COLA,2000.0,mL
7894900910391,Refrigerante Guaraná Kuat Lata 220ml,KUAT,220.0,mL
7894900911510,Refrigerante Guaraná Kuat Garrafa 2l,KUAT,2000.0,mL
7894900911701,Refrigerante Guaraná Kuat Garrafa 3l,KUAT,3000.0,mL
7894900911756,"Kuat Garrafa Pet 1,5 L",KUAT,1500.0,mL
7894904000081,Seara chicken franks 340gm,,1020.0,g
7894904002450,Texas Burguer,Seara,672.0,g
7894904005482,Salsicha H Dog Seara 500gr,SEARA,500.0,g
7894904005789,Frango à Parmegiana Seara,Seara,500.0,g
7894904006304,Presunto Cozido Seara,Seara,3456.0,g
7894904008018,Banha Seara,Seara,1000.0,g
7894904008339,peito de peru de frango,Seara,1000.0,g
7894904009862,Linguica Calab Seara,SEARA,400.0,g
7894904015849,Filezinho Sassami Seara 1kg Bandeja,SEARA,1000.0,g
7894904038305,Frozen chicken franks,seara,340.0,g
7894904044900,Moelas de frango,Agriberia,1000.0,g
7894904048229,Seara,Seara chicken liver kebda djej,450.0,g
7894904050727,Chicken Breast,Seara,2000.0,g
7894904052639,Sierra Frozen chicken,Seara,700.0,g
7894904052646,Frozen chicken Griller,Seara,800.0,g
7894904052660,Sierra Frozen chicken 1000,Seara,1000.0,g
7894904052677,Sierra Frozen chicken,Seara,1100.0,g
7894904063413,Frango Caipira Nhô Bento Seara BJ,Seara,600.0,g
7894904070565,Costela Suína Com Molhor Barbecue Seara Gourmet 1kg,SEARA,1000.0,g
7894904070572,Lombo Suíno Com Molho Barbecue Seara Gourmet 1kg,SEARA,1000.0,g
7894904070596,Lasanha Seara Frango,SEARA,600.0,g
7894904070602,Lasanha Seara Calabresa 600gr,SEARA,600.0,g
7894904072293,Hot Hit Seara 145gr Picanha C/ketchup,SEARA,145.0,g
7894904072408,peito de peru,Seara,3000.0,g
7894904072439,Lasanha Presunto E Queijo 600g Seara,SEARA,600.0,g
7894904077335,Nature Hamburguer Bovino Temperado,Seara,452.0,g
7894904081639,Steak Empanado de Frango,Seara,100.0,g
7894904082704,Lasanha à Bolonhesa,Seara,600.0,g
7894904082728,Lasanha Seara 4 Queijos 600gr,SEARA,600.0,g
7894904085859,Base de Torta - Torta Leve,,500.0,g
7894904095896,Tiras de Peito de Frango Orgânico Seara,Seara,600.0,g
7894904095919,Filé de Peito de frango Orgânico SEARA,Seara,600.0,g
7894904095933,Coxinha das Asas de Frango Orgânico Seara,Seara,600.0,g
7894904097241,Linguiça de Frango com Bacon,Seara,500.0,g
7894904098293,Linguiça Cuiabana,"Seara,Seara Gourmet",500.0,g
7894904197699,Congelados e Soltinhos Frango a Passarinho Seara,Seara,1000.0,g
7894904197743,Corte Frango Coxinha da Asa 1kg Seara,Seara,1000.0,g
7894904201808,Linguiça de Alho-Poro Gourmet Seara,Seara,500.0,g
7894904201822,Linguiça Apimentada,"Seara,Seara Gourmet",450.0,g
7894904203420,Bacon em Fatias Gourmet,"Seara,Seara Gourmet",250.0,g
7894904204496,Nature Seleta Mista,Seara,300.0,g
7894904204557,Linguiça Fininha,Seara,215.0,g
7894904209644,Chicken Franks,Seara,340.0,g
7894904218165,Solomillo de pollo,Seara,1000.0,g
7894904219636,Empanado de Frango Incrível 100% Vegetal,"Incrível,Seara",300.0,g
7894904219650,Kibe,incrível!,300.0,g
7894904219674,Escondidinho,"Seara,Incrível",350.0,g
7894904219810,Carne de soja com legumes,"Incrível,Seara",350.0,g
7894904220212,Filé de Peito DaGranja Seara,Seara,600.0,g
7894904220243,Meio da Asa DaGranja,Seara,600.0,g
7894904221066,Coração DaGranja Seara,Seara,600.0,g
7894904223183,Filé de coxa sobrecoxa,Swift,1000.0,g
7894904231317,Hambúrguer de Carne Bovina,Friboi,400.0,g
7894904233380,Pizza Gourmet Artesanal Margherita,"Seara,Seara Gourmet",450.0,g
7894904236015,Almôndega de soja,"Incrível,Seara",320.0,g
7894904238620,Hambúrguer De Carne Bovina Picanha Seara Gourmet Caixa 360g 2 Unidades,GOURMET,360.0,g
7894904240692,Fettuccine com Parmesão e Bacon ao Molho Branco,Seara,350.0,g
7894904245871,Mac & Cheese Cheddar,Seara,300.0,g
7894904246601,Hot Hit Burrito - Costelinha com Barbecue,Seara,100.0,g
7894904246922,Pernil desfiado com molho barbecue,Incrível,350.0,g
7894904247042,Isca de peixe,Incrível,300.0,g
7894904247301,Hambúrguer de Carne Bovina Gran Reserva Swift,Swift,400.0,g
7894904248537,Hambúrguer De Carne Suína Toscana Seara Gourmet Caixa 360g 2 Unidades,GOURMET,360.0,g
7894904248544,Hambúrguer de Carne Bovina com Bacon,Seara,360.0,g
7894904253791,Almôndega Vegetal Incrível Caixa 256g,,256.0,g
7894904253999,Galinha a Passarinho Big Frango,,8.0,g
7894904254040,Coxa e Sobrecoxa com Porção Dorsal Big Frango,,9.0,g
7894904255030,Filé de Tilápia Seara,Seara,600.0,g
7894904255177,Linguiça de Pernil Suíno e Queijo Coalho,Seara,500.0,g
7894904255436,Filé de Coxa e Sobrecoxa Seara,Seara,1000.0,g
7894904255801,Pizza Frango com Requeijão,Rezendo,400.0,g
7894904255818,Pizza Calabresa Rezende,Rezende,400.0,g
7894904255832,LeBon Calabrese Pizza,LeBon,400.0,g
7894904255856,Pizza de Mussarela,LeBon,400.0,g
7894904255986,Minced Beef,Seara,350.0,g
7894904256341,Chicken burger,Seara,1000.0,g
7894904256471,Beef Meatballs,seara,450.0,g
7894904256587,Meio da Asa com Molho Barbecue,Seara,800.0,g
7894904257126,Seara breaded shrimps 750g,,750.0,g
7894904258550,Pizza de Lombo com Requeijão,LeBon,400.0,g
7894904259106,Filé de Merluza Seara,Seara,500.0,g
7894904259175,Frango Vegetal Congelado Em Cubos Incrível Bandeja 200g,,200.0,g
7894904259243,Salsicha Vegetal Incrível 240g,,240.0,g
7894904259953,Pizza Artesanal Pepperoni Com Mussarela Seara Gourmet Caixa 450g,ARTESANAL,450.0,g
7894904259960,Pizza Artesanal Lombo Com Requeijão Seara Gourmet Caixa 450g,ARTESANAL,450.0,g
7894904259977,Pizza Artesanal Frango Com Requeijão Seara Gourmet Caixa 450g,ARTESANAL,450.0,g
7894904261154,Tiras de carne,"Seara,Incrível",200.0,g
7894904261178,Carne moída,"Incrível,Seara",200.0,g
7894904262724,poulet rotir seara 1300g,18000fc,1300.0,g
7894904262731,poulet entier rotir poids 12 seara,,1200.0,g
7894904264179,File De Tilapia Empanado,Seara,400.0,g
7894904265770,Presunto Serrano Fatiado Seara Gourmet 80g,GOURMET,80.0,g
7894904266036,Presunto Parma Fatiado Seara Gourmet 80g,GOURMET,80.0,g
7894904268511,Presunto Cozido Fatiado Seara 180g,Seara,180.0,g
7894904268528,Apresuntado Fatiado Seara 180g,SEARA,180.0,g
7894904268535,Peito de Frango Defumado,Seara,150.0,g
7894904268542,Mortadela Fatiada Seara 180g,SEARA,180.0,g
7894904268559,Peito De Peru Defumado E Cozido Seara 150g,SEARA,150.0,g
7894904268566,Lombo Canadense Defumado Em Fatias Seara Gourmet 150g,GOURMET,150.0,g
7894904268573,apresuntado fatiado,Pamplona,500.0,g
7894904269600,Bife Bourguignon Seara Gourmet Caixa 500g,GOURMET,500.0,g
7894904269617,Medalhão De Carne Suína Au Poivre Seara Gourmet Caixa 500g,GOURMET,500.0,g
7894904269624,Galeto Confit Com Legumes Seara Gourmet Caixa 700g,GOURMET,700.0,g
7894904270040,Creme Chantilly Vegetal Ricca Caixa 200ml,RICCA,200.0,mL
7894904270071,Pão De Queijo Tradicional Seara Gourmet Pacote 300g,Seara,300.0,g
7894904270132,Margarina Com Sal Doriana Plant Butter Pote 250g,DORIANA,250.0,g
7894904270767,Lasanha Quatro Queijos Seara Gourmet Caixa 350g,GOURMET,350.0,g
7894904270774,Lasanha Bolognese Seara Gourmet Caixa 350g,GOURMET,350.0,g
7894904271191,Gordura Vegetal Primor Pacote 500g,PRIMOR,500.0,g
7894904271481,Margarina Com Sal Cremosy Pote 1kg Embalagem Econômica,CREMOSY,1000.0,g
7894904271498,Margarina Com Sal Cremosy,"CREMOSY, Seara",500.0,g
7894904271504,Margarina Com Sal Cremosy Pote 250g,CREMOSY,250.0,g
7894904271511,Margarina Com Sal E Creme De Leite Delícia Pote 1kg Embalagem Econômica,Delicia,1000.0,g
7894904271528,Margarina Com Sal E Creme De Leite,Delicia,500.0,g
7894904271535,Margarina Com Sal E Creme De Leite Delícia Pote 250g,Delícia,250.0,g
7894904271559,Delícia light 500g,Delicia,500.0,g
7894904271566,Margarina Sem Sal Com Creme De Leite Delícia Pote 500g,Delicia,500.0,g
7894904271573,Margarina sabor manteiga com sal,Seara,500.0,g
7894904271702,Margarina Primor Forno E Fogão Pacote 4 Unidades 100g Cada,PRIMOR,100.0,g
7894904272396,Jerked Suíno Salgado Seara 400g,SEARA,400.0,g
7894904272945,Margarina com pedaços de Ervas aromáticas,Delícia,250.0,g
7894904275977,Pizza levíssimo brócolis ricota,,420.0,g
7894904276066,Recheado com Levíssimo e Mussarela Seara,Seara,110.0,g
7894904276585,Filé de peito Seara IQF 1kg,Seara,1000.0,g
7894904277926,Marg Delícia 500g,Delicia,500.0,g
7894904277995,Almôndega Incrível,Incrível!,256.0,g
7894904279111,Filé de Peito de Frango Swift,Swift,1000.0,g
7894904280261,Pizza de pepperoni com mussarella,Incrível Seara,450.0,g
7894904281497,Linguiça De Carne Suína Com Alho E Ervas Seara Churrasco 600g,SEARA,600.0,g
7894904281503,Linguiça De Carne Suína Apimentada Seara Churrasco 600g,SEARA,600.0,g
7894904281510,Linguiça De Carne Suína Com Chimichurri Seara Churrasco 600g,SEARA,600.0,g
7894904281534,Linguiça Toscana Fininha Seara Gourmet 450g,GOURMET,450.0,g
7894904281541,Linguiça Toscana Com Chimichurri Fininha Seara Gourmet 450g,GOURMET,450.0,g
7894904281961,Bife De Linguiça Com Chimichurri Seara Churrasco 70g,SEARA,70.0,g
7894904281992,Coxinha Da Asa De Frango Congelada Temperada Seara Churrasco 800g,SEARA,800.0,g
7894904282005,Filé De Coxa E Sobrecoxa De Frango Congelado Temperado Seara Churrasco 800g,SEARA,800.0,g
7894904282098,Filé de frango empanado,Incrível Seara,220.0,g
7894904282128,Salsicha Para Grelha Defumada Seara Churrasco 330g 5 Unidades,SEARA,330.0,g
7894904282609,Salchichas de Pavo,Líder,500.0,g
7894904283361,Big Tekitos Tradicional Seara,Seara,900.0,g
7894904283378,Big Tekitos Seara sabor Queijo e Orégano,Seara,900.0,g
7894904284726,Iscas de Frango Seara,Seara,300.0,g
7894904285709,Coxinha da Asa Seara,Seara,400.0,g
7894904285921,Salsicha Viena,Hans,200.0,g
7894904287260,Filé de peito Seara,Seara,1000.0,g
7894904289066,Frozen BBQ Chicken Wings,Seara,1000.0,g
7894904289431,ALITAS de POLLO,BUEN CORTE,1000.0,g
7894904325702,Pizza de Frango com Catupiry,Seara,460.0,g
7894904326044,Pizza de Calabresa,Seara,460.0,g
7894904326259,Pizza De 4 Queijos Seara,SEARA,460.0,g
7894904357024,Patê de Peru,Seara,100.0,g
7894904500116,Tekitos Seara Tradicional 300g,SEARA ALIMENTOS,300.0,g
7894904500383,Hamburger Texas Burger,Seara,56.0,g
7894904535996,Hamburger De Carne Bovina,Seara,150.0,g
7894904555659,Salame Tipo Italiano Fatiado,"Seara, Seara Gourmet",100.0,g
7894904571949,Margarina Cremosa Light Doriana Com Sal 500g,DORIANA,500.0,g
7894904571956,Doriana Cremosa com sal,margarina,500.0,g
7894904573172,Patê de Presunto,Seara,100.0,g
7894904573387,Patê de presunto Seara,Seara,100.0,g
7894904574209,brócolis seara,,300.0,g
7894904575350,Hambúrguer De Carne Bovina Tradicional Seara Caixa 672g 12 Unidades,SEARA,672.0,g
7894904575367,Almôndega Bovina Seara,SEARA,500.0,g
7894904575794,Fettuccine com Levíssimo e Brócolis Seara,Daniel@gmail.com,350.0,g
7894904575800,Penne à Parisiense,Seara,350.0,g
7894904575824,Fettucine Seara Bolonhesa,SEARA,350.0,g
7894904575862,Yakisoba Seara,SEARA,500.0,g
7894904577873,Steak Rezende,Rezende,100.0,g
7894904577897,Empanado à base de carne de frango sabor queijo e orégano,Seara,300.0,g
7894904578146,Hambúrguer Rezende,Rezende,56.0,g
7894904578153,presunto,Rezende,1000.0,g
7894904578566,Pizza de Lombo com Catupiry,Seara,460.0,g
7894904578658,Lasanha Seara Bolonhesa,SEARA,350.0,g
7894904597383,Chicken Bits Rezende,,1000.0,g
7894904597833,mortadela de frango Turma da Mônica,Seara,400.0,g
7894904604302,Battered Chicken Nuggets,,1000.0,g
7894904608324,Stranger Pizza Cheese,Seara,210.0,g
7894904678280,Pp Hot Hit Cg Seara X Picanha,Seara,145.0,g
7894904678303,Pp Hot Hit Cg Seara Cheddar Burguer,SEARA,145.0,g
7894904678341,Hot Hit X-Bacon Seara,Seara,145.0,g
7894904678556,Lasanha bolonhesa,rezender,600.0,g
7894904678679,Lasanha de Frango Rezende,Seara,600.0,g
7894904684359,Chicken Crispy peito frango,Seara,300.0,g
7894904684366,Chicken Crispy,Seara,300.0,g
7894904691005,Tekitos 1kg,Seara,1000.0,g
7894904727476,Coxas Temperada Assa Facil 800g Seara Alimentos,SEARA ALIMENTOS,800.0,g
7894904727483,Sobrecoxa Seara Assa Facil 800gr,SEARA,800.0,g
7894904727490,File De Peito Assa Facil 800g Seara,SEARA ALIMENTOS,800.0,g
7894904727636,Hambúrguer Gourmet Gran Angus Seara,"Seara, Seara Gourmet",400.0,g
7894904766833,Sobrecoxa Temperada Suculentíssimo,Seara,1000.0,g
7894904769827,Suculentíssimo - Filezinho de Peito (Sassami) Temperado,Seara,1000.0,g
7894904769889,Petisco De Frango Congelado Temperado Seara Frango De Padaria 1kg,SEARA,1000.0,g
7894904790098,File De Peito Seara 1kg Iqf Temperado,SEARA,1000.0,g
7894904792306,File De Peito Seara 1kg S/tempero,SEARA,1000.0,g
7894904827220,Pizza Portuguesa,Seara,460.0,g
7894904834655,Mortadela Confiança,,400.0,g
7894904864041,Chicken Boneless Legs,Seara,2000.0,g
7894904928989,Margarina com sal sabor manteiga,Delicata,200.0,g
7894904929658,Doriana cremosa,Seara,1000.0,g
7894904955800,Mandioca Supreme,Seara,1500.0,g
7894904966172,Paio Seara,Seara,370.0,g
7894904985500,Frango a Passarinho Seara,Seara,1000.0,g
7894904996483,Hambúrguer Gourmet Tradicional Seara,Seara,360.0,g
7895000288458,Direto Serra/org Vagem Macarrao,Taeq,300.0,g
7895000290260,taeq shoyu,taeq,150.0,mL
7895000292028,Agua De Coco Taeq Tetrapak 200ml,TAEQ,200.0,mL
7895000299812,Ovo Org Taeq Bdj 330g,TAEQ,330.0,g
7895000310418,Frutas Pessego Org.cultivar 300g,,300.0,g
7895000318254,Biscoito de Polvilho Salgado,Qualitá,200.0,g
7895000318261,Biscoito Salgado Polvilho Qualita Sache 100g,QUALITA,100.0,g
7895000318445,Leite Condensado Qualitá,Qualitá,395.0,g
7895000318452,Qualitá Creme De Leite,"Qualitá,Grupo Pão de Açúcar",200.0,g
7895000318612,Arroz Qualita 5 Kg,QUALITA,5000.0,g
7895000318629,Arroz Branco Qualita 1kg,QUALITA,1000.0,g
7895000318636,Longa Vida Qualitá Integral Caixa 1l,QUALITA,1000.0,mL
7895000318643,Leite UHT Desnatado,Qualitá,1000.0,mL
7895000318995,Feijao Carioca Qualita Tipo 1 1kg,QUALITA,1000.0,g
7895000319008,Feijão Preto Tipo 1 Qualitá Pacote 1kg,QUALITA,1000.0,g
7895000319015,Acucar Refinado Qualita 1kg,QUALITA,1000.0,g
7895000319022,Acucar Qualita Cristal 1kg,QUALITA,1000.0,g
7895000319060,Qualitá Macarrão Instantâneo Carne,"Qualitá,Pão de Açúcar",85.0,g
7895000319077,Qualitá Macarrão Instantâneo Legumes,"Qualitá,Pão de Açúcar",85.0,g
7895000319107,Alho Picado Sem Sal Qualita 200 G,QUALITA,200.0,g
7895000319114,Alho Picado Nr 300g,Qualitá,300.0,g
7895000319121,Qa Alho Pic S Sal 1k,Qualitá,1000.0,g
7895000319848,Alho Em Pasta Qulit 2g Sem Sal,Qualitá,2.0,g
7895000321193,Salgadinho P/aperitivo Qualita Ond Ceb/salsa 50g,QUALITA,50.0,g
7895000321230,Salgadinho Batata Ondulada Qualita Sache 100g,QUALITA,100.0,g
7895000321285,Qa Nect Manga Tp 1l,QUALITA,1000.0,mL
7895000321735,Alface Select Green Americana 180gr Bola,SELECT GREEN,180.0,g
7895000321780,Salsao Horta E Vida 200gr Bdj,,200.0,g
7895000326617,Tomate Holandes 500g,HOLANDES,500.0,g
7895000327621,Qualitá Ketchup Tradicional,Qualitá,380.0,g
7895000327706,Molho Qualita Tom.340gr Tradicional Sch,QUALITA,340.0,g
7895000327805,Geleia de Morango QUALITÁ Vidro,QUALITÁ,320.0,g
7895000327829,Geleia Morango Qualitá Exclusive Vidro,Qualitá,230.0,g
7895000327874,Oleo Soja Qualita 900ml,QUALITA,900.0,mL
7895000327935,Macarrão de Sêmola com Ovos Espaguete Qualitá Pacote,Qualitá,500.0,g
7895000328819,Pão de Queijo Coquetel QUALITÁ,QUALITÁ,400.0,g
7895000329892,Qa Polvilho Azedo Qualita 500g,QUALITA,500.0,g
7895000330188,Aveia em Flocos Regulares Taeq,Taeq,500.0,g
7895000330218,Extrato de Tomate Qualitá,Qualitá,300.0,g
7895000331833,Qualitá Macarrão Instantâneo 4 Queijos,"Qualitá,Pão de Açúcar",85.0,g
7895000334254,Qualitá Leite UHT Semidesnatado,"Qualitá,Grupo Pão de Açúcar",1000.0,mL
7895000334858,Arroz Branco Orgânico  - Taeq,Taeq,1000.0,g
7895000339419,Leite de Coco QUALITÁ,QUALITÁ,200.0,mL
7895000339686,Minipão Francês Congelado,Qualitá,300.0,g
7895000340125,Macarrão Integral Penne Taeq,Taeq,500.0,g
7895000341986,Requeijão Cremoso Tradicional,Qualitá,400.0,g
7895000342228,taeq Sopa Instantânea de Cebola,"taeq,Grupo Pão de Açúcar",13.0,g
7895000343034,Chá Mate Pêssego,Qualitá,100.0,g
7895000343072,Conserva Palmito Acai Inteiro Qualita Vidro 270g,QUALITA,270.0,g
7895000349814,Amido de Milho QUALITÁ,Qualitá,200.0,g
7895000352371,Sal refinado,Qualitá,1000.0,g
7895000353453,Chocolate Pó Solúvel 50% Cacau Qualitá,Qualitá,200.0,g
7895000357703,Salada Vida Natural 150gr Campestre Higiênico Atm,VIDA NATURAL,150.0,g
7895000357727,Salada Italiana Vida Natural 150gr Higiênico Atm,VIDA NATURAL,150.0,g
7895000357734,Salada Verde Vida Natural 200gr Higiênico Atm,VIDA NATURAL,200.0,g
7895000357758,Salada Marguerita Vida Natural 150gr Higiênico Atm,VIDA NATURAL,150.0,g
7895000359547,Creme de Leite UHT Qualitá,Qualitá,200.0,g
7895000360024,Requeijão cremoso,Quality,500.0,g
7895000360116,Creme De Leite Qualita Lata 300g,QUALITA,300.0,g
7895000363384,Requeijão Cremoso Light Qualitá,Qualitá,400.0,g
7895000363780,Manteiga Extra com Sal Qualitá,Qualitá,200.0,g
7895000363926,Barra Cer Taeq Linh/cast 66g,TAEQ,66.0,g
7895000368518,Panettone com Gotas de Chocolate ao Leite Qualitá,Qualitá,400.0,g
7895000371303,"Figo, castanha-do-para e cacau com chocolate meio amargo",Taeq,66.0,g
7895000372218,Qa Alho Cebola 200g,QUALITA,200.0,g
7895000372225,Alho E Cebola Picado Qualit 1kg Sem Sal,QUALI,1000.0,g
7895000372232,Qa Alho Ceb Ef 200g,Qualitá,200.0,g
7895000372256,Alho E Cebola Com Salsa Qualit 1kg Sem Sal,QUALI,1000.0,g
7895000375233,Barra Cer Taeq Lig Banana 66g,TAEQ,66.0,g
7895000375301,Barra Cer Taeq Lig Pess/dam 66g,TAEQ,66.0,g
7895000378234,Mistura para Bolo Chocolate Qualitá,Qualitá,400.0,g
7895000387205,Barra Cer Taeq Lar/acer 66g,TAEQ,66.0,g
7895000392506,Iogurte Natural Desnatado Taeq,Taeq,160.0,g
7895000392995,Aveia Qualita 200g,QUALITA,200.0,g
7895000395569,Creme de Queijo Ricota Tradicional Taeq,Taeq,200.0,g
7895000395583,Qa Salg Qjo C Qa 50g,QUALITA,50.0,g
7895000395606,Qa Salg Lua Qa 50g,QUALITA,50.0,g
7895000395613,Qualita Mp 7 Anel Cebola 100g,QUALITA,100.0,g
7895000395620,Qa Salg Bacon Qa100g,QUALITA,100.0,g
7895000398287,Suco Integral Uva Tinto Qualitá,Qualitá,1350.0,mL
7895000403646,Pasta de Amendoim Crocante Qualitá,Qualitá,500.0,g
7895000407323,Leite Em Po Qualita Mp Integ Nat Trad Sachet 400g,QUALITA,400.0,g
7895000407330,Leite em Pó Integral QUALITÁ,QUALITÁ,400.0,g
7895000429011,Iogurte Desnatado Taeq,Taeq,160.0,g
7895000447350,Pão de forma Tradicional,Qualitá,500.0,g
7895000451456,"Sorvete Qualita Creme 1,5lt",QUALITA,1500.0,mL
7895000453290,Iogurte Desnatado Taeq Copo,Taeq,160.0,g
7895000465279,Ameixa seca com caroço,Qualitá,150.0,g
7895000467020,Cookies de baunilha co confeitos,Qualitá,110.0,g
7895000471508,Qa Pao De Milho 400g,Qualitá,400.0,g
7895000471515,Qa Pao De Coco 400g,COCO,400.0,g
7895000471638,"Granola Soja, Cacau e Linhaça",Qualitâ,300.0,g
7895000472161,Qa Salgad De Trigo Pimenta Mexi 50g,,50.0,g
7895000472178,Qa Salgadinho Trigo Cebola Sals 50g,Qualitá,50.0,g
7895000472185,Qa Salgadinho De Trigo Pizza 50g,,50.0,g
7895000472192,Qa Salgadinho Trigo Churrasco 50g,Qualitá,50.0,g
7895000472208,Qa Salgadinho De Trigo Queijo 50g,,50.0,g
7895000472215,Qa Salgadinho De Trigo Bacon 50g,Qualitá,50.0,g
7895000472222,Qa Salgadinho Bacon C Barbecue 100g,Qualitá,100.0,g
7895000472246,Qa Salgadinho Bacon C Pimenta 100g,Qualitá,100.0,g
7895000472727,Qa Pao Macadamia E Chia 400g,Qualitá,400.0,g
7895000473618,Pão de Mel,Qualitá,100.0,g
7895000473700,Hambúrguer de Carne Bovina,Qualitá,560.0,g
7895000474431,Óleo de coco sem sabor,Taeq,500.0,mL
7895000475834,Queijo Prato Fatiado QUALITÁ,QUALITÁ,150.0,g
7895000483730,Macarrão com queijo tipo MAC & CHEESE sabor Cheddar e Bacon,Qualitá,95.0,g
7895000484409,Qa Leite Po Integral Instant 800g,INTEGRAL,800.0,g
7895000486472,Cacau em pó,Qualitá,200.0,g
7895000489411,Suco Integral Laranja Taeq Refrigerado Garrafa,Taeq,1300.0,mL
7895000491032,Qa Pao De Forma Integral 500g,INTEGRAL,500.0,g
7895000500109,Tapioca Solt 500g,taeq,500.0,g
7895000500277,91 Tapioca Taeq Premium 560 G Und,PREMIUM,560.0,g
7895000501328,Amorangado,,400.0,g
7895000515820,Mirtilos congelados,,400.0,g
7895000515912,Aveia Flocos Finos,Taeq,170.0,g
7895000515936,Farinha de aveia,Taeq,500.0,g
7895000515943,Farelo de aveia,Taeq,170.0,g
7895000516322,Pv Batata Cong 1.5kg,,1500.0,g
7895000516629,Qa Extr Tomt 340g,Qualitá,340.0,g
7895000524556,Vinagre de Maçã Orgânico Casas Pedro,Casas Pedro,500.0,mL
7895000525621,Uva passa escura sem semente,,150.0,g
7895000526741,Mel Florada Silvestre Qualitá Squeeze 300g,Qualitá,300.0,g
7895000527151,Patinho,Qualita,500.0,g
7895000527878,Geleia Orgânica Morango Qualitá Vidro,Qualitá,220.0,g
7895000528448,Pasta de Amendoim Tradicional,Qualitá,500.0,g
7895000528868,Ameixa seca sem caroço,Qualitá,150.0,g
7895000529162,Damasco seco,,300.0,g
7895000529414,Milho sem Sal,Qualitá,170.0,g
7895000531011,Azeitona recheada com jalapeño 150g,,350.0,g
7895000531462,Requeijão Cremoso Light Qualitá Pote,Qualitá,200.0,g
7895000533015,Panettone com Gotas de Chocolate ao Leite Recheio Trufado Chocolate Meio Amargo Qualitá,Qualitá,500.0,g
7895000534326,Queijo Prato Qualitá,Qualitá,150.0,g
7895000534333,Queijo Mussarela Qualitá,Qualitá,450.0,g
7895000537488,Panetone frutas,Pão de Açúcar,400.0,g
7895097952423,Kombucha Mate Com Limão E Gengibre Supernova Garrafa 300ml,GARRA,300.0,mL
7895097952447,Kombucha Hibisco Com Maracujá Supernova Garrafa 300ml,COMPANHIA DOS FERMENTADOS,300.0,mL
7895098071963,Creme de Juçara Empório Mata Atlântica 2 L,Empório Mata Atlântica,2000.0,mL
7895144203850,Goma De Mascar Fresh Mint Zero Açúcar Mentos Pure Fresh Pacote 56g 28 Unidades Refil Econômico,MENTOS,56.0,g
7895144203867,Goma De Mascar Wintergreen Zero Açúcar Mentos Pure Fresh Pacote 56g 28 Unidades Refil Econômico,MENTOS,56.0,g
7895144207742,Bala Morango Fruit Tella Pacote 92g,FRUITTELLA,92.0,g
7895144207759,Bala Sortida Fruit Tella Pacote 92g,FRUITTELLA,92.0,g
7895144208442,"Bala Fanta Laranja Mentos Pacote 37,5g",MENTOS,37.5,g
7895144293080,Mentos UP2U,"Mentos,UP2U",56.0,g
7895144295916,Chicle Mentos dos sabores,MENTOS,56.0,g
7895144295930,Chicle Menta tarro,MENTOS,56.0,g
7895144297347,"Bala Limão E Ervas Zero Açúcar Fruit Tella Caixa 18,9g",FRUITTELLA,18.9,g
7895144297354,"Bala Cranberry E Ervas Zero Açúcar Fruit Tella Caixa 18,9g",FRUITTELLA,18.9,g
7895144297460,Chiclete mentos,Mentos,92.0,g
7895144297590,Mentos Vitamins Citrus,Mentos,48.0,g
7895144404172,"Pastilha Limão Zero Açúcar Mentos Kiss Sour Frasco 38,5g 55 Unidades",MENTOS,38.5,g
7895144404189,"Pastilha Morango Zero Açúcar Mentos Kiss Sour Frasco 38,5g 55 Unidades",MENTOS,38.5,g
7895144603599,"Confeito Frutas Vermelhas Mentos Pacote 112,5g 3 Unidades",MENTOS,112.5,g
7895144603674,"Kit Confeito Sortido Mentos 112,5g 3 Unidades",MENTOS,112.5,g
7895144605685,Kiss frutilla Mentos,Mentos,35.0,g
7895276200024,Beterraba com Tomilho,Plantara-veg:,40.0,g
7895276200055,Plantara-veg:,Plantara-veg:,40.0,g
7895554475588,Flor de Goiaba,Natuminas chá,50.0,g
7895800112632,Pack Goma De Mascar Hortelã Zero Açúcar Trident Pacote 32g 4 Unidades Leve Mais Pague Menos,TRIDENT,32.0,g
7895800112786,Pack Goma De Mascar Menta Zero Açúcar Trident Pacote 32g 4 Unidades Leve Mais Pague Menos,TRIDENT,32.0,g
7895800116258,Chiclete Tutti Frutti Bubbaloo Pacote 50g 10 Unidades,BUBBALOO,50.0,g
7895800201503,Goma De Mascar Morango Zero Açúcar Trident Envelope 8g 5 Unidades,TRIDENT,8.0,g
7895800304211,Tridente de hortelã,Trident,8.0,g
7895800304228,Goma De Mascar Menta Zero Açúcar Trident Envelope 8g 5 Unidades,TRIDENT,8.0,g
7895800309780,Goma De Mascar Melancia Zero Açúcar Trident Envelope 8g 5 Unidades,TRIDENT,8.0,g
7895800400159,"Chicle Trident Hortelã 21unidade X 8,5g",TRIDENT,8.5,g
7895800412794,Pack Goma De Mascar Intense Trident Xfresh Pacote 32g 4 Unidades Leve Mais Pague Menos,TRIDENT,32.0,g
7895800430002,Goma De Mascar Tutti Frutti Zero Açúcar Trident Envelope 8g 5 Unidades,TRIDENT,8.0,g
7895800481004,Pack Goma De Mascar Tutti Frutti Zero Açúcar Trident Pacote 32g 4 Unidades Leve Mais Pague Menos,TRIDENT,32.0,g
7896000530066,Néctar Laranja Maguary Caixa 1l,NIELY,1000.0,mL
7896000530264,Néctar Goiaba Maguary Caixa 1l,NIELY,1000.0,mL
7896000530325,Néctar Misto Uva Maguary Caixa 1l,NIELY,1000.0,mL
7896000530363,Suco de Maracujá,"Ebba, Maguary",1000.0,mL
7896000530530,Néctar Misto Pêssego Maguary Caixa 1l,NIELY,1000.0,mL
7896000550064,Suco Concentrado Laranja Maguary Garrafa 500ml,NIELY,500.0,mL
7896000554369,Suco Concentrado Caju Maguary Garrafa 500ml,Maguary,500.0,mL
7896000555359,Maguary Passion Fruit Concentrate,Maguary,500.0,mL
7896000556066,Suco Concentrado Uva Maguary Garrafa 500ml,NIELY,500.0,mL
7896000557056,Suco Concentrado Abacaxi Maguary Garrafa 500ml,NIELY,500.0,mL
7896000583321,Néctar Uva Sem Adição De Açúcar Maguary Caixa 1l,MAGUARY,1000.0,mL
7896000583369,Bebida Maracujá Maguary Caixa 1l,MAGUARY,1000.0,mL
7896000593702,Suco Maguari cx 1lt,MAGUARY,1000.0,mL
7896000593719,Maguary Néctar de Tangerina,"Ebba,Maguary",1000.0,mL
7896000593726,Bebida de Fruta Adoçada de Cranberry,Maguary,1000.0,mL
7896000594020,"Suco Uva Tinto Maguary Seleção Garrafa 1,5l",MAGUARY,1500.0,mL
7896000594068,suco de maracujá,MAGUARY,200.0,mL
7896000594198,Bebida Adoçada Morango Maguary Caixa 1l,MAGUARY,1000.0,mL
7896000594204,Bebida de Limão Adoçada,Maguary,1000.0,mL
7896000595959,Bebida Adoçada Maracujá Maguary Fruit Shoot Squeeze 275ml,MAGUARY,275.0,mL
7896000595966,Bebida Adoçada Laranja Maguary Fruit Shoot Squeeze 275ml,MAGUARY,275.0,mL
7896000595973,Bebida Adoçada Morango Maguary Fruit Shoot Squeeze 275ml,FRUIT SHOOT,275.0,mL
7896000595980,Bebida Adoçada Uva Maguary Fruit Shoot Squeeze 275ml,MAGUARY,275.0,mL
7896000596376,chá branco com pitaya e sabor amora,natural tea,1000.0,mL
7896000596383,Chá de Hibisco sabor Romã e Goji Berry,Natural Tea,1000.0,mL
7896000597106,Leite de amêndoa,Nuts,1000.0,mL
7896000597250,Bebida Adoçada Uva Maguary Fruit Shoot Caixa 150ml,MAGUARY,150.0,mL
7896000597267,Bebida Adoçada Laranja Maguary Fruit Shoot Caixa 150ml,MAGUARY,150.0,mL
7896000597274,Bebida Adoçada Morango Maguary Fruit Shoot Caixa 150ml,MAGUARY,150.0,mL
7896000597281,Bebida Adoçada Maracujá Maguary Fruit Shoot Caixa 150ml,MAGUARY,150.0,mL
7896000597670,Suco de morango,maguary,200.0,mL
7896000597724,Néctar Orgânico Tangerina Pressade Caixa 1l,PRESS,1000.0,mL
7896000597847,Suco Uva Maguary Fruit Shoot Caixa 150ml,FRUIT SHOOT,150.0,mL
7896000597854,Suco Laranja Maguary Fruit Shoot Caixa 150ml,FRUIT SHOOT,150.0,mL
7896000597878,Suco Maçã Maguary Fruit Shoot Caixa 150ml,FRUIT SHOOT,150.0,mL
7896000716866,Creme Niely Gold,Niely,250.0,mL
7896001001558,Leite em Pó Glória Semidesnatado,Glória,260.0,g
7896001200012,Adoçante Em Pó Culinário Eritritol Linea,LINEA,250.0,g
7896001200135,Chocolate Branco Uso Culinário Linea Pacote 250g,LINEA,250.0,g
7896001200180,LINEA Adoçante Xilitol Líquido 60 ml,LINEA,60.0,mL
7896001200203,Barra De Proteína Cheesecake De Morango Cobertura Chocolate Branco Linea Pacote 32g,MORANGO,32.0,g
7896001200210,Barra De Proteína Creme De Avelã Cobertura Chocolate Ao Leite Linea Pacote 32g,LINEA,32.0,g
7896001200258,Geleia Uva Linea Vidro 230g,LINEA,230.0,g
7896001210042,GELEIA MORANGO 230G LINEA,LINEA,230.0,g
7896001210110,Adoçante Em Pó Stevia Linea Caixa 30g 50 Unidades,LINEA,30.0,g
7896001210127,Chocolate Ao Leite Uso Culinário Linea Pacote 250g,LINEA,250.0,g
7896001210134,Chocolate Dark Uso Culinário Zero Açúcar Linea Pacote 250g,LINEA,250.0,g
7896001210141,GELEIA DAMASCO 230G LINEA,LINEA,230.0,g
7896001210196,GELEIA FRAMBOESA 230G LINEA,LINEA,230.0,g
7896001215009,Geleia Amora Linea Vidro 230g,LINEA,230.0,g
7896001215085,Geleia Jabuticaba Zero Açúcar Linea Vidro 230g,LINEA,230.0,g
7896001215108,Achocolatado vitaminado com cacau e alfarroba,Linea,400.0,g
7896001215160,Geleia Blueberry Linea Vidro 230g,LINEA,230.0,g
7896001215238,Adoçante Em Pó Xilitol Linea Pouch 250g,LINEA,250.0,g
7896001215245,Geleia Goiaba Linea Vidro 230g,LINEA,230.0,g
7896001215443,Leite condensado  zero açúcar - Linea,LINEA,395.0,g
7896001215467,Doce de leite,,20.0,g
7896001223080,LINEA Molho Ketchup 350G,LINEA,350.0,g
7896001223509,Chocolate Ao Leite Linea Caixa 30g,LINEA,30.0,g
7896001223530,Chocolate Branco Linea Caixa 30g,LINEA,30.0,g
7896001250628,Adoçante Líquido Sucralose Linea Caixa 75ml,LINEA,75.0,mL
7896001250710,Adoçante Em Pó Sucralose Linea Caixa 40g 50 Unidades,LINEA,40.0,g
7896001250727,Adoçante Em Pó Sucralose Linea Caixa 80g 100 Unidades,LINEA,80.0,g
7896001250789,Adoçante Em Pó Sucralose Zero Sódio Linea Forno Fogão Pote 70g,SUCRALOSE,70.0,g
7896001250819,Adoçante Em Pó Sucralose Linea Caixa 56g Leve 70 Pague 50 Unidades,LINEA,56.0,g
7896001260665,Gelatina Pó Abacaxi Zero Açúcar Linea Caixa 10g,LINEA,10.0,g
7896001260740,Shake Sabor baunilha,Linea,400.0,g
7896001260788,Gelatina Pó Limão Zero Açúcar Linea Caixa 10g,LINEA,10.0,g
7896001280014,Ovo De Páscoa Ao Leite Linea Caixa 180g,LINEA,180.0,g
7896001280021,Ovo De Páscoa Branco Linea Caixa 180g,LINEA,180.0,g
7896001282162,Barra De Proteína Chocolate Cobertura Chocolate Ao Leite Linea Caixa 384g 12 Unidades,LINEA,384.0,g
7896001282179,Barra De Proteína Paçoca Cobertura Chocolate Ao Leite Linea Caixa 384g 12 Unidades,LINEA,384.0,g
7896001282209,Biscoito Integral Banana E Canela Linea Pacote 120g,LINEA,120.0,g
7896001282216,Biscoito Integral Laranja E Cenoura Linea Pacote 120g,LINEA,120.0,g
7896001282223,Ovo De Páscoa Ao Leite Linea Caixa 240g,LINEA,240.0,g
7896001282360,Adoçante Em Pó Sweet Natural Linea Pouch 300g,NATURAL,300.0,g
7896001282377,Adoçante Em Pó Sweet Natural Linea Caixa 30g 50 Unidades,NATURAL,30.0,g
7896001282391,Pack Adoçante Em Pó Sucralose Linea Caixa 80g 2 Unidades Grátis 50 De Desconto Na 2 Unidade,SUCRALOSE,80.0,g
7896001282407,Pack Adoçante Em Pó Stevia Linea Caixa 60g 2 Unidades Grátis 50 De Desconto Na 2 Unidade,LINEA,60.0,g
7896001282414,Pack Adoçante Líquido Stevia Linea Caixa 120ml 2 Unidades Grátis 50 De Desconto Na 2 Unidade,LINEA,120.0,mL
7896001282421,Pack Adoçante Líquido Sucralose Linea Caixa 150ml 2 Unidades Grátis 50 De Desconto Na 2 Unidade,LINEA,150.0,mL
7896001282438,Pack Wafer Integral Recheio E Cobertura Chocolate Ao Leite Linea Bites Caixa 52g 8 Unidades,INTEGRAL,52.0,g
7896001282445,Pack Wafer Integral Recheio E Cobertura Cookiesn Cream Linea Bites Caixa 52g 8 Unidades,INTEGRAL,52.0,g
7896001282483,Geleia Abacaxi Com Hortelã Linea Vidro 230g,LINEA,230.0,g
7896001282490,Chocolate Branco Zero Lactose Linea Caixa 450g 15 Unidades,LINEA,450.0,g
7896001282544,Suplemento Alimentar Pó Chá Misto Zero Açúcar Linea Relax Time Noite Lata 14g 7 Unidades,LINEA,14.0,g
7896001282568,Suplemento Alimentar Pó Chá Misto Zero Açúcar Linea Diuretic Time Dia Lata 14g 7 Unidades,DIURETIC,14.0,g
7896001282582,Whey Pó Cappuccino Linea Lata 450g,LINEA,450.0,g
7896001282599,Whey Pó Cookiesn Cream Linea Lata 450g,LINEA,450.0,g
7896001282605,Whey Pó Chocolate Linea Lata 450g,LINEA,450.0,g
7896001282612,Whey Pó Neutro Zero Lactose Linea Lata 450g,LINEA,450.0,g
7896001282698,Confeito De Chocolate Ao Leite Zero Lactose Linea Chocoball Protein Caixa 280g 8 Unidades,LEITE ZERO,280.0,g
7896001282704,Confeito De Chocolate Ao Leite Cobertura Cookiesn Cream Zero Lactose Linea Chocoball Protein Caixa 280g 8 Unidades,PROTEIN,280.0,g
7896001282988,LINEA Linea Chocolate Vegano Branco C/ Frutas Vermelhas,LINEA,85.0,g
7896001283015,Linea Choc Vegano Leite C Nibs 30g 01dpx15unx30g 83015,VEGA,30.0,g
7896002110457,51 Ice Maracuja,51 Ice,275.0,mL
7896002110983,Kiwi,51 Ice,275.0,mL
7896002300360,"Pão integral com trigo, aveia, semente de girassol, gergelim e semente de linhaça",Nutrella,550.0,g
7896002300377,"Pão de frutas, grãos e castanhas",nutrella,550.0,g
7896002301091,Bolo Ana Maria,Bimbo,80.0,g
7896002301398,Snack De Trigo Salaminho Com Limão Crocantíssimo Original Pacote 40g,CROCANTISSIMO,40.0,g
7896002301510,Bolo Baunilha Recheio Chocolate Ana Maria Pacote 35g,ANA MARIA,35.0,g
7896002301633,Pão De Forma Sem Casca Tradicional Pullman Pacote 450g,PULLMAN,450.0,g
7896002302135,Bolo Chocolate Recheio E Cobertura Chocolate Pingüinos Pacote 80g,PINGÜINOS,80.0,g
7896002302142,Pão de coco,Pullman,500.0,g
7896002302197,Pão De Forma Original Pullman Artesano Pacote 500g,Pullman Artesano,500.0,g
7896002302449,Snack De Trigo Churrasco,Grupo Bimbo,40.0,g
7896002302661,Bolo Duplo Chocolate Ana Maria Qd Pacote 35g,ANA MARIA,35.0,g
7896002302685,Bolo Banana Recheio Chocolate Ana Maria Qd Pacote 35g,ANA MARIA,35.0,g
7896002302845,Pão Integral Castanha Do Pará Quinoa Nutrella Pacote 450g,NUTRELLA,450.0,g
7896002303286,Pão Integral Grãos E Castanhas Pullman Pacote 450g,PULLMAN,450.0,g
7896002303781,Bolo Baunilha Recheio Baunilha Ana Maria Pacote 35g,ANA MARIA,35.0,g
7896002303804,Bolo Chocolate Recheio Baunilha Ana Maria Pacote 35g,ANA MARIA,35.0,g
7896002303866,Pão de Forma Tradicional Mini,Pullman,320.0,g
7896002304146,Pão Para Hambúrguer Com Gergelim Pullman Pacote 200g,PULLMAN,200.0,g
7896002304153,Pão Para Hambúrguer Com Gergelim Pullman Grand Burger Pacote 420g Tamanho Família,Pullman,420.0,g
7896002304177,Pão Para Hot Dog Pullman Pacote 270g,PULLMAN,270.0,g
7896002304184,Pão Para Hambúrguer Brioche Pullman Grand Burger Pacote 520g,Pullman,520.0,g
7896002304764,PAO DE FORMA TRADICIONAL PULLMAN,Pullman,400.0,g
7896002304771,Pão de Forma Pullman Integral - PULLMAN,PULLMAN,400.0,g
7896002304825,Pão Tortilha Integral Chia E Quinoa Rap10 Pouch 264g,RAP 10,264.0,g
7896002304832,Pão Tortilha Rap10 Tapioca,Rap10,500.0,g
7896002306348,PlusVita Tradicional,Plusvita,480.0,g
7896002309042,Pão de Forma Integral 12 Grãos Taeq Pacote,Taeq,350.0,g
7896002309172,"Pão de Fôrma - Sem Açúcares, 12 Grãos, Fonte de Fibras, Zero Colesterol - Plusvita - 350g",Plusvita,350.0,g
7896002310345,Artesano Pão na Chapa,"Pullman, Artesano",500.0,g
7896002310567,Bolo Churros Recheio Churros Ana Maria Pacote 35g,ANA MARIA,35.0,g
7896002311427,Pão de forma,TRADIÇÃO,400.0,g
7896002311434,Bisnaguinha Tradicional,Tradição,280.0,g
7896002311687,Pão Artesano Bisnaga Na Chapa,Pullman,300.0,g
7896002311830,bolo Ana Maria choco 70g bimbo,Ana Maria,70.0,g
7896002360326,pullman tradicional pão,Pullman,480.0,g
7896002360395,Pão De Forma Integral Zero Açúcar Pullman Pacote 350g,PULLMAN,350.0,g
7896002360982,Bolo Frapê Chocolate E Coco Pullman Pacote 250g,PULLMAN,250.0,g
7896002361002,Bolo Abacaxi Pullman Pacote 250g,PULLMAN,250.0,g
7896002361019,Bolo Chocolate Pullman Pacote 250g,PULLMAN,250.0,g
7896002361026,Bolo Coco Pullman Pacote 250g,PULLMAN,250.0,g
7896002361033,Bolo Laranja Pullman Pacote 250g,PULLMAN,250.0,g
7896002362054,Bolo Baunilha Recheio E Cobertura Chocolate Ana Maria Pacote 42g,ANA MARIA,42.0,g
7896002362146,Bolo Baunilha Com Gotas De Chocolate Pullman Pacote 250g,PULLMAN,250.0,g
7896002362405,Ana Maria Tradicional,Bimbo,80.0,g
7896002362412,Bolo Baunilha Recheio Baunilha Ana Maria Pacote 70g,ANA MARIA,70.0,g
7896002362436,Bolo Baunilha Recheio Chocolate Ana Maria Pacote 70g,ANA MARIA,70.0,g
7896002363259,Bolo Baunilha Com Gotas De Chocolate Recheio Chocolate Ana Maria Pacote 70g,ANA MARIA,70.0,g
7896002363792,Tortilha Rap10 Original - Bimbo - 297g,Bimbo,297.0,g
7896002364546,Tortilha Rap10 Fit - Bimbo - 330g,Rap 10,330.0,g
7896002364768,Snack De Trigo Queijo Cebola Crocantíssimo Original Pacote 40g,PULLMAN,40.0,g
7896002365420,Tortilha Integral Rap10 - Bimbo - 330g,Rap10,297.0,g
7896002366267,Pão de Fôrma 100% Integral - Pullman - 500g,PULLMAN,500.0,g
7896002366557,Bolo Cenoura Recheio Chocolate Ana Maria Qd Pacote 35g,ANA MARIA,35.0,g
7896002368056,Torradas Clássicas,Pullman,130.0,g
7896002368230,Bolo Napolitano Ana Maria Pacote 42g,ANA MARIA,42.0,g
7896002369787,Pingüinos,"Ana Maria,Bimbo do Brasil",80.0,g
7896003700527,Cream cracker,Marilan,200.0,g
7896003700657,Chocolate,Marilan,115.0,g
7896003700800,Marie Finger,Marilan,201.2816141875,g
7896003701449,Biscoito recheado sabor limão,Marilan,375.0,g
7896003701463,Tortinhas Morango,Marilan,375.0,g
7896003702040,Biscoito Recheio Limão Marilan Tortinhas Pacote 160g,MARILAN,160.0,g
7896003702057,Biscoito Recheio Chocolate Marilan Tortinhas Pacote 160g,MARILAN,160.0,g
7896003702064,Biscoito Recheio Morango Marilan Tortinhas Pacote 160g,MARILAN,160.0,g
7896003702347,Torrada Light Marilan Lev Magic Toast Pacote 144g 6 Unidades,MARILAN,144.0,g
7896003702385,Torrada integral 150g,Marilan Lev,150.0,g
7896003702538,Brigadeiro,Marilan,115.0,g
7896003702590,Biscoito Amanteigado Chocolate Marilan Pacote 330g,MARILAN,330.0,g
7896003702606,Distração baunilha e chocolate,Marilan,360.0,g
7896003702866,Pack Biscoito Presunto Marilan Pit Stop Pacote 162g 6 Unidades,MARILAN,162.0,g
7896003702934,Biscoito Maizena Sabor de Chocolate,Marilan,400.0,g
7896003703047,Biscoito sabor de coco,Marilan,400.0,g
7896003703054,Maria,Marilan,399.7282760625,g
7896003703061,Biscoito Leite Marilan Pacote 400g,MARILAN,400.0,g
7896003703085,Biscoito sabor de manteiga,Marilan,400.0,g
7896003703177,Cream Cracker integral,Marilan,420.0,g
7896003703214,Biscoito Cream Cracker Marilan Pacote 400g,MARILAN,400.0,g
7896003703238,Cream Craker Manteiga,Marilan,400.0,g
7896003703245,Biscoito água E Sal,MARILAN,400.0,g
7896003703634,Rosquinhas Marilan - sabor leite,Marilan,350.0,g
7896003703641,Rosquinhas de chocolate,Marilan,400.0,g
7896003704754,Cookies chocolate,Marilan,40.0,g
7896003706536,Pit Stop Original,"Marilan,Pit Stop",162.0,g
7896003706543,Pit Stop,Marilan,162.0,g
7896003706598,Pit stop sabor pão na chapa 162g,Marilan,162.0,g
7896003706635,Pit Stop original,Marilan,27.0,g
7896003706796,Biscoito salgado integral sabor manteiga com chia e quinoa,Lev,170.0,g
7896003706895,lev cookies integrais cacau e cereais,marilan,80.0,g
7896003735529,Crackers Marilan,Marilan,179.0,g
7896003737257,Rosquinhas integrais,Marilan,350.0,g
7896003737394,Biscoito de Chocolate Branco Teens MARILAN 80g,,80.0,g
7896003737684,Duo Limão e Chocolate,"Marilan,Duo",80.0,g
7896003737691,Duo Frutas Vermelhas e Chocolate,"Marilan,Duo",80.0,g
7896003737721,Duo Chocolate e Chocolate Branco,"Marilan,Duo",80.0,g
7896003738223,Biscoito Recheio Morango Marilan Pacote 90g,MARILAN,90.0,g
7896003738421,Rings Milk,Marilan,300.0,g
7896003738506,Marila,MAIZENA,170.0,g
7896003738520,Biscoito doce maizena,Marilan,349.8,g
7896003738551,Biscoito Manteiga Marilan Pacote 350g,MARILAN,350.0,g
7896003738568,Biscoito Marilan Coco,,350.0,g
7896003738575,BISC MARIA MARILAN,MARILAN,350.0,g
7896003738582,biscoito marilan Leite 350g,Marilan,350.0,g
7896003738605,BISC CREAM CRACKER MARILAN,MARILAN,350.0,g
7896003738612,Biscoito Cream Cracker Manteiga Marilan Pacote 350g,MARILAN,350.0,g
7896003738629,Crema cracker especial,Marilan,350.0,g
7896003738636,Biscoito água E Sal Marilan Pacote 350g,MARILAN,350.0,g
7896003738711,Laminado Distração,Marilan,320.0,g
7896003738728,Special Tea Biscuit,Marilan,320.3496113125,g
7896003738810,Biscoito Recheio Morango Marilan Tortinhas Pacote 140g,MARILAN,140.0,g
7896003738834,Tortinhas de limão,Marilan,140.0,g
7896003738872,Tortinhas sabor bombom,Marilan,140.0,g
7896003738919,Biscoito amanteigado sabor coco,Marilan,280.0,g
7896003738957,Biscoito Amanteigado Tradicional Marilan Pacote 280g,MARILAN,280.0,g
7896003738971,Biscoito Rosquinha Integral Marilan Pacote 300g,INTEGRAL,300.0,g
7896003738988,Biscoito Rosquinha Chocolate Marilan Pacote 350g,MARILAN,350.0,g
7896003738995,Biscoito Rosquinha Leite Marilan Pacote 350g,MARILAN,350.0,g
7896003739022,Bolo mesclado,Marilan,200.0,g
7896003739145,Biscoito Cream Cracker Marilan Pacote 140g,MARILAN,140.0,g
7896003739152,Biscoito Cream Cracker Marilan Pacote 300g,MARILAN,300.0,g
7896003739169,Biscoito Cream Cracker Integral Marilan Pacote 155g,INTEGRAL,155.0,g
7896003739176,Biscoito Cream Cracker Integral Marilan Pacote 335g,INTEGRAL,335.0,g
7896003739183,Biscoito água E Sal Marilan Pacote 140g,MARILAN,140.0,g
7896003739190,Biscoito água E Sal Marilan Pacote 300g,MARILAN,300.0,g
7896003739220,Pack Biscoito Original Com Fermentação Natural Marilan Pit Stop Pacote 162g 6 Unidades,ORIGINAL,162.0,g
7896003739336,Magic toast,Marilan,110.0,g
7896003739343,Magic Toast Integral,Marilan,110.0,g
7896003739367,Magic Toast Light em Açúcares,Marilan,110.0,g
7896003739374,TORRADA MAGIC TOAST CEREAIS MARILAN,Marilan,110.0,g
7896003739404,Pit Stop,Marilan,137.0,g
7896003739428,Pit stop,Mari lan,137.0,g
7896003739442,PUT STOP PRESUNTO,Marilan,137.0,g
7896003739459,Pit stop queijo,Marilan,137.0,g
7896003739558,PIT STOP ORIGINAL,Marilan,228.0,g
7896003739596,PIT STOP CEBOLA E SALSA,MARILAN,60.0,g
7896003739602,PIT STOP CARNE PICANTE,MARILAN,60.0,g
7896003739619,PIT STOP CALABRESA ACEBOLADA,Marilan,60.0,g
7896003739626,PIT STOP QUEIJO PROVOLONE,MARILAN,60.0,g
7896003739664,PIT STOP PEITO DE PERU,Marilan,91.0,g
7896003739671,PIT STOP MISTO QUENTE,Marilan,91.0,g
7896003739688,PIT STOP SALSA E CEBOLA,Marilan,91.0,g
7896003739770,Magic Toast,Marilan,110.0,g
7896003740172,Biscoito Cream Cracker Manteiga,Marilan,300.0,g
7896003740240,Biscoito doce sabor leite,Marilan,300.0,g
7896003941609,Arroz Integral 7 Cereais Ráris Pouch 1kg,RARIS,1000.0,g
7896003992892,Arroz Integral 7 Grãos Ráris,RARIS,180.0,g
7896004000534,Corn Flakes,Kellogg´s,200.0,g
7896004001036,Granola Tradicional Kellogg Kellness Müslix,Kellogg,500.0,g
7896004002057,Biscoito integral cacau e mel,Kellogg's,120.0,g
7896004002194,Sucrilhos sabor chocolate,Kellogg's,780.0,g
7896004002538,Cereal Matinal Original Kelloggs Sucrilhos Caixa 300g,KELLOGG S,300.0,g
7896004002767,Sucrilhos,kelloggs,1000.0,g
7896004003085,Granola Kellogg S Kellness Chocolate Müslix,Kellogg,500.0,g
7896004004549,Corn flakes,Kellogg's,500.0,g
7896004004679,Cereal Matinal Original Kelloggs Sucrilhos Caixa 510g,SUCRILHOS,510.0,g
7896004004921,Zucaritas,Kelloggs,240.0,g
7896004004938,Zucaritas kellogs,Kellogg's,150.0,g
7896004004983,7896004004983,Kellogg's,240.0,g
7896004005386,Kelloggs Musli,Kellogg's,270.0,g
7896004005393,Müsli,kellogg's,270.0,g
7896004005973,zukaritas,Kellogg's,500.0,g
7896004006239,Salgadinho De Batata Creme E Cebola Pringles Tubo 109g,PRINGLES,109.0,g
7896004006277,Salgadinho De Batata Original Pringles Tubo 104g,PRINGLES,104.0,g
7896004006284,Salgadinho De Batata Queijo Pringles Tubo 109g,PRINGLES,109.0,g
7896004006369,Zicaritas,Kellogg's,300.0,g
7896004006475,Pringles Creme e Cebola 120g,Procter & Gamble,120.0,g
7896004006482,Salgadinho De Batata Original Pringles Tubo 114g,PRINGLES,114.0,g
7896004006499,Salgadinho De Batata Queijo Pringles Tubo 120g,PRINGLES,120.0,g
7896004006505,Salgadinho De Batata Original Pringles Lata 41g,PRINGLES,41.0,g
7896004006574,Müsli,Kellogg’s,270.0,g
7896004006604,Sucrilhos original,Kellog's,280.0,g
7896004006628,Biscoito com recheio sabor chocolate,"Sucrilhos, Kellogg's",105.0,g
7896004006642,Biscoito doce sabor chocolate,Sucrilhos,130.0,g
7896004006833,Cereal Matinal Frutas Kelloggs Froot Loops Caixa 230g,FROOT LOOPS,230.0,g
7896004006864,Sucrilhos original,Kellogg's,730.0,g
7896004006956,Salgadinho De Batata Churrasco Pringles Tubo 120g,PRINGLES,120.0,g
7896004007021,Cheez IT assado Cheddar,,65.0,g
7896004007038,Salgadinho Cheddar Cheez It Pacote 115g,PACO,115.0,g
7896004007052,Salgadinho Parmesão Cheez It Pacote 115g,PACO,115.0,g
7896004007069,Cheez IT Salgadinho assado de queijo Provolone,,65.0,g
7896004007076,Salgadinho Provolone Cheez It Pacote 115g,PACO,115.0,g
7896004007205,Cereal Matinal Chocolate Kelloggs Choco Krispis Caixa 200g,CHOCO KRISPIS,200.0,g
7896004007212,Cereal Matinal Chocolate Kelloggs Choco Krispis Caixa 530g,CHOCO KRISPIS,530.0,g
7896004007342,Cereal Matinal Original Kelloggs Sucrilhos Caixa 690g,SUCRILHOS,690.0,g
7896004007366,Cereal Matinal Chocolate Kelloggs Sucrilhos Caixa 240g,SUCRILHOS,240.0,g
7896004007373,Cereal Matinal Chocolate Kelloggs Sucrilhos Caixa 690g,SUCRILHOS,690.0,g
7896004007380,Cereal Matinal Chocolate Kelloggs Sucrilhos Power Pops Caixa 200g,SUCRILHOS,200.0,g
7896004007410,Salgadinho Creme E Cebola Free Fire Cheez It Pacote 115g,FREE,115.0,g
7896004007427,Sucrilhos original 240g,Kellogg's,240.0,g
7896004007458,Zucaritas,Kellogg's,510.0,g
7896004007601,Pack Cereal Matinal Original Kelloggs Sucrilhos Caixa 2 Unidades Leve 1kg Pague 690g Embalagem Econômica,SUCRILHOS,1000.0,g
7896004007618,Cer mat sucrilhos original,Kellogg,240.0,g
7896004007632,Cereal Matinal Original Kelloggs Sucrilhos Pacote 110g,SUCRILHOS,110.0,g
7896004007649,Cereal Matinal Chocolate Kelloggs Choco Krispis Pacote 100g,CHOCO KRISPIS,100.0,g
7896004007656,Cereal Matinal Superbom Skarchitos Caixa 240g,SUPERBOM,240.0,g
7896004007663,Cereal Matinal Superbom Skarchitos Caixa 500g Tamanho Econômico,SUPERBOM,500.0,g
7896004007731,Cereal Matinal Doce De Leite Kelloggs Sucrilhos Pacote 110g,SUCRILHOS,110.0,g
7896004007748,Granola Original Kelloggs Sucrilhos Caixa 210g,SUCRILHOS,210.0,g
7896004007755,Granola Chocolate Com Morango Kelloggs Sucrilhos Caixa 210g,SUCRILHOS,210.0,g
7896004007809,Snack Power Queijo Cheez It Snapd Pacote 90g,PACO,90.0,g
7896004007816,Snack Power Queijo Cheez It Snapd Pacote 155g,PACO,155.0,g
7896004007823,Snack Nacho Explosion Cheez It Snapd Pacote 90g,PACO,90.0,g
7896004007830,Snack Nacho Explosion Cheez It Snapd Pacote 155g,PACO,155.0,g
7896004009155,PRINGLES,pringles,104.0,g
7896004009162,Pringles sabor a crema y cebolla,Pringles,109.0,g
7896004009179,Pringles sabor a queso,Pringles,109.0,g
7896004009186,Pringles,Pringles,37.0,g
7896004009193,Pringles sabor a Crema y Cebolla,Pringles,39.0,g
7896004009216,Pringles Sabor Original,Pringles,104.0,g
7896004009377,Sucrilhos 60%  menos açucares,Kelloggs,170.0,g
7896004009612,Pringles Sabor Original,Pringles,37.0,g
7896004009865,rosquinha sabor nata,Parati,250.0,g
7896004009889,rosquinha sabor leite,parati,250.0,g
7896004010106,cheez it,,45.0,g
7896004010298,Pringles Gigante,,134.0,g
7896004010465,Pringles Lemon Pepper,Pringles,105.0,g
7896004010939,Sucrilhos original,,800.0,g
7896004011608,Sucrilhos ovomaltine,Kellogg’s,200.0,g
7896004015071,Cereal Matinal Original Kelloggs Sucrilhos Caixa 730g Leve Mais Pague Menos,KELLOGG S,730.0,g
7896004400013,Coco Ralado Desidratado,Sococo,100.0,g
7896004400020,Sococo coco ralado 50g,Sococo,50.0,g
7896004400082,Leite de Coco,Sococo,500.0,mL
7896004400136,Leite De Coco Light Sococo Vidro 200ml,SOCOCO,200.0,mL
7896004400297,Leite De Coco Mais Coco Vidro 200ml,KELLOGG S,200.0,mL
7896004400327,Coco Ralado úmido Adoçado Sococo Sweet Coco Pacote 100g,Sococo,100.0,g
7896004400358,água De Coco Integral Sococo Caixa 200ml,Sococo,200.0,mL
7896004400372,Leite De Coco Tradicional,SOCOCO,200.0,mL
7896004400723,Coco Ralado úmido Adoçado Em Flocos Sococo Sweet Floco Pacote 100g,KELLOGG S,100.0,g
7896004400730,Coco Ralado úmido Adoçado Mais Coco Pacote 100g,Mais Coco,100.0,g
7896004401041,água De Coco Tangerina Sococo Mais Caixa 200ml,KELLOGG S,200.0,mL
7896004401058,Mais Coco,Sococo,50.0,g
7896004401140,Mais COCO,,500.0,mL
7896004401393,Cocada cremosa,Sococo,335.0,g
78960044014016,Leite de Coco SOCÔCO,SOCÔCO,200.0,mL
7896004401409,água De Coco Integral Sococo Caixa 1l,KELLOGG S,1000.0,mL
7896004401652,água De Coco Maracujá Sococo Mais Caixa 200ml,SOCOCO,200.0,mL
7896004402192,Água de coco,,1000.0,mL
7896005202074,farinha de trigo tradicional Dona benta,Dona Benta,1000.0,g
7896005205877,Farinha De Trigo Integral Dona Benta Pacote 1kg,DONA BENTA,1000.0,g
7896005208861,Sol Gelatina de Abacaxi,Sol,35.0,g
7896005208939,gelatina,sol,35.0,g
7896005211007,Bolo Delícias Brigadeiro,Dona Benta,450.0,g
7896005212714,Farinha de Trigo para Pizza Mix - Dona Benta Profissional,J. Macêdo,5000.0,g
7896005212905,Farinha de trigo reserva especial puríssima,Dona Benta,1000.0,g
7896005213926,DONA BENTA Fermento Biológico Seco Instantâneo Dona Benta Fermix,Dona Benta,125.0,g
7896005216927,Mistura Para Bolo Chocolate Com Avelã Dona Benta Sachê 450g,DONA BENTA,450.0,g
7896005217023,Mistura Para Bolo Chocolate Dona Benta Sachê 450g,DONA BENTA,450.0,g
7896005217467,hits,sol,80.0,g
7896005218013,Gelatina Pó Abacaxi Sol Pacote 25g,SOL,25.0,g
7896005218075,Gelatina de Morango,Sol,25.0,g
7896005218693,macarrão spaghetti,lili,500.0,g
7896005219379,Farinha de Trigo Integral Dona Benta,Dona Benta,400.0,g
7896005220153,Mistura Para Bolo Brigadeiro Dona Benta Pacote 400g,DONA BENTA,400.0,g
7896005221419,Farinha De Trigo Para Pães Dona Benta Especialidades Pacote 1kg,DONA BENTA,1000.0,g
7896005223208,bolo festa,Sol,400.0,g
7896005223475,Salt Plus! Original,Águia,360.0,g
7896005223512,Biscoito Salgado Integral Salt Plus!,Águia,360.0,g
7896005271360,PETYBON Lasanha Tradicional,PETYBON,200.0,g
7896005271377,Massa de Sêmola para Lasanha Tradicional Petybon,Petybon,200.0,g
7896005271582,Mistura P/ bolo Baunilha,Boa Sorte,400.0,g
7896005271612,Mistura pra bolo Festa,Boa Sorte,400.0,g
7896005272022,Mistura Para Bolo Laranja Dona Benta Sachê 450g,J. MACÊDO,450.0,g
7896005272046,Mistura Para Bolo Coco Dona Benta Sachê 450g,J. MACÊDO,450.0,g
7896005272107,Bolo Caseiro Baunilha,Dona Benta,450.0,g
7896005276860,Talharim nº2 tipo caseiro,Dona Benta,500.0,g
7896005279182,Dona Benta bolo fuba com Eva doce,Dona Benta,500.0,g
7896005280911,Bolo Caseiro Cenoura,Dona Benta,450.0,g
7896005286524,Massa de sêmola espaguete n° 8,Dona Benta,500.0,g
7896005286579,Espaguete Dona Benta Sêmola,Dona Benta,500.0,g
7896005302002,Néctar Abacaxi Tial Caixa 1l,TIAL,1000.0,mL
7896005302019,Néctar Goiaba Tial Caixa 1l,TIAL,1000.0,mL
7896005302033,Néctar Maracujá Tial Caixa 1l,TIAL,1000.0,mL
7896005302064,Néctar Laranja Tial Caixa 1l,TIAL,1000.0,mL
7896005302088,Néctar Uva Tial Caixa 1l,TIAL,1000.0,mL
7896005309902,Néctar Uva Tial Caixa 200ml,TIAL,200.0,mL
7896005309926,Néctar Maracujá Tial Caixa 200ml,TIAL,200.0,mL
7896005309964,Néctar Manga Tial Caixa 200ml,TIAL,200.0,mL
7896005309971,Néctar Goiaba Tial Caixa 200ml,TIAL,200.0,mL
7896005310236,Suco Uva Tial 100 Caixa 1l,TIAL,1000.0,mL
7896005310243,Suco Maçã Tial 100 Caixa 1l,TIAL,1000.0,mL
7896005310359,Suco Goiaba E Maçã Tial 100 Caixa 1l,TIAL,1000.0,mL
7896005310366,Suco Manga E Maçã Tial 100 Caixa 1l,TIAL,1000.0,mL
7896005310373,Suco Pêssego E Maçã Tial 100 Caixa 1l,TIAL,1000.0,mL
7896005310397,Suco Pêssego E Maçã Maria Clara Jp Tial Histórias Caixa 200ml,TIAL,200.0,mL
7896005310403,Suco Uva E Maçã Maria Clara Jp Tial Histórias Caixa 200ml,TIAL,200.0,mL
7896005310601,Suco Maçã Maria Clara Jp Tial Histórias Caixa 200ml,TIAL,200.0,mL
7896005310663,Suco Laranja Tial 100 Caixa 1l,TIAL,1000.0,mL
7896005310878,água De Coco Padronizada Tial Caixa 1l,TIAL,1000.0,mL
7896005310977,água De Coco Padronizada Tial Caixa 200ml,TIAL,200.0,mL
7896005311202,Suco Concentrado Caju Tial Garrafa 500ml,TIAL,500.0,mL
7896005311219,Suco Concentrado Maracujá Tial Garrafa 500ml,TIAL,500.0,mL
7896005311240,Suco Concentrado Maracujá Tial Garrafa 1l,TIAL,1000.0,mL
7896005311257,Suco Concentrado Caju Tial Garrafa 1l,TIAL,1000.0,mL
7896005311288,"Chá Verde, Hortelã, Branco Com Maracujá Tial Chá Caixa 1l",TIAL,1000.0,mL
7896005311394,água De Coco Padronizada Com Polpa De Coco Tial Caixa 1l,COCO,1000.0,mL
7896005401163,suco dafruta,,200.0,mL
7896005402757,Dafruta premium maracujá,Dafruta,1000.0,mL
7896005404072,Suco Maguary laranja 1L,Maguary,1000.0,mL
7896005800010,Café Torrado E Moído Tradicional 3 Corações Pacote 500g,3 CORACOES,500.0,g
7896005800027,Tradicional,3 Corações,250.0,g
7896005800157,cappuccino clássi,3 corações,200.0,g
7896005800188,Café Torrado E Moído A Vácuo Tradicional 3 Corações Pacote 500g,3 CORACOES,500.0,g
7896005800539,Fort,3 Corações,250.0,g
7896005800546,Cafe fort Almof,,500.0,g
7896005800850,Cappuccino Solúvel Descafeinado 3 Corações Pote 200g,3 CORACOES,200.0,g
7896005801512,Extraforte,3 Corações,250.0,g
7896005801529,Café Torrado E Moído Extraforte 3 Corações Pacote 500g,3 CORACOES,500.0,g
7896005801819,Café torrado e moído extraforte,3 Corações,250.0,g
7896005801826,Café Torrado E Moído A Vácuo Extraforte 3 Corações Pacote 500g,3 CORACOES,500.0,g
7896005802373,Cappuccino Solúvel Classic 3 Corações Sachê 20g,3 CORACOES,20.0,g
7896005802397,Cappuccino chocolate,Três Corações,20.0,g
7896005802403,Capuccino baunilha,3 Corações,20.0,g
7896005802427,Capuccino 3 corações Sache can,,20.0,g
7896005802519,Cappuccino Diet,3 corações,150.0,g
7896005802540,Café Torrado E Moído A Vácuo 3 Corações Estrada Real Premium Pacote 500g,3 CORACOES,500.0,g
7896005802588,café 3 corações gourmet,3 Corações,250.0,g
7896005802625,Cappuccino Solúvel Classic 3 Corações Caixa 200g 10 Unidades,3 CORACOES,200.0,g
7896005802892,Cappuccino Solúvel Chocolate 3 Corações Pote 200g,3 corações,200.0,g
7896005803264,Café Com Leite Solúvel 3 Corações Lata 330g,3 CORACOES,330.0,g
7896005804391,Achocolatado Pó 3 Corações Chocolatto Pacote 300g,3 CORACOES,300.0,g
7896005804513,Cappuccino Solúvel Classic 3 Corações Sachê 100g,3 CORACOES,100.0,g
7896005804629,Cappuccino Solúvel Baunilha 3 Corações Pote 200g baunilha,3 CORACOES,200.0,g
7896005804995,expresso plena,,80.0,g
7896005805008,Cápsula 3 corações supremo,,8.0,g
7896005805015,Cápsula 3 Corações Vibrante,3 Hearts,8.0,g
7896005805022,expresso decaf,,80.0,g
7896005805053,chá erva doce,,2.5,g
7896005805077,Cappuccino Em Cápsula Classic 3 Corações Caixa 10 Unidades 11g Cada,3 CORACOES,11.0,g
7896005805107,Tradicional Café Filtrado,3 Corações,75.0,g
7896005805114,Cápsula 3 corações gourmet,,75.0,g
7896005805121,Café Com Leite Em Cápsula Tres Caixa 90g 10 Unidades,3 CORACOES,90.0,g
7896005805138,Chocolate Quente Em Cápsula Chocolatto Tres Caixa 110g 10 Unidades,3 CORACOES,110.0,g
7896005805473,Café Com Leite Solúvel 3 Corações Lata 265g,3 CORACOES,265.0,g
7896005805701,Cápsula 3 corações ameno,,8.0,g
7896005805718,cápsula 3 corações atento,,8.0,g
7896005806203,Chocolate Quente Em Cápsula Chocolatto Caramello Tres Caixa 110g 10 Unidades,3 CORACOES,110.0,g
7896005806753,CRUZEIRO café de grano,CRUZEIRO,250.0,g
7896005808016,Cappuccino Solúvel Zero Lactose 3 Corações Balance Pote 180g,3 CORACOES,180.0,g
7896005809259,Cafe Santa Clara Almof,,500.0,g
7896005809495,PRONTO cappuccino zero%,3 Corações,260.0,mL
7896005809501,Bebida Láctea Uht Cappuccino Chocolate 3 Corações Frasco 260ml,3 Corações,260.0,mL
7896005809518,Bebida Láctea Uht Cappuccino Classic 3 Corações Frasco 260ml,CLASSIC,260.0,mL
7896005810057,Café Com Leite Em Cápsula Latte Macchiato Tres Caixa 110g 10 Unidades,TRÊS,110.0,g
7896005810323,Cappuccino Em Cápsula Avelã Tres Caixa 110g 10 Unidades,TRÊS,110.0,g
7896005810484,Café torrado e moído Sul de Minas,,250.0,g
7896006702696,CAMIL - Arroz Basmati Gourmet Camil,Camil,1000.0,g
7896006711117,Arroz Tipo 1 1kg Camil,CAMIL,1000.0,g
7896006711124,Arroz Branco Tipo 1,Camil,5000.0,g
7896006711155,Arroz Tipo 1 Camil 5kg,CAMIL,5000.0,g
7896006715207,Grao De Bico Camil 247gr,CAMIL,247.0,g
7896006716112,Arroz parboilizado,Camil,1000.0,g
7896006716471,Biscoitos de Arroz Integral Chia e Linhaça,Camil,150.0,g
7896006718543,Camil Arroz Parboilizado tipo 1,Camil,1000.0,g
7896006744115,feijão carioca camil,"CAMIL, Camil Alimentos S.A.,",1000.0,g
7896006748786,Feijão Rajado Tipo 1 Camil Pacote 500g,CAMIL,500.0,g
7896006748885,Feijão Branco Tipo 1 Camil Pacote 500g,CAMIL,500.0,g
7896006749295,Feijão Fradinho Tipo 1 Camil Pacote 500g,CAMIL,500.0,g
7896006750758,Lentilha Seca Camil,CAMIL,500.0,g
7896006751113,Camil preto,Camil,1000.0,g
7896006755517,Arroz Integral,"Camil,Camil Alimentos S.A.",1000.0,g
7896006779674,Mini Biscoitos de Arroz Integral Camil Natural,Camil,150.0,g
7896006780045,CAMIL Arroz Branco Camil,Camil,1000.0,g
7896006791096,Proteina de soja,Camil,400.0,g
7896006794936,Black Beans / Feijao Preto 1Kg,camil,1000.0,g
7896006797890,Milho Pipoca Camil Premium,CAMIL,100.0,g
7896006797920,Feijão Carioca Temperado Cozido Camil 380g,CAMIL,380.0,g
7896006798750,Camil Arroz Orgânico Parboilizado,Camil,1000.0,g
7896006798781,Arroz Especial para Risotos 1 kg Camil,"UNIAO QUIMICA, Camil, Camil Alimentos Sociedade Anônima,",1000.0,g
7896007800001,Shoyu Tradicional,Sakura,500.0,mL
7896007800018,Molho Shoyu Sakura Premium Garrafa 500ml,SAKURA,500.0,mL
7896007800124,Shoyu Light,Sakura,500.0,mL
7896007800742,Molho para Salada Caesar,Kenko,236.0,mL
7896007800896,Molho Para Yakissoba Sakura Garrafa 500ml,SAKURA,500.0,mL
7896007800957,Arroz Tipo 1 Para Culinária Oriental Sakura Premium Pacote 1kg,SAKURA,1000.0,g
7896007801176,Molho Shoyu Sakura Kin Frasco 250ml,SAKURA,250.0,mL
7896007801275,Soja sauce less salt,Sakura,1000.0,mL
7896007810017,Molho De Soja Sakura Premium Vidro 150ml,SAKURA,150.0,mL
7896007811007,Salsa de Soja,Sakura Nayaka Alimentos Ltda.,150.0,mL
7896007811304,Molho De Pimenta Kenko Kenko 150ML,Kenko,150.0,mL
7896007811311,Salsa de Ajo,Kenko,150.0,mL
7896007811403,Molho Inglês,Kenko,150.0,mL
7896007830763,óleo De Gergelim Torrado Kenko Frasco 100ml,KENKO,100.0,mL
7896007838776,Folha De Alga Marinha Desidratada Kenko Pacote 27g 10 Unidades,KENKO,27.0,g
7896007850556,KENKO Farinha de Panko,KENKO,400.0,g
7896007855469,Cogumelo Champignon Em Conserva Kenko Sachê 100g,KENKO,100.0,g
7896007857203,Miso,Sakura,500.0,g
7896007865864,Molho Agridoce Kenko Squeeze 210g,KENKO,210.0,g
7896007865970,Molho especial Tarê,Sakura,180.0,mL
7896007866601,cobertura de morango  Kengo,Kengo,250.0,g
7896007866618,cobertura caramelo kenko,,250.0,g
7896007870462,Cogumelo Champignon Em Conserva Kenko Vidro 200g,KENKO,200.0,g
7896007870554,Farinha Panko Kenko Pacote 200g,KENKO,200.0,g
7896007872381,Gengibre Em Conserva Kenko Vidro 110g,KENKO,110.0,g
7896009301049,Sardinhas com óleo,COQUEIRO,125.0,g
7896009301056,Sardinha Sabor Limão,Coqueiro,125.0,g
7896009301063,Sardinhas com Molho de Tomate,COQUEIRO,125.0,g
7896009301100,ATUM PEDAÇOS OLEO 170G COQUEIRO,COQUEIRO,170.0,g
7896009301117,Atum ralado em molho com tomate,Coqueiro,160.0,g
7896009301131,ATUM RALADO OLEO 170G COQUEIRO,Coqueiro,170.0,g
7896009301148,Atum sólido ao natural,Coqueiro,130.0,g
7896009301155,Atum Sólido Em óleo Coqueiro Lata 120g,Coqueiro,180.0,g
7896009301162,Patê Atum Com Azeitonas Verdes Coqueiro Sachê 170g,COQUEIRO,170.0,g
7896009301179,Patê Atum Com Pimenta Coqueiro Sachê 170g,COQUEIRO,170.0,g
7896009301186,Paté de atum light,Coqueiro,170.0,g
7896009301193,Patê Atum Coqueiro Sachê 170g,Coqueiro,170.0,g
7896009500152,Sardinha Sabor Limão,Coqueiro,125.0,g
7896009765018,Snack Cães Kadi 55gr Banana e Quinoa,,0.55,g
7896009765025,Snack Cães Kadi 55gr Filhote Carne,,0.55,g
7896009765049,Snack Cães Kadi 55gr Filhote Frango,,0.55,g
7896010400311,Creme de Ricota,Regina,200.0,g
7896010400434,Queijo Tipo Brie,Regina,115.0,g
7896010400717,Requeijão Cremoso,Regina,220.0,g
7896010401660,Leite Cabra Int Uht 1l,Caprilat,1000.0,mL
7896010401844,Nata Regina,Regina,300.0,g
7896010401882,Manteiga de Cabra Caprilat,Caprilat,175.0,g
7896010604023,Macarrão Espaguete com Sêmola,Cadore,500.0,g
7896010608045,ATENÇÃO AO PAÍS EM QUE É VENDIDO -- Mac Parafuso c/Ovos,Cadore,500.0,g
7896011101927,Biscoito Recheado Zoo Cartoon Morango,Parati,130.0,g
7896011102580,Biscoito Maizena,Parati,370.0,g
7896011103747,minueto morango,parati,115.0,g
7896011103761,Wafer sabor chocolate com recheio sabor baunilha,Minueto,115.0,g
7896011107868,Cookies Sabor Chocolate com Gotas Sabor Chocolate,Parati,60.0,g
7896011125640,Panetone Chocolate,Parati,450.0,g
7896011127071,Trink,Trink,25.0,g
7896011900049,Arroz parboilizado,Blue Ville,5000.0,g
7896011906874,Arroz branco,Blue Ville,5000.0,g
7896013558033,natucor,,12.0,g
7896013563365,Novex Mystic Black Hair Mask,,1000.0,mL
7896014403370,Polpa de Manga,Brasfruit,400.0,g
7896015223014,arroz parboilizado,blue-bonet,1000.0,g
7896015910020,Farinha de mandioca torrada,Pinduca,500.0,g
7896015910075,Farinha De Mandioca Torrada,Pinduca,500.0,g
7896015910518,Farofa de Mandioca Tradicional,Pinduca,500.085587925,g
7896015910600,Farofa de milho,Pinduca,400.0,g
7896015911744,Farofa de Mandioca sabor Bacon,Pinduca,250.0427939625,g
7896015912307,Farinha de mandioca torrada e temperada,Pinduca,500.0,g
7896015930561,Amendoim Branco Pinduca,Pinduca,400.0,g
7896015960001,Sagu,Pinduca,500.085587925,g
7896015970017,Polvilho de mandioca azedo,,500.0,g
7896015971236,Fécula de Mandioca,Pinduca,1000.0,g
7896015971809,Massa para Tapioca,Pinduca,500.085587925,g
7896015976187,Tapioca Para pudin e bolos,Pinduca Alimentos,500.0,g
7896015976606,Mistura para Pão de Queijo,Pinduca,500.0,g
7896015980009,Goiabada,Pinduca,500.085587925,g
7896016100000,Fubá,Granfino,1000.0,g
7896016500114,Fubá milho branco,Granfino,500.0,g
7896016501210,Arroz integral,Granfino,1000.0,g
7896016600111,Coco em flocos úmido adoçado,DuCoco,100.0,g
7896016601408,Leite coco ducoco vd,,200.0,mL
7896016601972,Água de coco,DuCOCO,200.0,mL
7896016602757,Água de coco esterilizada,DuCOCO,330.0,mL
7896016603709,Coco Ralado Ducoco - DUCOCO,DUCOCO,100.0,g
7896016604690,Leite Ducoco,Ducoco,1000.0,mL
7896016604737,Ducoco,Ducoco productos alimenticios,330.0,mL
7896016604744,Ducoco,Ducoco,1000.0,mL
7896016604805,Ducoco Bebida de coco,Ducoco,1000.0,mL
7896016608766,água De Coco Esterilizada Ducoco Caixa 1l,VIZIR,1000.0,mL
7896018100015,BARILLA Macarrão Barilla Spaghetti nº 5,Barilla,500.0,g
7896018212633,Mendo Wafer Chocolate e Avelã,Barion,120.0,g
7896018242234,Barion Tubetes Avelã,,27.0,g
7896018513822,Pernil Cozido,Cellier Alimentos,500.0,g
7896018900028,Óleo de soja,Leve,900.0,mL
7896018900035,Óleo de soja,Leve,900.0,mL
7896019201537,Capuccino Classic,Iguaçu,200.0,g
7896019205115,Café Solúvel Em Pó Tradicional Iguaçu Sachê 50g Refil,CAFE IGUACU,50.0,g
7896019206174,Cappuccino,,200.0,g
7896019206563,Cappuccino light,Iguaçu,140.0,g
7896019206785,Café Iguaçu Clássico,"Iguaçu,3 Corações",200.0,g
7896019208468,CRUZEIRO LIOFILIZADO CAFÉ INSTANTÁNEO,CRUZEIRO,170.0,g
7896019208918,capuccino,,200.0,g
7896019209489,Café clásico,Cruzeiro,200.0,g
7896019602105,Pacote Ouro Branco,LACTA,1000.0,g
7896019603430,Bis,Lacta,140.0,g
7896019607636,Recheada de Creme com Cacau,"Amandita,Lacta",200.0,g
7896019621762,Amaro,Lacta,170.0,g
7896020162148,repelente de insetos,baruel,200.0,mL
7896020900252,Massa Para Pastel,Romanha,400.0,g
7896020900535,Pastel Aperitivo de Queijo Congelado,Romanha,200.0,g
7896020900542,Pastel Aperitivo de Carne Congelado,Romanha,200.0,g
7896020901587,Batata lisa original,Romanha,90.0,g
7896021300150,Macarrao Aletria Ovo Santa Amalia Cabelo De Anjo,Santa Amalia,500.0,g
7896021300747,macarrão,Amália,80.0,g
7896021305018,Mistura para bolo sabor festa,Santa Amália,400.0,g
7896021305711,Mistura para bolo sabor leite condensado,Santa Amália,400.0,g
7896021314256,Macarrão Espaguete 8,Don Sapore,500.0,g
7896021314683,Massa de Arroz (macarrão),AMÁLIA,500.0,g
7896021821181,Massa com ovos penne,Nordeste,500.0,g
7896022013028,Espaguete,Isabele,500.0,g
7896022054359,Kuki,Isabela,400.0,g
7896022075712,Torrada Tradicional,Isabela,284.0,g
7896022085216,Toons Strawberry,Isabela,130.0,g
7896022086114,Macarrão parafuso integral,Isabela,500.0,g
7896022086145,Torrada integral isabela,isabela,146.0,g
7896022086183,Wafer sabor chocolate,,145.0,g
7896022086190,Isabela wafer sabor a morango,Isabela,100.0,g
7896022086213,Wafer sabor Chocolate Branco,Isabela,100.0,g
7896022086404,Torinhas sabor a morango,Isabela,140.0,g
7896022086411,Tortinhas,Isabela,140.0,g
7896022086787,Biscoito doce maizena,Isabela,350.0,g
7896022086831,Biscoito doce sabor leite,Isabela,350.0,g
7896022086855,Leite com Chocolate,Isabela,350.0,g
7896022086862,Biscoito salgado água e sal,Isabela,350.0,g
7896022086992,Torinhas crostata chocolate branco e geleia de limão siciliano,Isabela,80.0,g
7896022087005,BISC RECH FRUTAS VERMELHAS 80G ISABELA,isabela,80.0,g
7896022087159,lamen sabor carne,ISABELA,75.0,g
7896022087173,LAMEN GALINHA CAIPIRA PACOTE ISABELA,ISABELA,75.0,g
7896022087180,LAMEN GALINHA ZERO FRITURA ISABELA,ISABELA,75.0,g
7896022200022,Macarrão De Sêmola De Trigo Grano Duro Fusilli Renata Superiore Pacote 500g,Renata,500.0,g
7896022200039,Macarrão De Sêmola De Trigo Grano Duro Penne Renata Superiore Pacote 500g,RENATA,500.0,g
7896022200046,Macarrão De Sêmola De Trigo Grano Duro Espaguete 8 Renata Superiore Pacote 500g,SELMI,500.0,g
7896022200121,Massa De Sêmola Com Ovos Para Lasanha Renata Caixa 500g,SELMI,500.0,g
7896022200152,Macarrão De Sêmola Com Ovos Padre Nosso Renata Pacote 500g,SELMI,500.0,g
7896022200169,Macarrão De Sêmola Com Ovos Ave Maria Renata Pacote 500g,SELMI,500.0,g
7896022200206,Macarrão De Sêmola Com Ovos Parafuso Renata Pacote 500g,SELMI,500.0,g
7896022200244,Macarrão De Sêmola Com Ovos Ninho 2 Renata Pacote 500g,SELMI,500.0,g
7896022200268,Macarrão Renata,Renata,500.0,g
7896022200282,Macarrão De Sêmola Com Ovos Espaguete 8 Renata Pacote 500g,SELMI,500.0,g
7896022200305,Macarrão De Sêmola Com Ovos Aletria Renata Pacote 500g,SELMI,500.0,g
7896022200312,Macarrão De Sêmola Concha Galo Pacote 500g,SELMI,500.0,g
7896022200732,Macarrão de sêmola,Galo,500.0,g
7896022200756,Macarrão De Sêmola Espaguete 8 Galo Pacote 500g,Galo,500.0,g
7896022200961,Farinha De Trigo Tradicional Renata Pacote 1KG,Renata,1000.0,g
7896022201289,Renata Superiore Tagliarini,Renata,500.0,g
7896022201340,Macarrão De Sêmola De Trigo Grano Duro Integral Espaguete 8 Renata Superiore Pacote 500g,RENATA,500.0,g
7896022201357,Semolina De Trigo Durum Renata Pacote 1kg,GALO,1000.0,g
7896022201746,Macarrão De Sêmola De Trigo Grano Duro Integral Fusilli Renata Superiore Pacote 500g,Renata,500.0,g
7896022201890,Express gallina,Renata,200.0,g
7896022201944,Express Sabor Carne y Tomate,Renata,80.0,g
7896022202972,Macarrão De Sêmola Padre Nosso Galo Pacote 500g,SELMI,500.0,g
7896022202989,Massa de sêmola,Galo,500.0,g
7896022202996,Macarrão De Sêmola Ave Maria Galo Pacote 500g,SELMI,500.0,g
7896022203092,Torta Renata Condesada,Renata,300.0,g
7896022203207,Divertix,Renata,40.0,g
7896022203498,Renata coco con chocolate,Selmi,300.0,g
7896022203627,Macarrão De Sêmola De Trigo Grano Duro Integral Farfalle Renata Superiore Pacote 500g,RENATA,500.0,g
7896022203634,Macarrão De Sêmola De Trigo Grano Duro Integral Penne Superiore,RENATA,500.0,g
7896022203870,Lasanha pre-cozida,Galo,200.0,g
7896022204181,Renata Mistura para bolo Chocolate,kistar,2.0,g
7896022204198,Renata mistura para bolo baunilha,Selmi,400.0,g
7896022204211,Mixture Para Bolo Laranja,Renata,400.0,g
7896022204228,Mistura Para Bolo Sabor Coco,Renata,400.0,g
7896022204259,Renata,Limon,400.0,g
7896022204624,Renata amanteigado chocolate,,330.0,g
7896022204631,Amanteigado coco - Renata,,330.0,g
7896022204808,Renata abacaxi,renata,400.0,g
7896022204921,Mistura para Bolo Aipim Macaxeira Mandioca,Renata,400.0,g
7896022204945,Wafer Chocolate,Renata,115.0,g
7896022204969,Renata wafer brigadeiro,Renata,115.0,g
7896022205164,Biscoito Cream Cracker,Renata,360.0,g
7896022205188,Bolacha de Coco,Renata,360.0,g
7896022205195,Biscoito Maizena - Renata,Renata,200.0,g
7896022205218,Biscoito Maria,Renata,360.0,g
7896022205225,Biscoito doce sabor leite,Renata,360.0,g
7896022205249,Biscoito cracker integral,Renata,360.0,g
7896022205263,Galleta leite,Renata selmi,133.0,g
7896022205270,Renata amanteigado coco,Selmi,133.0,g
7896022205539,Macarrão de sêmola integral,Galo,500.0,g
7896022205836,Biscoito maizena,Todeschini,360.0,g
7896022206147,Farinha de trigo integral,Renata,1000.0,g
7896022206253,Biscoito Amanteigado Chocolate,Renata,38.0,g
7896022206451,Snack Salgados,Renata,5.0,g
7896022207014,cream cracker 🐓,,360.0,g
7896022207052,Galleta chocolate,Renata,112.0,g
7896022207069,Galletas de Fresa,Renata,112.0,g
7896022207373,Macarrão Spaghetti todeschini,todeschini,500.0,g
7896022207465,Renata chocolate,Renata,112.0,g
7896022207472,Renata strawberry,Renata,112.0,g
7896022207489,Renata vainilla,Renata,112.0,g
7896022207533,Integrales cacau,Renata,150.0,g
7896022207540,Biscoito integral de morango e aveia,Renata,150.0,g
7896022207571,Sem Glúten Espeguete 8,"Renata,Selmi",500.0,g
7896022207588,Macarrão De Sêmola De Trigo Grano Duro Orgânico Espaguete 8 Renata Superiore Pacote 500g,RENATA,500.0,g
7896022207618,Mezcla Renata brownie,Selmi,400.0,g
7896022207625,Macarrão De Sêmola De Trigo Grano Duro Spaghetti 8 Renata Superiore Veggie Protein Pacote 500g,PROTEIN,500.0,g
7896022207632,"Biscoito integral de aveia, mel e banana",Renata,150.0,g
7896022207663,Biscoito cracker fermentação natural,Renata,360.0,g
7896022207786,Cookies original,Renata,40.0,g
7896022207854,Biscoito Rosquinhas Galo sabor Leite 300g,Galo,300.0,g
7896022207915,Biscoito maizena,Renata,170.0,g
7896022207922,Renata agua y sal,Renata,170.0,g
7896022207946,Bolacha Água e Sal Cracker Gergelim Renata,Renata,170.0,g
7896022207953,Renata cracker integral,Renata,170.0,g
7896022207977,Renata natural,Renata,170.0,g
7896022208004,Farinha de Trigo,Renata,1000.0,g
7896023013270,"Grape Tea Salton Chá Verde com Limão Siciliano, Erva Cidreira e Uva Moscato",Vinícola Salton,750.0,mL
7896023013294,Grape Tea Salton Chá Preto com Tangerina e Uva Moscato,Vinícola Salton,750.0,mL
7896023014819,Suco de uva integral,Salton,1500.0,mL
7896023600081,Biscoito àgua e sal,Duchen,200.0,g
7896023600142,Wafer sabor limão,Duchen,140.0,g
7896024041913,Ravioli Recheio de Calabresa,Pavioli,250.0,g
7896024102003,Suco Tangerina Jal Garrafa 625ml,JAL,625.0,mL
7896024102010,Suco Laranja Jal Garrafa 625ml,JAL,625.0,mL
7896024102041,Suco Concentrado Laranja Jal Garrafa 625ml,JAL,625.0,mL
7896024102058,Suco Uva Jal Garrafa 625ml,JAL,625.0,mL
7896024720115,Snack Salgadinho Piraquê Pacote 100g,PIRAQUE,100.0,g
7896024720382,Snack Presuntinho Piraquê Pacote 100g,PIRAQUE,100.0,g
7896024720702,Snack Repetisco Piraquê Pacote 100g,PIRAQUE,100.0,g
7896024721198,Biscoito Cream Cracker Piraquê Pacote 200g,PIRAQUE,200.0,g
7896024721600,Piraquê água gergelim,Piraque,240.0,g
7896024722324,Biscoito doce maizena,Piraquê,200.0,g
7896024722591,Biscoito Maizena Light Piraquê Pacote 200g,PIRAQUE,200.0,g
7896024723055,Biscoito Maizena Integral Piraquê Pacote 200g,PIRAQUE,200.0,g
7896024723482,Piraquê leite maltado,Piraque,200.0,g
7896024723567,Roladinho Goiabinha,Piraquê,100.0,g
7896024723802,Biscoito Bichinhos Piraquê Pacote 100g,PIRAQUE,100.0,g
7896024725189,Wafer sabor limão,Piraquê,160.0,g
7896024725264,Wafer sabor chocolate,Piraquê,160.0,g
7896024726582,BISC NEWAFER CHOCOLATE 100G PIRAQUE,PIRAQUE,100.0,g
7896024726827,Biscoito Wafer Recheio Limão Piraquê Newafer Pacote 100g,PIRAQUE,100.0,g
7896024729095,Snack Pizzaquê Piraquê Pacote 100g,PIRAQUE,100.0,g
7896024730183,Macarrão com Ovos Espaguetti,Piraquê,500.0,g
7896024740069,Macarrão espaguete aldente,Piraquê,1000.0,g
7896024740144,Macarrão Espaguete,Aldente,500.0,g
7896024760135,Biscoito Recheio Goiabinha Piraquê Pacote 75g,piraquê,75.0,g
7896024760180,Biscoito sabor cookies original,,40.0,g
7896024760227,Biscoito Cookie Chocolate Piraquê Pacote 60g,PIRAQUE,60.0,g
7896024760296,Biscoito Cristal Piraquê Pacote 150g,PIRAQUE,150.0,g
7896024760319,Leite maltado,Piraquê,160.0,g
7896024760326,Biscoito Leite Maltado Light Piraquê Pacote 160g,PIRAQUE,160.0,g
7896024760333,Biscoito Leite Maltado Chocolate Piraquê Pacote 160g,PIRAQUE,160.0,g
7896024760340,Biscoito Leite Maltado E Coco Piraquê Pacote 160g,PIRAQUE,160.0,g
7896024760357,Biscoito Recheio Chocolate Piraquê Pacote 160g,PIRAQUE,160.0,g
7896024760364,Biscoito Recheio Morango Piraquê Pacote 160g,PIRAQUE,160.0,g
7896024760371,Biscoito Recheio Limão Piraquê Pacote 160g,PIRAQUE,160.0,g
7896024760388,Biscoito Chocolate Recheio Coco Piraquê Pacote 160g,PIRAQUE,160.0,g
7896024760401,Biscoito Chocolate Recheio Pretty Piraquê Pacote 160g,PIRAQUE,160.0,g
7896024760432,PIRAQUÊ - BRIGADEIRO,,160.0,g
7896024760449,Pack Biscoito Original Piraquê Pacote 138g 6 Unidades,PIRAQUE,138.0,g
7896024760456,Biscoito Salgado Integral,Piraquê,138.0,g
7896024760586,Snack De Batata Original Piraquê Pacote 60g,PIRAQUE,60.0,g
7896024760593,Snack De Batata Churrasco Piraquê Pacote 60g,PIRAQUE,60.0,g
7896024760609,Snack De Batata Cebola E Salsa Piraquê Pacote 60g,PIRAQUE,60.0,g
7896024760647,Biscoito Wafer Recheio Chocolate Piraquê Pacote 100g,PIRAQUE,100.0,g
7896024760654,Biscoito Wafer Recheio Morango Piraquê Pacote 100g,PIRAQUE,100.0,g
7896024760661,Biscoito Wafer Recheio Brigadeiro Piraquê Pacote 100g,Piraque,100.0,g
7896024760678,Biscoito Wafer Recheio Limão Piraquê Pacote 100g,PIRAQUE,100.0,g
7896024760807,"Wafer Recheio E Cobertura Chocolate Piraquê Chocowafer Pacote 100,8g",PIRAQUE,100.8,g
7896024760814,"Wafer Recheio Chocolate Cobertura Chocolate Branco Piraquê Chocowafer Pacote 100,8g",PIRAQUE,100.8,g
7896024760821,Biscoito Salgadinho Pão De Alho Piraquê Comida Di Buteco Pacote 90g,PIRAQUE,90.0,g
7896024760838,Biscoito Salgadinho Calabresa Piraquê Comida Di Buteco Pacote 90g,PIRAQUE,90.0,g
7896024760845,Biscoito Salgadinho Pimenta Piraquê Comida Di Buteco Pacote 90g,PIRAQUE,90.0,g
7896024760852,Wafer Recheio E Cobertura Chocolate Piraquê Chocowafer Pacote 63g,Piraquê,63.0,g
7896024760876,Biscoito Cookie Original Piraquê Pacote 80g,PIRAQUE,80.0,g
7896024760883,BISC COOKIE CHOCOLATE 80G PIRAQUE,PIRAQUE,80.0,g
7896024760890,Pack Biscoito Cracker Original Piraquê Premium Pacote 150g 6 Unidades,ORIGINAL,150.0,g
7896024760999,Pack Biscoito Cracker Integral Piraquê Premium Pacote 162g 6 Unidades,INTEGRAL,162.0,g
7896024761293,Biscoito Recheio Morango Piraquê Pacote 76g,MORANGO,76.0,g
7896024761309,Biscoito Recheio Chocolate Piraquê Pacote 76g,PACO,76.0,g
7896024761316,Biscoito Recheio Limão Piraquê Pacote 76g,PACO,76.0,g
7896024761323,BISC RECH PRETTY 76G PIRAQUE,PACO,76.0,g
7896024761330,Biscoito Leite Maltado Recheio Doce De Leite Piraquê Pacote 85g,MALTA,85.0,g
7896024761347,BISC RECH MALT CHOCOAVEL 85G PIRAOUE,MALTA,85.0,g
7896024761354,BISC RECH LEITE MALT CHOCO 85G PIRAQUE,MALTA,85.0,g
7896024761408,Piraque recheado supreme limão,Piraque,80.0,g
7896024761415,Piraquê supremo,Piraque,80.0,g
7896024761422,Biscoito recheado supreme chocolate com avelã,Piraquê,80.0,g
7896024761439,Leite maltado tradicional,Piraque,132.0,g
7896024761460,Biscoito Maltado coco,Piraquê,132.0,g
7896024761637,Biscoito Maltado Black,Piraquê,132.0,g
7896024761651,Biscoito doce maizena,piraquê,175.0,g
7896024761705,Cream cracker light,Piraquê,184.0,g
7896024761729,água gergelim,piraquê,215.0,g
7896024761828,"Cookie De Leite Maltado, Black",Piraquê,80.0,g
7896024761842,COOKIE PIRAQUÊ GOIABINHA 80G,Piraque,80.0,g
7896024778468,Biscoito Salgadinho Queijinho Piraquê Pacote 35g,PIRAQUE,35.0,g
7896024778970,Salgadinho Sortido Piraquê Pacote 175g 5 Unidades,PIRAQUE,175.0,g
7896024800404,Bife Vegetal Superbom Lata 300g,SUPERBOM,300.0,g
7896024800602,Salsicha vegetal,Superbom,300.0,g
7896024807113,Escalope Ao Molho Caseiro Vegetal Superbom Lata 380g,SUPERBOM,380.0,g
7896024807205,Cubinho Ao Molho Mexicano Vegetal Superbom Lata 380g,SUPERBOM,380.0,g
7896024807403,Salsicha Vegetal Defumada Superbom Lata 300g,SUPERBOM,300.0,g
7896024850256,Melville,Superbom,200.0,g
7896024879219,Medalhão Ao Molho Madeira Vegetal Superbom Lata 400g 4 Unidades,SUPERBOM,400.0,g
7896024879226,Almôndega Ao Molho Sugo Vegetal Superbom Lata 400g,SUPERBOM,400.0,g
7896025800106,Azeite de Dendê,Cepêra,100.0,mL
7896025800113,Azeite de Dendê,Cepêra,200.0,mL
7896025800175,Champignon,Cepêra,120.0,g
7896025800274,Picles Em Conserva Cepêra Vidro 200g,CEPERA,200.0,g
7896025801073,CEPÊRA Aroma Artificial de Baunilha,CEPÊRA,30.0,mL
7896025801172,Ketchup Tradicional,Cepêra,1010.0,g
7896025801301,Goiabada Tradicional,Cepêra,500.0,g
7896025802551,cobertura caramelo Seninha,,200.0,g
7896025802858,CEPÊRA Molho de Alho,CEPÊRA,150.0,mL
7896025803534,Essencia de baunilha,Fabs,30.0,mL
7896025803688,Ketchup Original Sabores Cepêra Squeeze 400g,CEPERA,400.0,g
7896025803695,Mostarda Amarela Sabores Cepêra Squeeze 350g,CEPERA,350.0,g
7896025803701,Molho Barbecue Sabores Cepêra Squeeze 400g,SABORES CEPÊRA,400.0,g
7896025803718,Molho de mostarda com mel,Cepera,400.0,g
7896025803831,Mostarda Dijon Sabores Cepêra Squeeze 190g,SABORES CEPÊRA,190.0,g
7896025804005,Molho Barbecue Com Mel Sabores Cepêra Squeeze 400g,SABORES CEPÊRA,400.0,g
7896025804050,Molho De Pimenta Chipotle Defumada Sabores Cepêra Squeeze 270ml,SABORES CEPÊRA,270.0,mL
7896025804074,Molho de pimenta Sriracha,Cepera,270.0,mL
7896025804081,Molho De Pimenta Sweet Chilli,SABORES CEPÊRA,270.0,mL
7896025804135,Mostarda Escura Holandesa Sabores Cepêra Squeeze 360g,SABORES CEPÊRA,360.0,g
7896025804357,Ketchup Adoçado Com Mel Sabores Cepêra Squeeze 400g,SABORES CEPÊRA,400.0,g
7896025804432,Azeitona Verde Em Conserva Graúda Sabores Cepêra Vidro 220g,SABORES CEPÊRA,220.0,g
7896025804449,Azeitona Verde Em Conserva Graúda Sem Caroço Sabores Cepêra Vidro 180g,SABORES CEPÊRA,180.0,g
7896025804456,Azeitona Verde Em Conserva Graúda Recheio Pimentão Sabores Cepêra Vidro 220g,SABORES CEPÊRA,220.0,g
7896025804463,Azeitona Verde Em Conserva Graúda Recheio Alho Sabores Cepêra Vidro 220g,SABORES CEPÊRA,220.0,g
7896025804470,Azeitona Verde Em Conserva Graúda Recheio Jalapeño Sabores Cepêra Vidro 220g,SABORES CEPÊRA,220.0,g
7896025804630,Molho Madeira Para Carne Sabores Cepêra Vidro 320g,SABORES CEPÊRA,320.0,g
7896025804647,Molho Alfredo Sabores Cepêra Vidro 320g,SABORES CEPÊRA,320.0,g
7896025804654,Molho 4 Queijos Sabores Cepêra Vidro 320g,SABORES CEPÊRA,320.0,g
7896025804678,Maionese Alho,"Cepêra,Sabores Cepêra",190.0,mL
7896025804685,Maionese Cebola Sabores Cepêra Squeeze 190g,SABORES CEPÊRA,190.0,g
7896025804692,Maionese Cheddar,"Cepêra,Sabores Cepêra",190.0,mL
7896025804968,Maionese Sriracha Sabores Cepêra Squeeze 190g,SABORES CEPÊRA,190.0,g
7896025804999,Tomate Ao Natural Triturado Sabores Cepêra Caixa 390g,SABORES CEPÊRA,390.0,g
7896025805019,Molho De Tomate Basílico Sabores Cepêra Caixa 390g,SABORES CEPÊRA,390.0,g
7896025805026,Molho De Tomate Com Minialmôndegas Sabores Cepêra Caixa 390g,SABORES CEPÊRA,390.0,g
7896025805033,Maionese Salsa e Cebolinha,Cepêra,190.0,mL
7896025805088,Molho Para Hambúrguer Big Bob Bobs Em Casa Squeeze 200g,SQUEEZE,200.0,g
7896025805156,Molho de tomate manjericão Mamma Douro,Cepera,300.0,g
7896025805743,Maionese,Cepera,500.0,g
7896028014487,Leite de Coco Menina 500 mL,"Menina, Ducoco, DUCOCO ALIMENTOS S/A, DUCOCO ALIMENTOS Sociedade Anônima",500.0,mL
7896028014494,Leite de Coco Menina 200 ml,"Menina,Ducoco Alimentos S.A.",200.0,mL
7896028030661,Coco ralado úmido,Menina,50.0,g
7896028700014,Doce Gergelim,Istambul,500.0,g
7896028700090,Pasta Gergelim Tahine Istambul 500grs,ISTAMBUL,500.0,g
7896028790008,Tahine,Istambul,200.0,g
7896029003039,Arroz Parboilizado Tipo 1 Integral Ráris Pacote 1kg,RARIS,1000.0,g
7896029030356,Arroz Integral 7 Cereais Ráris Pouch 500g,RARIS,500.0,g
7896029037263,"Al. Cães Optimum 10,1kg AD.R.PEQ.FRO&ARZ",,10100.0,g
7896029075708,PEDIGREE adultos,,10100.0,g
7896029220269,Suco de Uva Tinto Integral,"Sinuelo,Casa da Nona",1000.0,mL
7896029310014,Sal refinado Globo,Globo,1000.0,g
7896029600023,Castanha De Caju Dunorte,DUNORTE,50.0,g
7896029600030,Castanha Caju Dunorte,DUNORTE,100.0,g
7896029600603,Pistache Com Casca 50g Aminna,AMINNA,50.0,g
7896029600726,Mix De Nozes 50g Dunorte Doce Vida Segall,DUNORTE,50.0,g
7896029600757,Amendoa Torrrada E Salgada 5gr Amina,Dunorte Nuts Club,5.0,g
7896029602607,CASTANHA CAJU CARAMELIZADA 50G,DUNORTE,50.0,g
7896029602911,Mix do sono,,40.0,g
7896030501036,Queijo Prato Fracionado,Tirolez,380.0,g
7896030502019,Queijo Mussarela TIROLEZ Fatiado Bandeja,TIROLEZ,150.0,g
7896030510014,Queijo ricota,Tirolez,500.0,g
7896030518027,Requeijão Cremoso,Tirolez,200.0,g
7896030518249,Fondue De Queijo Tirolez Caixa 400g,TIROLEZ,400.0,g
7896030518287,Queijo Camembert Tirolez 125g,TIROLEZ,125.0,g
7896030518454,Requeijão Cremoso Tirolez Bisnaga 400g,TIROLEZ,400.0,g
7896030518485,Creme De Leite Pasteurizado Tirolez Garrafa 500g,TIROLEZ,500.0,g
7896030518751,Requeijão Cremoso Light Tirolez Copo 200g,TIROLEZ,200.0,g
7896030519468,Queijo Coalho,,2000.0,g
7896030519543,Queijo Parmesão,Tirolez,245.0,g
7896030519598,Creme De Queijo Minas Frescal Original Tirolez Pote 200g,TIROLEZ,200.0,g
7896030519611,Creme de ricota light,Tirolez,200.0,g
7896030519628,Creme de ricota,Tirolez,200.0,g
7896030519635,TIROLEZ MANTEIGA C/Sal,TIROLEZ,200.0,g
7896030519659,Manteiga De Primeira Qualidade Sem Sal Tirolez Pote 200g,TIROLEZ,200.0,g
7896030520013,Queijo Cottage Tirolez Pote 400g Leve Mais Pague Menos Embalagem Econômica,TIROLEZ,400.0,g
7896030520099,Creme De Queijo Ricota Zero Lactose Tirolez Pote 150g,TIROLEZ,150.0,g
7896030520181,Queijo Mussarela Fatiado Light,Tirolez,150.0,g
7896030520198,Queijo Mussarela Fatiado Light Zero Lactose Tirolez 150g,TIROLEZ,150.0,g
7896030520204,Queijo Prato Fatiado Tirolez 150g,TIROLEZ,150.0,g
7896030520211,Queijo Prato Fatiado Light,FAT,150.0,g
7896030520228,Queijo Prato Fatiado Light Zero Lactose,TIROLEZ,150.0,g
7896030520259,Queijo Mussarela Fatiado Tirolez 150g,FAT,150.0,g
7896030520273,Requeijão Cremoso para Dietas com Restrição de Lactose,Tirolez,200.0,g
7896030520440,QUEIJO MUSSARELA LIGHT ZERO LACTOSE TIROLEZ,TIROLEZ,150.0,g
7896030520488,Queijo Prato Zero Lactose TIROLEZ,Tirolez,150.0,g
7896030520587,Queijo Provolone Defumado Tirolez 335g,TIROLEZ,335.0,g
7896030520594,TIROLEZ Queijo Minas Meia Cura,Tirolez,400.0,g
7896030520648,Queijo Parmesão Ralado,"Tirolez, Laticínios Tirolez Ltda.",50.0,g
7896030520655,Queijo Parmesão Ralado Tirolez Pacote 100g,TIROLEZ,100.0,g
7896030520761,Queijo Mussarela Stick Tirolez 60g,TIROLEZ,60.0,g
7896030520808,Requeijão Cremoso Tirolez Pote 480g Embalagem Econômica Leve Mais Pague Menos,TIROLEZ,480.0,g
7896030520884,Manteiga Extra Sem Sal Tirolez 200g,TIROLEZ,200.0,g
7896030520990,Queijo Brie Tirolez 130g,TIROLEZ,130.0,g
7896030521003,Queijo Brie Tirolez Cremíssimo 220g,TIROLEZ,220.0,g
7896030521355,Fondue De Queijo Emmental Intense Tirolez Caixa 400g,TIROLEZ,400.0,g
7896030521737,Queijo Parmesão Maturado 6 mês,Tirolez,180.0,g
7896031201409,Hamburger de carne bovina picanha,Friboy,180.0,g
7896031201423,Maturatta Friboi,Maturatta Friboi,180.0,g
7896031203281,Corner Beef,Hertford,340.0,g
7896031224583,Feijoada,,430.0,g
7896032501010,Açúcar Refinado Com 1kg Da Barra,AÇÚCAR DA BARRA,1000.0,g
7896034300819,Suco de uva tinto integral,Garibaldi,1500.0,mL
7896034301632,Suco Integral Orgânico Uva Tinto Da Casa Garrafa 1l,DA CASA,1000.0,mL
7896034610017,Leite UHT Integral Parmalat 1 Litro,Parmalat,1000.0,mL
7896034610024,Leite Uht Semidesnatado Parmalat Caixa Com Tampa 1l,Parmalat,1000.0,mL
7896034630442,Creme de Leite,Parmalat,200.0,g
7896034665307,Kid Lat Chocolate,Parmalat,38.0,g
7896034680102,Queijo Parmesão Président 180g,PRESIDENT,180.0,g
7896034680126,Queijo Parmesão Ralado,PRESIDENT,50.0,g
7896034680133,Queijo Parmesão Ralado Président Pacote 100g,Président,100.0,g
7896035210001,cisne tradicional,Cisne,1000.0,g
7896035210018,Grosso Cisne Churrasco Pacote 1 Kg,CISNE,1000.0,g
7896035210087,Sal com reduzido teor de sódio - Iodado,Cisne,500.0,g
7896035271538,Cisne Tradicional,Cisne,500.0,g
7896035301228,Geleia De Mocotó Morango Arisco Caixa 220g,ARISCO,220.0,g
7896035900162,Flocao de milho,,500.0,g
7896035911144,Farofa,Amagfil,500.0,g
7896035921112,Tapioca,,1000.0,g
7896035921136,Polvilho Azedo Amafil,Amafil,500.0,g
7896035921143,Polvilho Doce,Amafil,1000.0,g
7896035921150,Polvilho Azedo,Amafil,1000.0,g
7896035921297,Sweet Manioc Starch,"Matuto, Amafil",1000.0,g
7896035921358,Polvilho Doce,,1000.0,g
7896035931036,Pão de queijo,,500.0,g
7896035931050,Mistura Preparada para Pão de Queijo,Amafil,1000.0,g
7896035941059,Fécula de Mandioca,Lifama,25000.0,g
7896035941868,Tapioca Pearls,Amafil,500.0,g
7896035950068,Farofa Pronta Milho,Amafil,250.0,g
7896035950082,Canjica de Milho Amarela,Amafil,500.0,g
7896035950389,Amido de Milho,Amafil,24992.939587,g
7896035990095,Massa para Tapioca,Amafil,1000.0,g
7896036000199,Elefante 300 g Sachê,ELEFANTE,300.0,g
7896036000274,Molho De Tomate Com Manjericão Pomarola Chef Vidro 420g,POMAROLA,420.0,g
7896036000281,Molho De Tomate Cebola Alho Pomarola Chef Vidro 420g,POMAROLA,420.0,g
7896036000427,Maionese Caseira Tradicional Liza Sachê 400g,LIZA,400.0,g
7896036000632,Extrato De Tomate Com Cebola E Alho Elefante Pote 300g,ELEFANTE,300.0,g
7896036000717,Extrato De Tomate,ELEFANTE,300.0,g
7896036000724,Extrato De Tomate,ELEFANTE,300.0,g
7896036000793,Extrato De Tomate,ELEFANTE,135.0,g
7896036000809,Extrato De Tomate Elefante Caixa 275g,ELEFANTE,275.0,g
7896036000816,"Extrato de Tomate Elefante 1,04Kg","Elefante, Cargill",1040.0,g
7896036000823,Extrato De Tomate Elefante Caixa 535g,ELEFANTE,535.0,g
7896036036051,Molho De Tomate Caseiro Pomarola Sachê 300g,POMAROLA,300.0,g
7896036090244,Óleo De Soja Tipo 1,"CARGILL BRASIL, Liza",900.0,mL
7896036090459,Óleo de Soja LIZA,Liza,900.0,mL
7896036090602,Óleo de girassol,Liza,900.0,mL
7896036090626,LIZA Óleo de Canola Liza,Liza,500.0,mL
7896036090664,LIZA Óleo de Girassol Liza,LIZA,500.0,mL
7896036090824,óleo De Canola Tipo 1 Purilev Garrafa 900ml,CARGILL BRASIL,900.0,mL
7896036090855,Óleo de Soja Veleiro,Cargill,900.0,mL
7896036090879,Molho Para Salada Caseiro Liza Squeeze 234ml,LIZA,234.0,mL
7896036090893,Molho Para Salada Queijo Liza Squeeze 234ml,LIZA,234.0,mL
7896036090909,Molho Para Salada Rosé Liza Squeeze 234ml,LIZA,234.0,mL
7896036092934,óleo Composto De Soja E Oliva Tradicional Maria Lata 500ml,MARIA,500.0,mL
7896036093467,Molho Para Salada Limão Liza Squeeze 234ml,LIZA,234.0,mL
7896036094211,Maionese Caseira Tradicional Liza Pote 489g,CARGILL BRASIL,489.0,g
7896036094662,"óleo Misto De Milho, Canola E Girassol Liza Especiais Equilíbrio Garrafa 900ml",LIZA,900.0,mL
7896036094914,Extratomato,Cargill,370.0,g
7896036094969,Molho De Tomate Tradicional Pomarola Lata 340g,POMAROLA,340.0,g
7896036094983,Elefante Extrato De Tomate,Elefante,340.0,g
7896036095003,Tarantella Tradicional,Arisco,340.0,g
7896036095041,Extrato De Tomate Elefante Lata 130g,ELEPHANT,130.0,g
7896036095102,Molho De Tomate Tradicional Pomarola Caixa 520g,PANOAH SELF ADHESIVE FABRIC,520.0,g
7896036095119,Polpa De Tomate Pomodoro Cica Caixa 520g,CICA,520.0,g
7896036095126,Molho De Tomate Bolonhesa Pomarola Sabores Sachê 300g,POMAROLA,300.0,g
7896036095157,Pomarola Lévia,Pomarola,300.0,g
7896036095645,Tomato paste,Elefante,190.0,g
7896036095669,Tomate Pelado Inteiro Pomarola Chef Lata 400g,POMAROLA,400.0,g
7896036096062,Molho De Tomate Azeitona Pomarola Sabores Sachê 300g,POMAROLA,300.0,g
7896036096079,Molho De Tomate Manjericão Pomarola Sabores Sachê 300g,POMAROLA,300.0,g
7896036096437,óleo Composto De Soja E Oliva Tradicional Maria Garrafa 500ml,CARGILL BRASIL,500.0,mL
7896036096444,óleo Composto De Soja E Oliva Ervas Finas Maria Garrafa 500ml,CARGILL BRASIL,500.0,mL
7896036097267,Tomate Pelado Cubos Pomarola Chef Lata 400g,POMAROLA,400.0,g
7896036097328,Extrato De Tomate Com Cebola E Alho Elefante Lata 340g,ELEFANTE,340.0,g
7896036097342,Elefante Ervas Finas (130 g),Elefante,130.0,g
7896036097809,Extrato De Tomate Elefante Caixa 135g,ELEFANTE,135.0,g
7896036097816,Extrato De Tomate Elefante Caixa 275g,ELEFANTE,275.0,g
7896036098288,Extrato de tomate,Elefante,540.0,g
7896036098325,óleo Composto De Soja E Oliva Tradicional Olívia Garrafa 500ml,OLIVIA,500.0,mL
7896036098790,Molho De Tomate Com Azeitona Pomarola Chef Vidro 420g,POMAROLA,420.0,g
7896036098806,Molho De Tomate Passata Pomarola Chef Vidro 700g,POMAROLA,700.0,g
7896036098813,Molho Para Salada Vinagrete Liza Squeeze 234ml,LIZA,234.0,mL
7896036098974,Molho De Tomate Tradicional Pomarola Sachê 320g,POMAROLA,320.0,g
7896036099001,óleo De Coco Sem Sabor Purilev Vidro 500ml,PURILEV,500.0,mL
7896036099018,óleo De Coco Purilev Vidro 500ml,PURILEV,500.0,mL
7896036099032,Confeitaria meio amarga,Genuine,1000.0,g
7896036099087,Molho De Tomate Passata Rústica Pomarola Chef Vidro 680g,POMAROLA,680.0,g
7896036099162,óleo Composto De Soja E Oliva Manteiga Maria Garrafa 500ml,MARIA,500.0,mL
7896036099230,Genuine Cobertura Genuine Branco em Moedas,Genuine,1000.0,g
7896036099247,Extrato De Tomate Elefante Só Tomate Pote 310g,ELEFANTE,310.0,g
7896036099445,Molho De Tomate Passata Pomarola Chef Sachê 300g,Pomarola Chef,300.0,g
7896036099520,Molho De Tomate Bolonhesa Tarantella Sachê 300g,TARANTELLA,300.0,g
7896036099629,Recheio Meio Amargo Recheio Sabor Chocolate,,1000.0,g
7896036099742,Maionese Tradicional Liza Pote 450g,LIZA,450.0,g
7896036099759,Maionese Caseira Tradicional Liza Pote 450g,LIZA,450.0,g
7896036099773,Molho De Tomate Tradicional Pomarola Sachê 460g Embalagem Econômica Leve Mais Pague Menos,LEVE MAIS,460.0,g
7896036099988,Molho De Tomate Tradicional Pomarola Sachê 300g,Pomarola,300.0,g
7896037518228,Feijoada à Brasileira,Anglo,310.0,g
7896037913719,Suco de uva integral,Quinta Do Morgado,1000.0,mL
7896038300013,Arroz Sete Grãos+,Urbano,1000.0,g
7896038300129,URBANO - Arroz Basmati Urbano,Urbano,1000.0,g
7896038300310,Macarrão de Arroz sem Glúten Espaguete URBANO,URBANO,500.0,g
7896038305193,Urbano Zero Glúten - Massa Alimentícia de Arroz,Urbano,500.0,g
7896038308057,Urbano Arroz Integral Parboilizado,Urbano,1000.0,g
7896038310197,Massa Alimentícia De Arroz Urbano Parafuso 500g,URBANO,500.0,g
7896038311194,Massa Alimentícia de Arroz Integral,"Urbano, Urbano Agroindustrial Ltda.",500.0,g
7896038313198,Massa Alimentícia De Arroz Urbano Espaguete 500g,URBANO,500.0,g
7896038314195,URBANO Macarrão Espaguete de Arroz Integral Urbano,Urbano,500.0,g
7896038321056,URBANO Arroz Branco Tio Urbano,Urbano,1000.0,g
7896038331055,JÁ CHEGA DE MANDAR PARA O PAÍS ERRADO Arroz Urbano,Urbano,1000.0,g
7896038334193,Feijão Preto,Urbano,1000.0,g
7896038350056,Farinha De Arroz Urbano 1kg,URBANO,1000.0,g
7896038351053,URBANO Farinha de Arroz Integral,URBANO,1000.0,g
7896038357017,Arroz Arbório Urbano 1kg,URBANO,1000.0,g
7896038360192,Flocão de arroz,Urbano,500.0,g
7896038388059,URBANO Feijão Preto Urbano,Urbano,500.0,g
7896038397051,URBANO Arroz Branco Urbano Vitaminado,Urbano,1000.0,g
7896039010249,Salgadinho Sabor Cebola,"Ebicen, Glico, Glico Alimentos LTDA.",60.0,g
7896041101515,Corned Beef,Richbeef,340.0,g
7896041143126,AMERICAN FRESH CHICKEN LUNCHEON MEAT,,320.0,g
7896041146189,Baked beans in Tomato Sauce,Fresh Harvest,420.0,g
7896041146202,Channa in Brine,Fresh Harvest,420.0,g
7896041148657,IMPERIAL GARDEN CORNED BEEF,,340.0,g
7896041152005,pepinillos enteros,nerano,500.0,g
7896041152012,pepinillos rebanados,Nerano,300.0,g
7896041154016,Ervilha,Oderich,300.0,g
7896041156010,Milho Verde em conserva,Oderich,300.0,g
7896041160123,Jardinera Mix Vegetales,Oderich,200.0,g
7896041161762,Corned beef loaf,,340.0,g
7896041173734,Ameixa Seca Oderich Lata 150g,ODERICH,150.0,g
7896043001455,Biscoito Wafer Recheio Coco Sem Glúten Zero Lactose Belfar Pacote 55g,OLVEBRA,55.0,g
7896043003022,Alimento à Base De Soja Em Pó Natural Zero Lactose Soymilke Lata 250g,OLVEBRA,250.0,g
7896043013106,Choco Soy Olvebra Crispies,Olvebra,46.0,g
7896043014004,Condensado de Soja Soymilke,Soymilke,300.0,g
7896043014042,Flocos De Arroz Cobertura Chocolate à Base De Soja Zero Lactose Choco Soy Pops Pacote 40g,OLVEBRA,40.0,g
7896043014066,Flocos De Arroz Cobertura Chocolate à Base De Soja Zero Lactose Choco Soy Pops Zero Pacote 40g,OLVEBRA,40.0,g
7896043024065,Chocolate Chocolateosoy Pops Zero,OLVEBRA,40.0,g
7896045000180,Chá Misto de Limão e Gengibre com Sabor Mel,Chás Real Multierva,14.0,g
7896045077816,Chá Real Multiervas Frutas Vermelhas,Real,15.0,g
7896045101658,Gourmet Cerrado Mineiro,3 corações,250.0,g
7896045101665,Café gourmet sul de minas,,250.0,g
7896045102365,Café solúvel em pó Iguaçu,Iguaçu,200.0,g
7896045102372,Cafe 3 coracoes Extraforte,Tres Coracoes,500.0,g
7896045102396,café extraforte 3 Corações,,500.0,g
7896045102402,Café Torrado E Moído A Vácuo 3 Corações Estrada Real Premium Pacote 500g,3 CORACOES,500.0,g
7896045102419,Fort Cafe Torrado E Moído,,500.0,g
7896045102440,Café 3 Corações Tradicional,3 Corações,500.0,g
7896045102471,café Iguaçu extraforte,Iguaçu,500.0,g
7896045102488,café Iguaçu tradicional,Iguaçu,500.0,g
7896045102570,Cappuccino Em Cápsula Doce De Leite Havanna Tres Caixa 110g 10 Unidades,TRÊS,110.0,g
7896045102938,Refresco Em Pó Limonada Com Abacaxi Frisco Pacote 25g,FRISCO,25.0,g
7896045102945,Refresco Em Pó Morango Com Iogurte Frisco Pacote 25g,FRISCO,25.0,g
7896045104147,3 CORAÇÔES Achocolatado Chocolatto,3 CORAÇÔES,400.0,g
7896045104352,Cappuccino Solúvel Avelã 3 Corações Pote 200g,,200.0,g
7896045104482,Bebida Láctea Uht Café Com Leite Pingado 3 Corações Frasco 260ml,CAFÉ,260.0,mL
7896045104499,Cappuccino Pronto Power Whey,3 Corações,260.0,mL
7896045104871,Supremo Macchiato Baileys,3 Corações,110.0,g
7896045105076,Achocolatado Chocolatto,3 Corações,1020.0,g
7896045105199,Iced Coffee,3 Corações,70.0,g
7896045105274,Café Com Leite Em Cápsula Pingado 3 Corações Padaria Caixa 110g 10 Unidades,,110.0,g
7896045109098,Cafe gourmet 100% arabica matas de minas,3 corações,10.0,g
7896045109609,Cafe 3 Coraçãoes Portimão 100% Arábica notas frutadas,3 corações,250.0,g
7896045109753,Iced Cappuccino Clássico,Santa Clara,260.0,mL
7896045110551,Café Iguaçu Gourmet,"Iguaçu,3 Corações",200.0,g
7896045110582,Achocolatado Pó 3 Corações Chocolatto Lata 370g,CHOCOLATTO,370.0,g
7896045110629,Power Whey sabor Biscoito,3 corações,250.0,mL
7896045110636,Beb Lactea 3Corac 250ml Whey Cappuccino/DC Leite,3 corações,250.0,mL
7896045110643,Cappuccino - Três Corações - Três Corações - Três Corações,,200.0,g
7896045110650,Capuccino,,200.0,g
7896045110667,Capuccino Sabor Chocolate Power Whey,3 corações,250.0,mL
7896045111077,Café Com Leite Solúvel Original 3 Corações Lata 300g,ORIGINAL,300.0,g
7896045111213,ST máxima intensidade,,50.0,g
7896045111282,Cápsula 3 corações mogiana,,50.0,g
7896045111299,CERR AD0 MINEIRO,,50.0,g
7896045111305,Cápsula 3 corações orgânico,,50.0,g
7896045111312,Intenso cafe cap 3 coração,,50.0,g
7896045111961,Iguaçu com café com leite,,200.0,g
7896045112463,Suco Frisco sabor Caju,Frisco,18.0,g
7896045113224,Café Iguaçu Clássico,"Iguaçu,3 Corações",40.0,g
7896045113675,três corações capuccino,,260.0,mL
7896045115365,Achoc Pó 3 Corações lata,Três corações,350.0,g
7896045115426,CRUZETRO VAINILLA -CAPPUCCINO-,CRUZETRO,15.0,g
7896045320363,Pipoca doce,,40.0,g
7896045320622,pipoca leite condensado,magitlec,100.0,g
7896045503452,cerveja Bavária Pilsen,,473.0,mL
7896045504831,Cerveza Lager,Amstel,350.0,mL
7896045505357,Cerveja Lager Heineken Lata 250ml,MB CASES,250.0,mL
7896045506064,Cerveja Lager Premium Puro Malte Zero álcool Heineken Lata 350ml,HEINEKEN,350.0,mL
7896045506415,Cerveja Amstel Puro Malte Ultra Lata,Amstel,269.0,mL
7896045506439,Amstel Ultra Puro Malte,Amstel,275.0,mL
7896045506507,Blue Moon Brazil,Blue Moon,350.0,mL
7896045506682,CERV LAGUNITAS IPA LT 350ML,Heineken,350.0,mL
7896045507368,CERV SOL PILSEN ZERO ALCOOL 330ML,,330.0,mL
7896045523412,Cerveza Heineken,Heineken,350.0,mL
7896046600013,Cravo da Índia em grãos,Chinezinho,10.0,g
7896046600075,T Orégano Chinezinho,Chinezinho,3.0,g
7896046600105,Tempero misto chinezinho,Chinezinho,10.0,g
7896046600112,Sodium bicarbonate,Chinezinho,20.0,g
7896046600167,Coentro moído chinezinho,Chinezinho,10.0,g
7896046600174,Manjerona chinezinho,Chinezinho,2.0,g
7896046600181,Manjericão chinezinho,Chinezinho,2.0,g
7896046601003,Grão de bico,Chinezinho,500.0,g
7896046601126,Pipoca micro-ondas 100g,,100.0,g
7896046601829,HAZEN Molho para Salada Caseiro,HAZEN,500.0,mL
7896046603816,Farofa Pronta Costela c/ limão,Chinezinho,250.0,g
7896046604233,Ervilha - Chinezinho - Chinezinho - Chinezinho - Chinezinho,,400.0,g
7896046604363,Feijão manteiga,Chinezinho,400.0,g
7896046900113,Café Torrado E Moído Superior Prima Qualità Mister Pacote 500g,PRIMA QUALITA,500.0,g
7896046900267,Café Torrado Em Grãos Prima Qualità Gourmet Pacote 1kg,PRIMA QUALITA,1000.0,g
7896048200051,Vinagre de Álcool,Castelo,750.0,mL
7896048200105,Vinagre De Maçã Pet Castelo 750ml,CASTELO,750.0,mL
7896048255013,Vinagre de álcool aromatizado limão,Castelo,750.0,mL
7896048280015,Molho de Alho Castelo,Castelo,150.0,g
7896048280022,CASTELO Molho Inglês,CASTELO,150.0,mL
7896048283771,CASTELO Alimentos Molho Barbecue,CASTELO,350.0,g
7896048284075,Vinagre Balsâmico Castelo Tradizionale Vidro 500ml,CASTELO,500.0,mL
7896048284440,Cogumelos Champignon,Castelo,160.0,g
7896048284693,Vinagre Castelo,,750.0,mL
7896048284778,Vinagre de Álcool Colorido,Castelo,750.0,mL
7896048285539,Vinagre de Maçã,Castelo,500.0,mL
7896048705075,Leite em Pó Integral Leitesol,Leitesol,800.0,g
7896048705662,Leite em Pó Integral LA SERENÍSSIMA,LA SERENÍSSIMA,400.0,g
7896048705686,Leite em Pó Desnatado LA SERENÍSSIMA,LA SERENÍSSIMA,400.0,g
7896048706041,Leite em pó desnatado instantâneo,Lá Sereníssima,500.0,g
7896048706126,Leite Pó Instantâneo Integral Zero Lactose La Serenissima Pacote 300g,LA SERENISSIMA,300.0,g
7896048706195,Leite em Pó Integral Piracanjuba,Piracanjuba,400.0,g
7896050200025,Cachaca,Veljo barreiro,1000.0,mL
7896050200124,Cachaça Velho Barreiro,Velho Barreiro,910.0,mL
7896050200377,Cachaça Velho Barreiro,Brasil,700.0,mL
7896050200841,Caipirinha,Velho Barreiro,250.0,mL
7896050411230,Wafer Chocolate Village,Village,20.0,g
7896050421048,Panettone Com Frutas Village Caixa 400g,VILLAGE,400.0,g
7896050421178,Panettone Com Frutas Village Caixa 80g,VILLAGE,80.0,g
7896050427019,Panettone Com Gotas De Chocolate Ao Leite Recheio Trufado Village Caixa 500g,VILLAGE,500.0,g
7896050427231,Panettone Com Gotas De Chocolate Galinha Pintadinha Village Caixa 80g,VILLAGE,80.0,g
7896050427309,Panettone Com Gotas De Chocolate Recheio Trufado De Avelã Village Caixa 500g,VILLAGE,500.0,g
7896050427323,Mini Panettone Com Gotas De Chocolate Ao Leite O Show Da Luna Village Caixa 80g,VILLAGE,80.0,g
7896050427422,Panettone Com Gotas De Chocolate Village Caixa 400g,VILLAGE,400.0,g
7896050427514,Panettone Recheio Trufado Village Caixa 90g,VILLAGE,90.0,g
7896050427521,Panettone Com Frutas Light Village Caixa 400g,VILLAGE,400.0,g
7896050427538,Panettone Com Damasco E Uva Passa Integral Village Caixa 400g,VILLAGE,400.0,g
7896050427590,Panettone Com Frutas Village Caixa 500g Presenteável,VILLAGE,500.0,g
7896050427613,Panettone Com Gotas De Chocolate Village Caixa 500g Presenteável,VILLAGE,500.0,g
7896050427620,Panettone Com Gotas De Chocolate Village Caixa 908g,VILLAGE,908.0,g
7896050427651,Mini Panettone Com Gotas De Chocolate Ao Leite Baby Shark Village Caixa 80g,VILLAGE,80.0,g
7896050702734,VEMAT Chá Misto Ervas e Frutas,VEMAT,30.0,g
7896051111016,Leite Integral Itambé Longa Vida,Itambé,1000.0,mL
7896051111030,Natural milk,Itambé,1000.0,mL
7896051111856,Chocolate,Itambé,200.0,mL
7896051111955,Beb Láctea Sabor Frutas,"Itambé,Itambé Kids",200.0,mL
7896051114086,Creme De Leite Esterilizado Homogeneizado Itambé Lata 300g,ITAMBE,300.0,g
7896051114918,Lait concentré,Vanoise,395.0,g
7896051115014,Leite Condensado Itambé,Itambé,395.0,g
7896051115038,Leite Condensado Itambé,Itambé,395.0,g
7896051121251,Iogurte Natural Integral,Itambé,170.0,g
7896051121268,Iogurte Mel Itambé Copo 170g,ITAMBE,170.0,g
7896051121275,"Iogurte Cenoura, Laranja E Mel Itambé Copo 170g",ITAMBE,170.0,g
7896051121619,Iogurte Itambé Desnatado,Itambé,170.0,g
7896051121817,Coalhada,Itambé,130.0,g
7896051122432,Iogurte Parcialmente Desnatado Morango Coco Itambé Bandeja 540g 6 Unidades,ITAMBE,540.0,g
7896051122463,Iogurte Parcialmente Desnatado Morango Itambé Bandeja 540g 6 Unidades,SESTINI,540.0,g
7896051122876,Iogurte Coco Itambé,Itambé,540.0,g
7896051123811,yorgute morango,itambé,170.0,g
7896051123828,Iogurte Maracujá,Itambé,170.0,g
7896051123842,Coco,Itambé,170.0,g
7896051123873,Itambé pro 11g proteína,Itambé,120.0,g
7896051124030,Iorgute Vitamina com Cereais Itambé,Itambé,1150.0,g
7896051124047,"Iogurte Parcialmente Desnatado Morango Itambé Garrafa 1,25kg Embalagem Econômica",itambe,1250.0,g
7896051124054,"Iogurte Parcialmente Desnatado Coco Itambé Garrafa 1,25kg Embalagem Econômica",ITAMBE,1250.0,g
7896051125433,Iogurte Líquido Light de Morango Fit ITAMBÉ 180g,Itambé,180.0,g
7896051126027,Leite Fermentado,Itambé,450.0,g
7896051126034,Leite Fermentado Zero Lactose,Itambé,450.0,g
7896051126089,Leite Fermentado Itambé,ITAMBEZINHO,80.0,g
7896051127093,Iogurte Morango Goody,Itambé,540.0,g
7896051128007,Zero Lactose Coco,Itambé,170.0,g
7896051128021,Frutas Vermelhas Zero Lactose,Itambé,170.0,g
7896051128045,Achocolatado Itambé Zero Lactose,Itambé,1000.0,mL
7896051128069,Leite NoLac Zero Lactose Integral Itambé 1L,Itambé,1000.0,mL
7896051128076,Zero Lactose Desnatado,Itambé,1000.0,mL
7896051128113,iogurte 0 lac desnatado,itambé,170.0,g
7896051128441,Leite Pó Instantâneo Integral Zero Lactose Itambé Nolac Pacote 300g,ITAMBE,300.0,g
7896051130086,Leite Pó Integral Itambé Pacote 800g Embalagem Econômica,SEANITE,800.0,g
7896051130093,Leite Pó Instantâneo Integral Itambé Pacote 800g Embalagem Econômica,XERYUS KIDS,800.0,g
7896051130109,Leite em Pó Desnatado Instantâneo,"Itambé,Itambé Alimentos LTDA",500.0,g
7896051130116,Leite em pó integral sem lactose,Itambé,300.0,g
7896051130154,Leite em pó integral,Itambé,1000.0,g
7896051130284,Leite Pó Integral Itambé Lata 400g,ITAMBE,400.0,g
7896051130291,Leite em Pó,Itambé,400.0,g
7896051130383,Leite em Pó Integral Tradicional ITAMBÉ,iTAMBÉ,400.0,g
7896051131038,Leite Pó Instantâneo Desnatado Itambé Lata 300g,Itambé,300.0,g
7896051131205,Leite Pó Instantâneo Semidesnatado Itambé Lata 300g,Itambé,300.0,g
7896051135111,Manteiga Extra Sem Sal Itambé 200g,TOP LINE,200.0,g
7896051135128,Manteiga Extra Com Sal Itambé 200g,LOTUS,200.0,g
7896051135425,Manteiga Itambé 500g,Itambé,500.0,g
7896051135456,Manteiga com Sal,Itambé,200.0,g
7896051140016,Requeijão Cremoso Com Queijo Tradicional Itambé Copo 200g,"TOP LINE, Itambé",200.0,g
7896051140108,Requeijão Light Itambé Copo 200g,itambe,200.0,g
7896051140405,Requeijão Cremoso Zero Lactose,itambe,200.0,g
7896051142218,Itambezinho morango,Itambé,360.0,g
7896051144656,Leite Pó Integral Itambé,Itambé,400.0,g
7896051146094,Iorgute Grego Tradicional Itambé,Itambé,100.0,g
7896051146308,Iogurte Grego Morango Itambé,Itambé,100.0,g
7896051164005,Leite pro 13g proteína semi des,itambé,1000.0,mL
7896051164104,Leite 13g proteína,itambe,1000.0,mL
7896051164135,Iogurte com Cereais Morango Vitamina Banana,Itambé,540.0,g
7896051164142,Iogurte Morango Ameixa Maçã 0% Lactose,Itambé,540.0,g
7896051164609,Iogurte Natural Integral,Itambé,450.0,g
7896051164630,Pedaços Coco,Itambé,500.0,g
7896051164647,Iogurte Parcialmente Desnatado Morango Itambé Pedaços Pote 500g,PORTINARI,500.0,g
7896051164678,Goody Morango,Itambé,1150.0,g
7896051164685,Iogurte Goody Morango,Itambé,170.0,g
7896051164692,Iorgute Coco Goody,Itambé,170.0,g
7896051164708,Iogurte Integral Itambé Natural Milk Copo 170g,ITAMBE,170.0,g
7896051164715,Iogurte Coco e Frutas Vermelhas Goody,,540.0,g
7896051164890,Iogurte Desnatado Coco Zero Lactose Danone Frasco 220g,Danone,220.0,g
7896051165446,Queijo Mussarela (fatiado),itambé,150.0,g
7896051165484,Queijo Prato Fatiado Itambé 150g,ITAMBE,150.0,g
7896051165491,Queijo Parmesão Ralado Itambé Pacote 50g,Itambé,50.0,g
7896051165514,Flan Caramelo,Itambé,200.0,g
7896051165590,Iogurte Morango e Coco Zero Lactose,Itambé,540.0,g
7896051165637,Grego Morango,Itambé,450.0,g
7896051165712,Iogurte Grego Tradicional Itambé com preparado de Frutas,Itambé,450.0,g
7896051165880,Morango,"Itambé,Itambé Kids",320.0,g
7896051165927,Sobremesa Láctea Pudim Leite Condensado Itambé Bandeja 200g 2 Unidades,CONDE,200.0,g
7896051165958,Cream Cheese Tradicional,Itambé,150.0,g
7896051165989,Leite Fermentado Morango,Itambé,480.0,g
7896051165996,Leite Fermentado Uva,"Itambé,Itambé Kids",480.0,g
7896051166030,Queijo Prato (Fatiado),Itambé,1000.0,g
7896051166047,Queijo Mussarela Fatiado,Itambé,1000.0,g
7896051166054,Iogurte Parcialmente Desnatado Pêssego Itambé Pedaços Pote 500g,Itambé,500.0,g
7896051166122,Iogurte Flocos Itambé Pedaços Pote 450g,FLOC,450.0,g
7896051166139,Sobremesa Láctea Chocolate Itambé Bandeja 360g 4 Unidades Leve Mais Pague Menos,LEVE MAIS,360.0,g
7896051166146,Flan com Calda Sabor Caramelo,Itambé,400.0,g
7896051166238,"Leite Fermentado Desnatado Itambé Garrafa 1,2kg Embalagem Econômica",GARRA,1200.0,g
7896051166269,Iorgute Frutas Vermelhas,Itambé,1150.0,g
7896051166283,Iogurte Desnatado,Itambé,500.0,g
7896051166313,Maracujá,Itambé,1150.0,g
7896051166320,Queijo Mussarela Fatiado Itambé 300g,Itambé,300.0,g
7896051166337,Queijo Prato Fatiado Itambé 300g,Itambé,300.0,g
7896051166344,Requeijão Light Itambé Pote 400g,Itambé,400.0,g
7896051166412,Whey Chocolate,Itambé,250.0,mL
7896051166474,Requeijão Cremoso Light Zero Lactose Itambé Nolac Pote 400g,CREMOSO,400.0,g
7896051166542,Morango,"Itambé,Itambé Kids",120.0,g
7896051166566,iogurte sabor morango preparado de fruta morango para dietas com restrição de lactose,itambé,1150.0,g
7896051166603,Tradicional,"Itambé,Itambé Kids",125.0,g
7896051166665,Leite Fermentado (Sabor Laranja) Zero Lactose,Itambé,1200.0,g
7896051166757,Creme de ricota,Itambé,200.0,g
7896051166818,Iorgute Coco com Batata Doce Whey Itambé,Itambé,250.0,mL
7896051166832,Pudim de Doce de Leite,Itambé,200.0,g
7896051166849,Leite em Pó Nolac,Itambé,330.0,g
7896051166870,Iorgute desnatado zero lactose Batido,Itambé,1150.0,g
7896051166993,Itambé coco bandeja,Itambé,540.0,g
7896051167167,Requeijão Cremoso,Itambé,200.0,g
7896051167914,Leite Condensado Itambé,Itambé,395.0,g
7896051168379,Iogurte natural desnatado,Itambé,170.0,g
7896051168638,Leite po itambe nolac pouch desn,,300.0,g
7896051168720,Comp lac itambe todo dia Sache,,400.0,g
7896052600236,Itubaína,Itubaína,2000.0,mL
7896052602445,Nectar de Goyave,fruThos,1000.0,mL
7896052603497,itaubaina 355 long neck,ITUBAINA,355.0,mL
7896052603589,Cerveja Pilsen,Glacial,473.0,mL
7896052604975,Refrigerante Tutti Frutti Itubaína Retrô Lata 350ml,ITUBAINA,350.0,mL
7896052605255,Schin,Cerveza,269.0,mL
7896052605392,Bière,Schin,355.0,mL
7896052607044,Refrigerante Guaraná Zero Adição de Açúcar Fanta Lata 350ml,,350.0,mL
7896052607129,Refrigerante Laranja Pera Fys Lata 350ml,FYS,350.0,mL
7896052607167,Refrigerante Limão Siciliano Fys Lata 350ml,FYS,350.0,mL
7896052607228,água Tônica Fys Lata 350ml,FYS,350.0,mL
7896052607587,água Tônica Zero Açúcar Fys Lata 350ml,Fys,350.0,mL
7896053800420,Molho De Pimenta Sweet Chilli Kalassi Vidro 245g,KALASSI,245.0,g
7896053801823,Snack De Arroz Beterraba Kalassi Veggie Pacote 84g,KALASSI,84.0,g
7896053801830,Snack De Arroz Couve Kalassi Veggie Pacote 84g,KALASSI,84.0,g
7896053801922,"Kit Geleia Morango Damasco Amora, Morango, Framboesa E Cereja St. Dalfour 28g Cada",ST. DALFOUR,28.0,g
7896056100046,Arizona Colorífico,Arrifana,100.0,g
7896056100176,ARRIFANA Molho Inglês,ARRIFANA,1010.0,mL
7896056100268,Ariz  Colorífico,Arrifana,500.0,g
7896056100282,Orégano Profissional Arrifana 500 g,Arrifana,500.0,g
7896056100411,ARRIFANA Essência de Baunilha,ARRIFANA,30.0,mL
7896056101234,Molho Shoyu Tradicional,Arrifana,150.0,mL
7896056105263,ARRIFANA Molho Barbecue Tradicional,ARRIFANA,400.0,g
7896056105270,ARRIFANA Molho de Alho com Pimenta,ARRIFANA,150.0,mL
7896056105508,ARRIFANA Molho Shoyu Tradicional,ARRIFANA,150.0,mL
7896056105621,Fumaça Liquida - Aroma e Sabor Defumado Arrifana,Arrifana,120.0,mL
7896056401044,Desinfetante Urca,,2000.0,mL
7896057597500,Granulado,Dori,500.0,g
7896057800044,Óleo Composto de Soja e Azeite Olinda,Olinda,500.0,mL
7896057800556,óleo Composto De Soja E Oliva Olinda Garrafa 500ml,OLINDA,500.0,mL
7896058202540,Triunfo Cream Cracker,Triunfo,200.0,g
7896058202557,Biscoito água E Sal Arcor Triunfo Pacote 200g,DORI,200.0,g
7896058255058,Biscoito Recheado Chocolate - Aymoré,Aymoré,120.0,g
7896058257199,ANCOR TORTUGUITA SABOR MORANGO 90g,,86.0,g
7896058257205,Obleas sabor Chocolate,Arcor,108.0,g
7896058257212,Obleas sabor Limón,Arcor,108.0,g
7896058257243,WAFER PASSION LIMAO 80G ARCOR,Arcor,80.0,g
7896058257267,Danix Sabor Morango,Arcor,130.0,g
7896058257281,Danix,Arcor,130.0,g
7896058257298,Biscoito Recheado,"Danix, Arcor",130.0,g
7896058257489,Panettone Premium Chocolate,Arcor,530.1360824375,g
7896058257496,Panettone Sonho Arcor Premium Caixa 530g,ARCOR,530.0,g
7896058257519,Panettone Com Gotas Recheio Trufado Arcor Premium Caixa 530g,PREMIUM,530.0,g
7896058257595,Panettone Paçoca Arcor Amor Sings Caixa 530g,"AMOR SINGS,Arcor",530.0,g
7896058257656,BISCOITO COM RECHEIO SABOR CHOCOLATE,Triunfo,90.0,g
7896058257786,Panettone Petit Gateau Arcor Premium Caixa 530g,ARCOR,530.0,g
7896058258103,BISC WAFER TORTUGUITA CHOCOLAT,Arcor,85.0,g
7896058258110,Panettone con Trocitos sabor a Chocolate,Arcor,500.0,g
7896058258233,Arcor formis chocolate,,43.0,g
7896058258257,formis saborfresa,,516.0,g
7896058258431,Wafer sabor Chocolate,Arcor,105.0,g
7896058258738,triunfo cream craker,Triunfo,164.0,g
7896058258806,Aymoré água e sal,Aymore,345.0,g
7896058258837,Biscoito água e sal,Triunfo,345.0,g
7896058258844,Biscoito cream cracker,Triunfo,345.0,g
7896058259001,triunfo coco,,248.0,g
7896058259391,bisc recheado amor,,130.0,g
7896058259520,Panettone sabor chocolate,,510.0,g
7896058500110,Mini disqueti,,11.0,g
7896058500196,Banana,Dori,60.0,g
7896058500219,Bala De Gelatina Sortidos De Frutas Urso Dori Pacote 60g,DORI,60.0,g
7896058500226,Bala De Gelatina Sortidos De Frutas Minhoca Dori Pacote 60g,DORI,60.0,g
7896058500240,Amora,Dori,60.0,g
7896058500639,Tijolo,Dori,60.0,g
7896058501506,Granulado para cobertura receita original,Dori,150.0,g
7896058502107,Amendoim Japonês Dori Pacote 200g,DORI,200.0,g
7896058502404,Bala De Goma Frutas Sortidas Gum Drops Dori Gomets Pacote 200g,DORI,200.0,g
7896058502411,disqueti Blueberry,,100.0,g
7896058503128,Bala Iogurte De Morango Original Yogurte 100 Pacote 150g,DORI,150.0,g
7896058503333,Bala Tutti Frutti Com Recheio De Chicle Bolete Pacote 150g,BOLETE,150.0,g
7896058503340,Bala Com Recheio De Morango E Pêssego Dori Lua Cheia Chantilly Pacote 150g,LUA CHEIA,150.0,g
7896058503791,Amendoim Crocante Cebola E Salsa Dori Pettiz Pacote 500g,PETTIZ,500.0,g
7896058503821,Pettiz amendoim crocante 150g,Dori,150.0,g
7896058503838,Pettiz amendoim crocante,dori alimentos,90.0,g
7896058503845,Amendoim Crocante sabor Pimenta Vermelha Petitz,Dori,500.0,g
7896058503852,Amendoim Crocante Pimenta Vermelha Dori Pettiz Pacote 150g,PETTIZ,150.0,g
7896058505023,Dori amendoim japonês,,500.0,g
7896058505450,Gomets 100g,,100.0,g
7896058505504,Dori 500g,,500.0,g
7896058505962,Bala Iogurte De Morango Dori Yogurte100 Original Pacote 100g,DORI,100.0,g
7896058505979,Bala Tutti Frutti Recheio Chicle Dori Bolete Pacote 100g,BOLETE,100.0,g
7896058506099,Gomets iogurte,dori,32.0,g
7896058506105,Gomets,,32.0,g
7896058507188,Amendoim Salgado Tipo Japonês,Dori,700.0,g
7896058507218,Amendoins Torrado,Dori,70.0,g
7896058507225,Amendoim Japonês Dori Pettiz Special Pacote 150g,PETTIZ,150.0,g
7896058511048,Gomes Gum Drops,Dori,1000.0,g
7896058516104,Gomets,,960.0,g
7896058516302,Pack Bala De Goma Americana Frutas Sortidas Dori Gomets Pacote 96g 3 Unidades,DORI,96.0,g
7896058591095,Amendoim,Dori,150.0,g
7896058591507,Bala Iogurte De Morango Original Yogurte 100 Pacote 600g,DORI,600.0,g
7896058591590,Bala Tutti Frutti Com Recheio De Chicle Bolete Pacote 600g,BOLETE,600.0,g
7896058593167,Pettiz ao forno sabor cebola e salsa 50g,,50.0,g
7896058593174,Amendoim Crocante,Pettiz,50.0,g
7896058593440,Pastilha De Chocolate Ao Leite Disqueti Sachê 150g,DISQUETI,150.0,g
7896058593457,Confeito De Chocolate Ao Leite Recheado Com Amendoim Disqueti Sachê 150g,DISQUETI,150.0,g
7896058594751,Amendoim Japonês Salgado Dori Pacote 320g,dori,320.0,g
7896058595277,Bala Regaliz Frutas E Creme Flor Recheada Dori Pacote 85g,DORI,85.0,g
7896058595284,Bala Regaliz ácida Morango E Creme Tijolo Recheado Dori Pacote 85g,DORI,85.0,g
7896058595291,Bala Regaliz Morango Recheio Creme Tubo Dori Pacote 70g,DORI,70.0,g
7896058595314,Bala Regaliz Iogurte De Morango Tubo Dori Yogurte100 Pacote 70g,DORI,70.0,g
7896058595369,Bala De Gelatina Banana Dori Pacote 85g,DORI,85.0,g
7896058595390,Bala De Gelatina Sortidos De Frutas Minhoca Dori Pacote 85g,DORI,85.0,g
7896058595406,Bala De Gelatina Sortidos De Frutas ácidas Minhoca Dori Pacote 85g,DORI,85.0,g
7896058595413,Bala De Gelatina Amora Dori Pacote 85g,DORI,85.0,g
7896058595475,Bala Regaliz Morango E Creme Pescoço De Girafa Dori Caixa 900g 30 Unidades,MORANGO,900.0,g
7896058596069,Amendoim Torrado Salgado Dori De Boteco Pacote 320g,DORI,320.0,g
7896058596083,Amendoim Torrado Com Lascas De Cebola Dori De Boteco Pacote 320g,DORI,320.0,g
7896058597356,Tubo Recheado Morango Ácido,dori,17.0,g
7896058597752,Amendoim Torrado Com Lascas De Alho Dori De Boteco Pacote 90g,DORI,90.0,g
7896058597769,Amendoim Torrado Com Lascas De Cebola Dori De Boteco Pacote 90g,DORI,90.0,g
7896058599190,AMENDOIM CROCANTE,PL,70.0,g
7896058599299,Bala Tutti Frutti Recheio Chicle Dori Bolete Pacote 400g,BOLETE,400.0,g
7896058599435,Pastilha De Chocolate Ao Leite Dori Disqueti Sachê 120g,DISQUETI,120.0,g
7896058599442,Confeito De Chocolate Ao Leite Recheio Amendoim Dori Disqueti Sachê 120g,AMENDOIM,120.0,g
7896058599473,Confeito Granulado Chocolate Dori Pacote 120g,DORI,120.0,g
7896058599480,Amendoim Japonês Salgado Dori Pettiz Special Pacote 350g,PETTIZ,350.0,g
7896058599497,Amendoim Crocante Pimenta Vermelha,Dori,350.0,g
7896058599503,Amendoim Crocante Cebola E Salsa Dori Pettiz Pacote 350g,CROCANTE,350.0,g
7896058599510,Amendoim Crocante Natural Dori Pettiz Pacote 350g,CROCANTE,350.0,g
7896058599626,Amendoim Japonês Salgado Dori Pacote 150g,DORI,150.0,g
7896058599695,Bala Recheio Morango Ou Pêssego Dori Lua Cheia Chantilly Pacote 100g,LUA CHEIA,100.0,g
7896058599794,Amendoim Crocante Cebola e Salsa Dori Pettiz Pacote 120g,,120.0,g
7896058599817,PETTIZ,PETTIZ,120.0,g
7896058599824,Amendoim Torrado Salgado Sem Pele Dori Pettiz Special Pacote 120g,PETTIZ,120.0,g
7896058599831,Pettiz sabor natural,CROCANTE,120.0,g
7896058599848,amendoim PETTIZ crocante,,120.0,g
7896058599879,Ovinhos De Amendoim Crocante Dori Pettiz Pacote 120g,AMENDOIM,120.0,g
7896058599961,Bala De Goma Frutas Sortidas Jelly Beans Dori Deliket Pacote 150g,GOMA FRUTAS,150.0,g
7896059020051,Serigy Coco Ralado Puro,Serigy,50.0,g
7896059800806,Queijo Tropical Ralado Desidratado,Kunzler,40.0,g
7896059911816,Verinha Paçoca Rolha,"Verinha,Malta e Rezende,Indústria de Produtos Alimentícios Rezende",16.0,g
7896060016432,Ovo Gold Chocolate Ao Leite Diet 200gr,GOLD,200.0,g
7896060037451,GOLD Achocolatado em Pó Gold,Gold,400.0,g
7896060039400,GOLD Achocolatado em Pó Gold,Gold,400.0,g
7896060042240,Bebida à Base de Leite Fermentado com Fibras Turma da Mônica,WOW!,235.0,mL
7896060506483,ChocoLeite Sabor Original,ChocoLeite,208.0,mL
7896060903671,Pipoca Karito,Karito,100.0,g
7896061300189,Biscoito Din Crackers Queijo Tucs Pacote 100g,TUCS,100.0,g
7896061300677,Biscoito Din Crackers Original Tucs Pacote 100g,tuc's,100.0,g
7896061300745,Tucs tucs original 100g,,100.0,g
7896061301339,Biscoito Din Crackers Bacon Tucs Pacote 100g,TUCS,100.0,g
7896061301865,Biscoito Din Crackers Pizza Tucs Pacote 100g,BELA VISTA,100.0,g
7896061301872,Biscoito salgado din cracker's sabor salame,"BELA VISTA, TUC'S",100.0,g
7896061302077,Wafer Chocolate,Fazendinha,95.0,g
7896061302237,Fazendinha Sabor Morango,Bela Vista,108.0,g
7896061302251,Biscoito Din Crackers Churrasco Tucs Pacote 100g,BELA VISTA,100.0,g
7896061302558,TUCS PRESUNTO - ROSA,Tuc's Crush,50.0,g
7896062601063,Arroz Integral - Solito 1kg,"Solito,Brasília Alimentos Ltda.",1000.0,g
7896062602008,Feijão Carioca,Solito,1000.0,g
7896062699831,arroz solito Premium 1kg,,1000.0,g
7896062699961,Arroz Polido Tipo 1,Solito,5000.0,g
7896062800145,água mineral Nestlé pureza vital com gás,,500.0,mL
7896062801050,Água Mineral São Lourenço Com Gás,"São Lourenço,Nestlé Waters Brasil,Nestlé",510.0,mL
7896062801067,"são Lourenço C/G 1,26L",,1260.0,mL
7896062802354,Água Mineral São Lourenço Sem Gás,"São Lourenço,Nestlé Waters Brasil,Nestlé",510.0,mL
7896062802361,S louro sg,,1260.0,mL
7896063200609,VITAO Aveia Flocos Finos Sabores do Campo,Vitao,250.0,g
7896063223011,Macarrão Tornilho Integral,Vitao,500.0,g
7896063230064,Granola Tradicional Grãos E Sementes Vitao 250g,,250.0,g
7896063243224,VITAO Açúcar Mascavo,VITAO,500.0,g
7896063244528,Farinha De Arroz Vitao 300g,,300.0,g
7896063280120,vitao snacks ervas finas,vitao,60.0,g
7896063280168,Snack Integral Tomate E Orégano Sem Glúten Vitao Pacote 60g,VITAO,60.0,g
7896063280335,Mix para Bolo sabor Chocolate Sem Glúten,Vitao,300.0,g
7896063281318,Granola Tradicional Com Castanhas De Caju e Uva Passas Vitao 800g,VITAO,800.0,g
7896063281608,VITAO Cacau em Pó,vitao,200.0,g
7896063282025,Chocolate 70% Amargo Zero Açúcar Marcante 22G,Vitao,22.0,g
7896063283671,Aveia Flocos Finos Sem Glúten Vitao 170g,Vitao,170.0,g
7896063284012,VITAO Chocolate Zero 70% Cacau,VITAO,85.0,g
7896063284821,Doce De Leite Vitao Vidro 200g,VITAO,200.0,g
7896063285163,chocolate narcante 40% cacau ao leite sem adição de açucares,vitao,70.0,g
7896063700703,Arroz Branco Tipo 1,Guacira Speciale,1000.0,g
7896063701441,Arroz Parboilizado Tipo 1 Integral Taeq Pacote 1kg,Taeq,1000.0,g
7896064100960,Feijão de Corda,Campo Belo,500.0,g
7896064101103,Farinha de Mandioca Fina,Campo Belo,1000.0,g
7896064200660,Santa Edwiges 250g chocolate,,250.0,g
7896064201148,Butter Flavored Cookie,Santa Edwiges,150.0,g
7896064202367,Bolinhos Animal Recheio Chocolate,,40.0,g
7896064202923,Santa Edwiges cenoura 250g,,250.0,g
7896064204873,MINI BISC ANIMAL CHOC 100G SANTA EDWIGES,,100.0,g
7896064205245,Santa Edwiges laranja 200g,SANTA EDWIGES,200.0,g
7896064205566,Bolinhos Animal Recheio Marshmallow,santaedwiges,40.0,g
7896064209113,LATA MUSICAL 150G SANTA EDWIGES,SANTA EDWIGES,150.0,g
7896065870497,Água Mineral Minalba Com Gás,"Minalba,Minalba Alimentos e Bebidas",510.0,mL
7896065880069,Água Mineral Natural sem gás,Minalba,510.0,mL
7896066301112,Pão Para Hambúrguer Original Wickbold Maxi Burger Pacote 320g,ORIGINAL,320.0,g
7896066301129,Pão Para Hambúrguer Com Gergelim Wickbold Maxi Burger Pacote 320g,WICKBOLD,320.0,g
7896066301204,Pão Para Hambúrguer Australiano Wickbold Do Forno Premium Pacote 320g,WICKBOLD,320.0,g
7896066301211,Pão Para Hambúrguer Brioche Wickbold Do Forno Premium Pacote 320g,WICKBOLD,320.0,g
7896066301228,Pão Integral Teff E Avelã Wickbold Pacote 400g,WICKBOLD,400.0,g
7896066301235,Pão Integral Tradicional Wickbold Pacote 400g,Wickbold,400.0,g
7896066301242,Pão Integral Freekeh E Noz Pecã Wickbold Pacote 400g,WICKBOLD,400.0,g
7896066301297,Grão Sabor Castanha-do-Pará & Quinoa Wickbold,Wickbold,400.0,g
7896066301327,"Chestnut, Sunflower and Quinoa Oven Bread - 61.7% Wholemeal",Wickbold,450.0,g
7896066301402,Pão De Forma Multigrãos Sem Glúten Zero Lactose Wickbold Pacote 300g,WICKBOLD,300.0,g
7896066301419,Pão Do Forno Original,Wickbold,450.0,g
7896066301457,Pão De Forma Integral Wickbold Do Forno Pacote 500g,Wickbold,500.0,g
7896066301464,Pão Australiano Integral Wickbold Do Forno Pacote 500g,Wickbold,500.0,g
7896066301488,Pão Do Forno Brioche,Wickbold,450.0,g
7896066301747,Pão na Chapa,Wickbold,450.0,g
7896066301778,Pão de Fôrma Integral - Wickbold - 550g,WICKBOLD,550.0,g
7896066301839,Pão Integral Pasta De Amendoim Wickbold Grão Sabor Pacote 500g,AMENDOIM,500.0,g
7896066301853,Pão tradicional de fermentação natural,Wickbold,370.0,g
7896066301877,Pão De Mel Wickbold Do Forno Pacote 35g,WICKBOLD,35.0,g
7896066301891,Pão De Forma Tomate E Ervas Wickbold Do Forno Pacote 500g,WICKBOLD,500.0,g
7896066301907,Muffin Cacau E Castanha De Caju Sem Glúten Zero Lactose Wickbold Pacote 40g,WICKBOLD,40.0,g
7896066301914,Muffin Amêndoas Sem Glúten Zero Lactose Wickbold Pacote 40g,WICKBOLD,40.0,g
7896066301921,Minibolo Chocolate Com Gotas Sem Glúten Zero Lactose Turma Da Nutrição Wickbold Pacote 40g,WICKBOLD,40.0,g
7896066301938,Minibolo Baunilha Com Chocolate Sem Glúten Zero Lactose Turma Da Nutrição Wickbold Pacote 40g,WICKBOLD,40.0,g
7896066302003,Pão Bisnaguinha Originais Turma Da Mônica Wickbold Pacote 300g,WICKBOLD,300.0,g
7896066302102,Pão Bisnaguinha Integral Turma Da Mônica Wickbold Pacote 300g,WICKBOLD,300.0,g
7896066302942,Bolo Laranja Wickbold Zero Pacote 35g,WICKBOLD,35.0,g
7896066302959,Bolo Chocolate Wickbold Zero Pacote 35g,WICKBOLD,35.0,g
7896066302966,Bolo Amêndoas Sem Glúten Zero Lactose Wickbold Pacote 300g,WICKBOLD,300.0,g
7896066302973,Bolo Cacau Com Castanha De Caju Sem Glúten Zero Lactose Wickbold Pacote 300g,WICKBOLD,300.0,g
7896066303185,wickbold original  rap 10,wickbold,270.0,g
7896066303420,Torrada Especial 100 Integral Wickbold Pacote 140g,WICKBOLD,140.0,g
7896066303680,Pão Integral Chia E Macadâmia Wickbold Grão Sabor Pacote 400g,Wickbold,400.0,g
7896066304359,Torrada Especial Castanha Do Pará E Quinoa Wickbold Pacote 140g,WICKBOLD,140.0,g
7896066304397,Torrada Especial Canela Com Passas Wickbold Pacote 140g,WICKBOLD,140.0,g
7896066304571,"Pão Integral Maçã, Canela E Passas Wickbold Grão Sabor Pacote 500g",WICKBOLD,400.0,g
7896066304595,Pão Grão Sabor 18 grãos,Wickbold,450.0,g
7896066304885,Panettone Com Frutas Cristalizadas Wickbold Caixa 400g,WICKBOLD,400.0,g
7896066304892,Panettone Com Gotas De Chocolate Meio Amargo Wickbold Caixa 400g,WICKBOLD,400.0,g
7896066304908,Panettone Com Frutas E Castanhas Wickbold Caixa 400g,WICKBOLD,400.0,g
7896066304946,Panettone de frutas,Wickbold,300.0,g
7896066304960,Mini Panettone Com Gotas De Chocolate Turma Da Mônica Wickbold Caixa 80g,SEVEN BOYS,80.0,g
7896066304977,Mini Panettone Com Gotas De Chocolate Recheio Trufado De Chocolate Turma Da Mônica Wickbold Caixa 80g,SEVEN BOYS,80.0,g
7896066305615,Pão De Forma Sem Casca Tradicional Wickbold Pacote 450g,WICKBOLD,450.0,g
7896066305622,Pão Integral Sem Casca Wickbold Pacote 450g,WICKBOLD,450.0,g
7896066305745,Biscoito Cookie Integral Maçã Canela Wickbold Pacote 60g,WICKBOLD,60.0,g
7896066305752,"Cookies Integrais Cacau, Avelã & Castanha-do-Pará",Wickbold,60.0,g
7896066305769,"Cookies Integrais Aveia, Granola & Castanha-de-Caju",Wickbold,60.0,g
7896066307466,Pack Minibrownie Chocolate Meio Amargo Recheio Chocolate Wickbold Do Forno Caixa 150g 5 Unidades,WICKBOLD,150.0,g
7896066307473,Pack Minibrownie Chocolate Com Avelãs Recheio Chocolate Wickbold Do Forno Caixa 150g 5 Unidades,WICKBOLD,150.0,g
7896066307480,Pack Minibrownie Chocolate Ao Leite Recheio Chocolate Wickbold Do Forno Caixa 150g 5 Unidades,WICKBOLD,150.0,g
7896066307497,Minibrownie Chocolate Meio Amargo Wickbold Do Forno Pacote 30g,WICKBOLD,30.0,g
7896066307503,Minibrownie Avelãs Wickbold Do Forno Pacote 30g,WICKBOLD,30.0,g
7896066307510,Minibrownie Chocolate Ao Leite Wickbold Do Forno Pacote 30g,WICKBOLD,30.0,g
7896066307527,Minibolo Baunilha Recheio Creme De Avelã Wickbold Do Forno Pacote 25g,WICKBOLD,25.0,g
7896066307534,Minibolo Baunilha Com Barra De Chocolate Wickbold Do Forno Pacote 27g,WICKBOLD,27.0,g
7896066307541,Minibolo Baunilha Com Gotas De Chocolate Wickbold Do Forno Pacote 30g,WICKBOLD,30.0,g
7896066310862,Pão Para Hot Dog Original Wickbold Pacote 200g,LABRA,200.0,g
7896066314495,Pão De Forma Wickbold Estar Leve Pacote 300g,WICKBOLD,300.0,g
7896066314655,Pão Para Hambúrguer Com Gergelim Wickbold Pacote 200g,WICKBOLD,200.0,g
7896066317595,Wickbold Tradicional,Wickbold,500.0,g
7896066332635,Pão de Forma sem Casca Wickbold,Wickbold,400.0,g
7896066334509,Torrada Tradicional Wickbold Pacote 140g,WICKBOLD,140.0,g
7896066334769,Torrada Wickbold Pacote 140g,WICKBOLD,140.0,g
7896066336381,Pão Integral Girassol E Castanha Wickbold Pacote 400g,Wickbold,400.0,g
7896066336466,Grão sabor,Wickbold,450.0,g
7896066336626,Pão Iogurte Cenoura Wickbold Estar Leve Pacote 370g,Wickbold,370.0,g
7896066342191,Estar leve 10 grãos,Wickbold,370.0,g
7896066342276,Wickbold Light Linhaça Integral,Wickbold,370.0,g
7896066343242,Grão Sabor QUINOA,wickbold,500.0,g
7896066729091,Moranguete,Bel,13.0,g
7896066760131,CoberTop Cobertura Chocolate em Pedaços Branco,CoberTop,1000.0,g
7896066762616,Bombom Sortido Cobertura Chocolate Bel Caixa 180g 20 Unidades,LABRA,180.0,g
7896066766096,Manteiga sem sal,Hércules,200.0,g
7896066768632,bell mega,,720.0,g
7896066805047,Queijo Ralado Teixeira,,50.0,g
7896066810263,ManteMix 500g,Mestre Cuca,500.0,g
7896066810447,Manteiga c/ Sal Zero Lactose Teixeira 200g,Teixeira,200.0,g
7896068000075,Danubio Queijo Cremoso Ervas Finas,"Danubio,Vigor",130.0,g
7896068000600,CREAM CHEESE Danúbio tradicional,Danubio,300.0,g
7896068000617,CREAM CHEESE Danúbio,DANUBIO,300.0,g
7896068000853,Creme De Queijo Ricota Danubio Pote 200g,Danubio,200.0,g
7896068401223,Estabilizante Liga Neutra,Marvil,100.0,g
7896068422877,Glucose,Marvi,500.0,g
7896068423195,Café cup,,80.0,g
7896068593003,Queijo Frescal Ultrafiltrado Danubio Pote 500g,DANUBIO,500.0,g
7896068911173,Queijo Frescal Ultrafiltrado Danubio Pote 250g,DANUBIO,250.0,g
7896068911180,Queijo Frescal Ultrafiltrado Light Danubio Pote 250g,DANUBIO,250.0,g
7896068944355,Cream Cheese Tradicional Danubio Pote 150g,DANUBIO,150.0,g
7896068944362,CREAM CHEESE Danúbio 150g,DANUBIO,150.0,g
7896069575893,tapioca slamar,,1000.0,g
7896070800014,Feijão Carioca Tipo 1 Pantera Premium Pacote 1kg,Carioca,1000.0,g
7896070800090,Arroz Branco Tipo 1 Pantera Alimentos Premium Pacote 5kg,PANTERA,5000.0,g
7896070800106,Farinha De Mandioca Tipo 1 Pantera Pacote 1kg,PANTERA,1000.0,g
7896070800199,Farinha De Mandioca Tipo 1 Extrafina Pantera Premium Pacote 1kg,PANTERA,1000.0,g
7896070800793,Feijão Fradinho Tipo1 Pantera Premium Pacote 1kg,PANTERA,1000.0,g
7896071001564,Biscoito Recheio Morango Zero Açúcar Doce Vida Pacote 120g,MABEL,120.0,g
7896071003193,mabel Água e Sal,mabel,400.0,g
7896071003940,Laminado Chocolate,Mabel,400.0,g
7896071018661,Mist bolo sandella lar,,350.0,g
7896071018678,Mist bolo sandella choco,,350.0,g
7896071018685,Mist bolo sandella coco,,350.0,g
7896071018739,Mist bolo sandella baun,,350.0,g
7896071018746,Mist bolo sandella festa,,350.0,g
7896071018777,Mist bolo sandella mil verd,,350.0,g
7896071024075,eQuilibri Torrada Original,eQuilibri,140.0,g
7896071024112,Toddy Choco Torta,Toddy,160.0,g
7896071024822,Biscoito Chocolate Recheio Baunilha Toddy Pacote 100g,TODDY,100.0,g
7896071024839,Biscoito Chocolate Recheio Chocolate Toddy Pacote 100g,TODDY,100.0,g
7896071025065,Biscoito Rosquinha Chocolate Mabel Pacote 350g,MABEL,350.0,g
7896071025072,Biscoito Rosquinha Banana E Canela Mabel Pacote 350g,MABEL,350.0,g
7896071025126,Biscoito Rosquinha Nata Mabel Pacote 350g,MABEL,350.0,g
7896071025133,Biscoito Rosquinha Coco Mabel Pacote 350g,MABEL,350.0,g
7896071025157,Biscoito Rosquinha Coco Mabel Pacote 700g,MABEL,700.0,g
7896071025188,Salgadinho De Trigo Costelinha Com Limão Torcida Pacote 70g,TORCIDA,70.0,g
7896071025386,Biscoito Wafer Recheio Chocolate Toddy Pacote 94g,TODDY,94.0,g
7896071025393,Biscoito Wafer Sabor Chocolate Trufado - Toddy,Toddy,94.0,g
7896071025416,Biscoito Wafer Chocolate Recheio Morango Toddy Pacote 94g,TODDY,94.0,g
7896071025485,Salgadinho de Milho Sabor Cebola - Skiny,,38.0,g
7896071030007,Rosquinhas de Coco,Mabel,300.0,g
7896071030021,Mabel Rosquinhas sabor Leite,Mabel,300.0,g
7896071030052,Cream cracker,Mabel,300.0,g
7896071030069,Agua e Sal cream crackers,Mabel,300.0,g
7896071030076,Biscoito Amanteigado Mabel Chocolate,Mabel,300.0,g
7896071300186,Quindim Pão De Queijo Bandeja 300g 15 Unidades,PÃO DE QUEIJO,300.0,g
7896071310017,Quindim Pão De Queijo Bandeja 300g 6 Unidades,PÃO DE QUEIJO,300.0,g
7896071310208,Quindim Pão De Queijo Bandeja 100g 2 Unidades,PÃO DE QUEIJO,100.0,g
7896071900010,Pão Integral Pinheirense Pacote 400g,PINHEIRENSE,400.0,g
7896071900102,Pão Sueco Gergelim Pinheirense Pacote 180g,PINHEIRENSE,180.0,g
7896071900119,Pão Sueco Kümmel Pinheirense Pacote 180g,PINHEIRENSE,180.0,g
7896071900126,Pão Sueco Linhaça Pinheirense Pacote 180g,PINHEIRENSE,180.0,g
7896071900225,Pão Sueco Tradicional Light Pinheirense Pacote 100g,PINHEIRENSE,100.0,g
7896071900263,Pão Sueco Aveia Light Pinheirense Pacote 100g,PINHEIRENSE,100.0,g
7896071900515,Pão Integral Nozes E Passas Pinheirense Pacote 400g,PINHEIRENSE,400.0,g
7896071900676,Pão Integral Sementes Pinheirense Pacote 400g,PINHEIRENSE,400.0,g
7896072005080,Alimento achocolatado em pó instantâneo,Muky,400.0,g
7896072093865,BRETZKE Chocolate em Pó 50%,BRETZKE,200.0,g
7896072630121,MAVALÉRIO Essência de Baunilha,MAVALÉRIO,30.0,mL
7896072641554,Cereal Ball,Mavalério,500.0,g
7896072641653,Cereal Ball,Mavalério,500.0,g
7896072642070,Cacau em pó,Mavalério,500.0,g
7896072642094,MAVALÉRIO Chocolate em Pó 70% Cacau,MAVALÉRIO,200.0,g
7896072644234,Chocolate em Pó Solúvel com 50% de Cacau,Mavalério,1010.0,g
7896072644302,Mavalério Cobertura Premium em Gotas,Mavalério,1000.0,g
7896072646559,Mil cores 150g,,150.0,g
7896072680911,Granillo crujiente de colores,,1000.0,g
7896072692327,Barra de chocolate ao leite,Mavalério,1010.0,g
7896072692334,Cobertura Premium sabor Chocolate Meio Amarga,Mavalério,1010.0,g
7896072901849,Manzana,"Cereser,CRS",660.0,mL
7896072902419,Cereser Frutos Rojos,"Cereser,CRS",660.0,mL
7896072902716,Manzana,Cereser,660.0,mL
7896072902808,Manzana Verde,Cereser,660.0,mL
7896072911824,Filtrado Doce Brasileiro Branco Zero álcool Chuva De Prata Garrafa 660ml,CHUVA DE PRATA,660.0,mL
7896072922356,Sidra Brasileira Zero álcool Maçã Cereser Garrafa 660ml,"Cereser,CRSBrands",660.0,mL
7896072922363,filtrado cereser uva s/alc,,600.0,mL
7896072922370,Cereser sem Álcool Pêssego,"Cereser,CRSBrands",660.0,mL
7896072922387,Bebida Zero álcool Morango Cereser Garrafa 660ml,BRETZKE,660.0,mL
7896072922417,espumante chuva de prata rosa edição especial garrafa,,660.0,mL
7896073710051,Granola Original Feinkost Cróqui Premium Caixa 250g,FEINKOST,250.0,g
7896073710518,Cereal à Base De Aveia Integral Original Feinkost Cróqui Pacote 500g,FEINKOST,500.0,g
7896073730011,Granola Light Feinkost Cróqui Liéve Premium Caixa 250g,FEINKOST,250.0,g
7896073760018,Granola Tradicional Feinkost Pacote 250g,FEINKOST,250.0,g
7896073760025,Granola Banana E Mel Feinkost Pacote 250g,FEINKOST,250.0,g
7896073780016,Granola Salgada Girassol Feinkost Cróqui Gourmet Caixa 200g,CROQUI,200.0,g
7896073790015,Mix De Sensações Feinkost Ptisq Pacote 45g,FEINKOST,45.0,g
7896073790039,Mix De Frutas E Castanhas Atitude Natural Feinkost Ptisq Pacote 35g,FEINKOST,35.0,g
7896073790053,Mix De Nuts Pepper Nuts Feinkost Ptisq Pacote 35g,FEINKOST,35.0,g
7896073900216,Pão Sírio Médio Tradicional Pita Bread Pacote 640g,Pita Bread,640.0,g
7896073900315,Pão Sírio pequeno,Pita Bread,400.0,g
7896073900810,Pão Tipo Sírio Tradicional Mini,Pita Bread,300.0,g
7896073901015,Pão Sírio Médio Tradicional Pita Bread Pacote 320g,PITA BREAD,320.0,g
7896073902715,Pão Sírio Extrafino Tradicional Pita Bread Pacote 320g,Pita Bread,320.0,g
7896073903712,Pita Bread Pão Sírio,Pita Bread,200.0,g
7896074600016,Pão de Queijo Congelado Super Lanche,Forno de Minas,1000.0,g
7896074600535,Folhado Congelado Frango Forno De Minas Bandeja 240g 6 Unidades,FORNO DE MINAS,240.0,g
7896074600559,Folhado Congelado Presunto E Queijo Forno De Minas Bandeja 240g 6 Unidades,FORNO DE MINAS,240.0,g
7896074600993,Pão de Queijo Tradicional Forno de Minas,Forno De Minas,400.0,g
7896074601068,Pão De Queijo Congelado Coquetel Forno De Minas Pacote 400g,FORNO DE MINAS,400.0,g
7896074601440,Pão de Queijo São Geraldo,,1000.0,g
7896074603222,Pão De Queijo Congelado Tradicional Forno De Minas Pacote 240g,FORNO DE MINAS,240.0,g
7896074603468,Pão de Queijo Coquetel Forno de Minas,,1000.0,g
7896074603673,Waffle Congelado Tradicional Forno De Minas Pacote 210g 6 Unidades,FORNO DE MINAS,210.0,g
7896074604496,Lasanha Bolonhesa Forno De Minas Pacote 600g,FORNO DE MINAS,600.0,g
7896074604892,Chipa Congelada,Forno de minas,1000.0,g
7896074605516,Pão de Queijo,Mania de Minas,800.0,g
7896074606278,Pão De Queijo Congelado Forno De Minas Pacote 1000g,Forno de Minas,1000.0,g
7896074606285,Pão De Queijo Congelado Forno De Minas Pacote 400g,FORNO DE MINAS,400.0,g
7896074606360,Pão De Queijo Congelado Recheio Doce De Leite Forno De Minas Pacote 280g,FORNO DE MINAS,280.0,g
7896074606384,Pão De Queijo Congelado Waffle Forno De Minas Pacote 400g 10 Unidades,FORNO DE MINAS,400.0,g
7896074606513,Waffle Congelado Forno de Minas,Forno de minas,280.0,g
7896074606582,Waffle Congelado Integral Light Forno De Minas Pacote 280g 8 Unidades,FORNO DE MINAS,280.0,g
7896074606735,Pão De Queijo Congelado Tradicional Forno De Minas Pacote 820g,FORNO DE MINAS,820.0,g
7896074606742,Pão De Queijo Congelado Coquetel Forno De Minas Pacote 820g,FORNO DE MINAS,820.0,g
7896074606803,Pão De Queijo Congelado Lanche Forno De Minas Pacote 820g,FORNO DE MINAS,820.0,g
7896074606841,Folhado Congelado Recheio Frango Forno De Minas Pacote 800g,FORNO DE MINAS,800.0,g
7896074606872,Pão De Queijo Congelado Forno De Minas Pacote 820g,FORNO DE MINAS,820.0,g
7896076400034,Pão Italiano Redondo Pequeno Basilicata Pacote 400g,BASILICATA,400.0,g
7896076402052,Pão Italiano Filão Basilicata Pacote 400g,BASILICATA,400.0,g
7896076402335,Mini Pão Italiano Filão Basilicata Pacote 200g,BASILICATA,200.0,g
7896076402373,Minipão Italiano Redondo Basilicata Pacote 200g,BASILICATA,200.0,g
7896078301926,Paraná,Café do Centro,250.0,g
7896078800733,manteiga,Girolandia,200.0,g
7896079431110,White Rice,Namorado,1000.0,g
7896079441119,Arroz parboilizado,Namorado,1000.0,g
7896079500151,Leite UHT Integral,Elegê,1000.0,mL
7896079500175,Leite Desnatado,Elegê,1000.0,mL
7896079500588,ELEGÊ Leite em Pó Elegê Integral Lata,Elegê,400.0,g
7896079502544,Manteiga Extra Sem Sal,Elegê,200.0,g
7896079510372,Leite em Pó Desnatado Instantâneo,Elegê,400.0,g
7896079510976,Leite Condensado Semidesnatado,Elegê,395.0,g
7896079513915,Molho Branco Elegê Caixa 200g,Elege,200.0,g
7896079513922,Molho Madeira Ao Vinho Elegê Caixa 200g,ELEGE,200.0,g
7896079535092,Manteiga Extra com sal,Batavo,200.0,g
7896079577757,Leite em pó Elegê,Elegê,300.0,g
7896079588531,Requeijão,Elege,200.0,g
7896079588548,Requeijão Cremoso Tradicional,Elegê,200.0,g
7896079813138,Torrone com castanha de caju Montevérgine,Montevergine,45.0,g
7896079816139,Torrone com Amendoim,Montevérgine,90.0,g
7896079816337,Torrone com Amendoim Super 3,Montevérgine,270.0,g
7896079820198,Mentinha - pastilhas de chocolate ao leite sabor menta,Montevergine,300.0,g
7896079901149,Salmao Damm Marinado Gravlax,DAMM,100.0,g
7896079901828,Casquinha Siri 330g Damm,DAMM,330.0,g
7896079902269,Carpaccio De Salmao Damm 100gr,DAMM,100.0,g
7896079903044,Casquinha De Camarão Damm 330g,DAMM,330.0,g
7896079903365,Damm,,120.0,g
7896080830704,Macarrão parafuso com vegetais,Liane,500.0,g
7896080837710,Espaguete integral,Liane,500.0,g
7896080843025,Macarrão parafuso,Liane,400.0,g
7896080860138,Biscoito doce sabor artificial coco,Liane,400.0,g
7896080860893,Biscoito doce amanteigado sabor artificial de coco,Liane,315.0,g
7896080860909,Biscoito doce amanteigado sabor artificial de leite,Liane,315.0,g
7896080862132,Biscoito doce sabor artificial de maizena,Liane,400.0,g
7896080870274,Biscoito Água e Sal,Liane,400.0,g
7896080870434,Cream Cracker Gergelim,Liane,400.0,g
7896080870540,Cream Cracker Integral 7 Grãos,Liane,400.0,g
7896082505730,Bolinhos com Bacalhau,Costa Sul Pescados,270.0,g
7896082507406,Lula em Anéis,Costa Sul,400.0,g
7896084571269,Clara De Ovo Pasteurizada Resfriada Maxxi Ovos Frasco 250g,MAXXI OVOS,250.0,g
7896084572099,Preparado Para Merengue Pasteurizado Resfriado Maxxi Ovos Frasco 300g,MAXXI OVOS,300.0,g
7896084700379,RISOVITA Farinha de Arroz Branca,RISOVITA,1000.0,g
7896084700492,Arroz Campeiro Parboilizado,Campeiro,5000.0,g
7896084700614,RISOVITA Farinha de Arroz Integral,RISOVITA,500.0,g
7896085051982,Galletitas,Nikito,62.0,g
7896085053269,Biscoito água E Sal Adria Pacote 200g,ADRIA,200.0,g
7896085053399,Biscoito Maisena Adria Pacote 200g,ADRIA,200.0,g
7896085053832,Folhata Linha Ouro,Adria,200.0,g
7896085073915,Biscoito Wafer Recheio Chocolate Adria Pacote 100g,ADRIA,100.0,g
7896085073946,Biscoito Wafer Recheio Morango Adria Pacote 100g,ADRIA,100.0,g
7896085073953,Biscoito Wafer Recheio Limão Adria Pacote 100g,ADRIA,100.0,g
7896085075575,Biscoito com recheio sabor limão,Zabet,145.0,g
7896085075964,Torrada Adria Tradicional Embalagem Econômica,Adria,284.0,g
7896085075971,Torrada Integral Adria Pacote 284g 2 Unidades Embalagem Econômica,ADRIA,284.0,g
7896085076183,Biscoito Plugados Recheado sabor Chocolate Suíço Adria Plugados Pacote 130g,"ADRIA,M. Dias Branco S.A. Indústria de Alimentos",130.0,g
7896085076190,Biscoito Leite Recheio Morango Meu Malvado Favorito Adria Plugados Pacote 130g,ADRIA,130.0,g
7896085076466,Biscoito integral com cacau e cereais,ADRIA Plus Life,130.0,g
7896085076510,Plus + Life Bits de cereais castanha e coco,Adria,60.0,g
7896085086205,Torrada Tradicional Adria Pacote 142g,ADRIA,142.0,g
7896085086212,Torrada Integral Adria Pacote 142g,ADRIA,142.0,g
7896085086229,Torrada Light Adria Pacote 142g,ADRIA,142.0,g
7896085086236,Torrada Multigrãos Adria Pacote 142g,ADRIA,142.0,g
7896085086496,Biscoito Recheio Chocolate Ao Leite Adria Mousse Pacote 130g,ADRIA,130.0,g
7896085086502,Biscoito Recheio Limão Com Chocolate Adria Mousse Pacote 130g,ADRIA,130.0,g
7896085086519,Biscoito Recheio Morango Com Chocolate Adria Mousse Pacote 130g,ADRIA,130.0,g
7896085086526,Biscoito Recheio Chocolate Meio Amargo Adria Mousse Pacote 130g,ADRIA,130.0,g
7896085086533,Biscoito Recheio Chocolate Branco Adria Tortinhas Pacote 140g,ADRIA,140.0,g
7896085086557,Biscoito Recheio Trufa E Geleia De Morango Adria Tortinhas Due Pacote 140g,ADRIA,140.0,g
7896085086564,Biscoito Recheio Cheesecake E Geleia De Goiaba Adria Tortinhas Due Pacote 140g,ADRIA,140.0,g
7896085086601,Biscoito Recheio Chocolate E Avelã Adria Tortinhas Pacote 140g,ADRIA,140.0,g
7896085086625,Biscoito Recheio Morango Adria Tortinhas Pacote 140g,Adria,140.0,g
7896085086632,Biscoito Recheio Chocolate Adria Tortinhas Pacote 140g,ADRIA,140.0,g
7896085086649,Biscoito Recheio Torta De Limão Adria Tortinhas Pacote 140g,ADRIA,140.0,g
7896085086656,Biscoito Recheio Brigadeiro Adria Tortinhas Pacote 140g,ADRIA,140.0,g
7896085086878,Biscoito Cookie Original Adria Pacote 80g,ORIGINAL,80.0,g
7896085086885,Biscoito Cookie Chocolate Com Gotas De Chocolate Adria Pacote 80g,COOKIE,80.0,g
7896085086953,Biscoito Wafer Chocolate Ao Leite Adria Pacote 90g,ADRIA,90.0,g
7896085086977,Biscoito Wafer Trufa Adria Pacote 90g,ADRIA,90.0,g
7896085086984,Biscoito Wafer Recheio Chocolate Branco Adria Pacote 90g,ADRIA,90.0,g
7896085087141,Biscoito Recheio Chocolate Branco E Geleia De Maçã Com Canela Adria Tortinhas Crostata Pacote 80g,ADRIA,80.0,g
7896085087158,Biscoito Recheio Chocolate Branco Com Geleia De Limão Siciliano Adria Tortinhas Crostata Pacote 80g,ADRIA,80.0,g
7896085087165,Biscoito Recheio Cheesecake Com Geleia De Frutas Vermelhas Adria Tortinhas Crostata Pacote 80g,ADRIA,80.0,g
7896085087240,Biscoito Água E Sal,Adria,170.0,g
7896085393471,leite desnatado,valedourado,1000.0,mL
7896086420350,Arroz branco são João 2kg,São João,2000.0,g
7896087700208,Xarope Groselha Tropical Garrafa 1l,TROPICAL,1000.0,mL
7896088177979,Granola Especial Casas Pedro,Casas Pedro,500.0,g
7896089001266,Cafe Pilão Tradicional,,250.0,g
7896089010916,Café Torrado e Moído a Vácuo Extraforte Caboclo Pacote 500g,Caboclo,500.0,g
7896089011357,Café Pilão,Pilão,500.0,g
7896089011982,Café Torrado E Moído Tradicional Pilão Pacote 250g,PILAO,250.0,g
7896089012019,Café Torrado E Moído Tradicional Pilão Pacote 500g,PILAO,500.0,g
7896089012101,Café Torrado Em Grãos Espresso Pilão Pouch 1kg,PILAO,1000.0,g
7896089012118,Cafe descafeinado,,250.0,g
7896089012460,café Caboclo trad,,500.0,g
7896089012637,Pilao Traditional Coffee,,250.0,g
7896089012880,café Pilão intenso,,500.0,g
7896089013351,Café grãos nobre,Pilão,250.0,g
7896089013368,Pilão Extra Forte,,250.0,g
7896089013405,Extraforte,Pilão,500.0,g
7896089013870,PILÃO Café Pilão Cafeteria Espresso Vácuo,Pilão,500.0,g
7896089013887,Cafeteria Coado,Pilão,500.0,g
7896089013894,Cafeteria Italiano,Pilão,500.0,g
7896089016208,café Caboclo extraforte,,250.0,g
7896089028157,Café do Ponto Exportação,,500.0,g
7896089029468,café do Ponto tradicional,,500.0,g
7896089029475,Café Torrado E Moído A Vácuo Exportação Café Do Ponto Pacote 500g,CAFE DO PONTO,500.0,g
7896089029482,Café Torrado E Moído A Vácuo Extraforte Café Do Ponto Pacote 500g,CAFE DO PONTO,500.0,g
7896089089806,L’Or classique,L’or,140.0,g
7896089089936,Lor,Soluvel,84.0,g
7896089325089,Vinagre de vinho tinto Peixe,Peixe,750.0,mL
7896089328240,Vinagre de Álcool,Único,750.0,mL
7896089500202,COCAMAR Óleo de Soja,COCAMAR,500.0,mL
7896089500240,LINDOYA verão,,240.0,mL
7896090010011,Trigo Finna Tp 1 1kg,FINNA,1000.0,g
7896090082056,Farinha de Trigo S/Fermento,Finna,1000.0,g
7896090082070,Farinha de trigo,Finna,1000.0,g
7896090082933,Farinha De Trigo Tipo 1 Extra Clara Adria Premium Pacote 1kg,PREMIUM,1000.0,g
7896091204198,Mezcla vainilla,"Renata,Selmi",400.0,g
7896091230029,Massa Fillo Fina Congelada Arosa Pacote 300g,AROSA,300.0,g
7896091250010,Massa Folhada Semilaminada Congelada Arosa Pacote 400g,AROSA,400.0,g
7896091250027,Massa Folhada Laminada Congelada Arosa Pacote 300g,AROSA,300.0,g
7896091301217,Vinagre De Cereal Arroz Miyako Frasco 750ml,MIYAKO,750.0,mL
7896091301286,Arroz Doce Caramelizado Miyako,MIYAKO,150.0,g
7896092501753,Cachaça,Chapeu de Palha,700.0,mL
7896093510013,vinagre,Molhi,500.0,mL
7896094906624,Adoçante Líquido Zero Cal Caixa 100ml,ZERO CAL,100.0,mL
7896094906648,Adoçante Em Pó Sucralose Zero Cal Caixa 40g 50 Unidades,ZERO CAL,40.0,g
7896094910959,Adoçante dietético líquido,Zero Cal,200.0,mL
7896094911000,Adoçante Líquido Aspartame Zero Cal Frasco 100ml,ZERO CAL,100.0,mL
7896094912779,Pack Adoçante Líquido Sucralose Zero Cal Frasco 200ml 2 Unidades Grátis 50 Desconto Na Segunda Unidade,ZERO CAL,200.0,mL
7896094915046,Adoçante Líquido Stevia Zero Cal Caixa 80ml,STEVIA,80.0,mL
7896094915176,Zero Cal Stevia,cosmed,40.0,g
7896094919129,Pack Adoçante Líquido Stevia Com Sucralose Zero Cal Caixa 160ml 2 Unidades Grátis 50 De Desconto Na 2 Unidade,SUCRALOSE,160.0,mL
7896094919136,Adoçante Líquido Eritritol Zero Cal Caixa 65ml,ZERO CAL,65.0,mL
7896094919624,Adoçante Em Pó Eritritol Zero Lactose Zero Cal Caixa 150g 30 Unidades,ZERO CAL,150.0,g
7896094919693,Suplemento Alimentar Líquido Citrus Engov After Frasco 250ml,ENGOV AFTER,250.0,mL
7896094919709,Suplemento Alimentar Líquido Tangerina Engov After Frasco 250ml,ENGOV AFTER,250.0,mL
7896094919853,Adoçante Em Pó Sucralose Zero Cal Caixa 30g 50 Unidades,SUCRALOSE,30.0,g
7896094921351,Suplemento Alimentar Líquido Berry Vibes Engov After Frasco 250ml,ENGOV AFTER,250.0,mL
7896094927599,Pack Suplemento Alimentar Líquido Tangerina Engov After Frasco 250ml Cada Leve 4 Pague 3 Unidades,ENGOV AFTER,250.0,mL
7896094927605,Pack Suplemento Alimentar Líquido Citrus Engov After Frasco 250ml Cada Leve 4 Pague 3 Unidades,ENGOV AFTER,250.0,mL
7896094999343,Suplemento Alimentar Pó Chocolate Biotônico Fontoura Multi A Z Lata 300g,BIOTÔNICO FONTOURA,300.0,g
7896094999350,Suplemento Alimentar Pó Baunilha Biotônico Fontoura Multi A Z Lata 300g,BIOTÔNICO FONTOURA,300.0,g
7896094999381,Pack Adoçante Líquido Eritritol Zero Cal Bem Natural Caixa 130ml 2 Unidades Grátis 50 De Desconto Na 2 Unidade,BEM NATURAL,130.0,mL
7896096000313,AMÉLIA Margarina Uso Geral 80% com Sal,AMÉLIA,500.0,g
7896096007688,Chantilly Creme Amélia Chanty Mix Caixa 1l,AMELIA,1000.0,mL
7896096007787,Amélia Cremosa Com Sal,Vigor,500.0,g
7896096013542,Chantilly mix Amélia,AMELIA,200.0,mL
7896096041651,carmelita óleo composto de soja e oliva 10%,,500.0,mL
7896096500110,Pão para Hambúrguer,Nino,200.0,g
7896098900208,Lava-louças Ypê Neutro,Ypê,500.0,mL
7896098900253,Detergente Ypê Clear,,500.0,mL
7896098902042,LAVA-LOUÇAS LÍQUIDO CAPIM-LIMÃO YPÊ SQUEEZE 500ML,Ypê,500.0,mL
7896100501829,Suco de Uva Integral,Nova Aliança,1500.0,mL
7896100502499,suco de uva integral,Aliança,1000.0,mL
7896100506701,Suco Nec Laranja 200ml,Nec,200.0,mL
7896100506718,Suco de abacaxi - Nec,NEC,200.0,mL
7896100506725,Suco  Nec Manga,Nec,200.0,mL
7896101061001,ervilha,,500.0,g
7896101062015,Feijão preto,Combrasil,1000.0,g
7896101062152,Feijão Fradinho,ComBrasil,500.0,g
7896101062213,Milho de pipoca,Combrasil,500.0,g
7896101062497,Conjica de milho (branca),Combrasil,500.0,g
7896101062558,Feijão carioquinha,Combrasil,500.0,g
7896101062572,Feijão mulatinho,Combrasil,500.0,g
7896101062756,Polvilho Doce,Combrasil,500.0,g
7896101062824,Polvilho Azedo,Combrasil,500.0,g
7896101063548,Tapioca,Combrasil,500.0,g
78961012,cacahuètes en coque,,500.0,g
7896102000122,Tomato Ketchup,HEINZ,1033.0,g
7896102000160,Molho Barbecue Original Heinz Squeeze 397g,HEINZ,397.0,g
7896102000382,Tomato Ketchup,Heinz,260.0,g
7896102500448,Ervilha E Milho Verde Em Conserva Quero Lata 170g,QUERO,170.0,g
7896102500493,Ervilha Em Conserva Quero Lata 170g,QUERO,170.0,g
7896102500530,Seleta De Legumes Em Conserva Quero Lata 170g,QUERO,170.0,g
7896102500608,Milho Verde Em Conserva Quero Lata 170g,Quero,170.0,g
7896102500660,Ketchup Pizza Quero Squeeze 200g,QUERO,200.0,g
7896102500677,Molho 3 Em 1 Quero Squeeze 200g,QUERO,200.0,g
7896102500752,Ketchup Quero,,1020.0,g
7896102501544,Ketchup Picles Heinz Squeeze 397g,HEINZ,397.0,g
7896102501698,Cenoura Em Conserva Quero Lata 170g,QUERO,170.0,g
7896102501841,Kit Ketchup Tradicional Picles Heinz 397g Cada,HEINZ,397.0,g
7896102501872,Molho De Tomate Tradicional,"Quero, Heinz Brasil S.A",300.0,g
7896102501889,Molho De Tomate Com Manjericão Quero Sachê 300g,TOMATE,300.0,g
7896102501896,Molho De Tomate Tradicional Heinz Sachê 300g,HEINZ,300.0,g
7896102501902,Molho De Tomate à Bolonhesa Heinz Sachê 300g,HEINZ,300.0,g
7896102501919,Molho De Tomate à Bolonhesa Quero Sachê 300g,QUERO,300.0,g
7896102501926,Molho De Tomate Com Manjericão Heinz Sachê 300g,HEINZ,300.0,g
7896102501933,Molho De Tomate Pizza Quero Sachê 300g,QUERO,300.0,g
7896102501957,Molho De Tomate Com Azeitona Heinz Sachê 300g,HEINZ,300.0,g
7896102501964,Molho De Tomate Arrabiata Heinz Sachê 300g,HEINZ,300.0,g
7896102501995,Extrato de Tomate Extrato⁺,Quero,300.0,g
7896102502008,Extrato,Quero,300.0,g
7896102502077,Maionese Alho Tostado Com Ervas Heinz Squeeze 215g,HEINZ,215.0,g
7896102502084,Maionese Páprica Defumada Heinz Squeeze 215g,HEINZ,215.0,g
7896102502091,Molho Barbecue Heinz Squeeze 260g,HEINZ,260.0,g
7896102502138,Mostarda Amarela Com Mel Heinz Squeeze 220g,HEINZ,220.0,g
7896102502145,Molho De Tomate Tradicional Hemmer Sachê 300g,QUERO,300.0,g
7896102502275,Mostarda Amarela Picante Heinz Squeeze 220g,HEINZ,220.0,g
7896102502282,Mostarda Escura Heinz Squeeze 235g,HEINZ,235.0,g
7896102502534,Extrato De Tomate Quero Caixa 320g,QUERO,320.0,g
7896102502589,Maionese Heinz Gorgonzola 215 g,Heinz,215.0,g
7896102502671,Quero Marguerita,,340.0,g
7896102502756,Quero Ketchup Tradicional,Quero,400.0,g
7896102502770,Ketchup Picante Quero Squeeze 400g,Quero,400.0,g
7896102502787,QUERO Ketchup Picante Squeeze 400g,QUERO,400.0,g
7896102502909,ketchup,Quero,300.0,g
7896102503661,Molho de Tomate Tradicional,Quero,240.0,g
7896102503708,Tomato Ketchup,Heinz,397.0,g
7896102503715,Yellow Mustard,Heinz,255.0,g
7896102503753,Hellmann's Mostarda Amarela,Hellmann,200.0,g
7896102503814,Molho De Tomate Com Pedaços Tradicional,Heinz,240.0,g
7896102503821,Molho de Tomate Com Pedaços,"Heinz, Heinz Brasil S.A.",240.0,g
7896102503852,Molho Barbecue Original,Heinz,538.0,g
7896102503869,LEA AND PERRINS Molho Worcestershire,LEA AND PERRINS,150.0,mL
7896102507164,Atum Sólido ao Natural Qualitá,Qualitá,120.0,g
7896102507171,Molho De Tomate Com Manjericão Quero Sachê 340g,QUERO,340.0,g
7896102509144,Quero Mostarda,Quero,200.0,g
7896102509410,Salsa de Tomate,Quero,340.0,g
7896102509434,Maionese Quero Sachê 200g,QUERO,200.0,g
7896102514025,Amido de milho,Quero,200.0,g
7896102517125,Quero Milho Verde,"Quero,Coniexpress S.A.",280.0,g
7896102517200,Seleta de legumes,Quero,280.0,g
7896102582253,Seleta de legumes,Quero,200.0,g
7896102582949,Maionese Heinz Pote 400g,HEINZ,400.0,g
7896102583182,Maionese Heinz Squeeze 390g,Heinz,390.0,g
7896102584103,Ketchup Jalapeño Heinz Squeeze 397g,HEINZ,397.0,g
7896102584189,Maionese Heinz Squeeze 215g,HEINZ,215.0,g
7896102584998,Maionese Quero Pote 495g,QUERO,495.0,g
7896102587043,Kit Ketchup Tradicional 397g Maionese 215g Mostarda 255g Heinz,HEINZ,397.0,g
7896102587074,Kit Ketchup Tradicional 397g Maionese 390g Heinz,HEINZ,397.0,g
7896102592580,HEINZ Ketchup Bacon & Cebola Caramelizada,HEINZ,397.0,g
7896102592603,Molho De Tomate Bolonhesa Heinz Sachê 340g,HEINZ,340.0,g
7896102592610,Molho De Tomate Com Azeitona Heinz Sachê 340g,HEINZ,340.0,g
7896102592993,Molho De Tomate Com Manjericão Heinz Sachê 340g,HEINZ,340.0,g
7896102593051,Molho de Tomate com Pedaços Tradicional,Heinz,340.0,g
7896102593068,Ketchup Picante Heinz Squeeze 397g,HEINZ,397.0,g
7896102594010,HEINZ Maionese 390 g,HEINZ,390.0,g
7896102802269,Mostarda,Júnior,190.0,g
7896102830651,JUNIOR Maionese de Bacon Baconnaise,JUNIOR Maionese de Bacon Baconnaise,150.0,g
7896103802657,Carpaccio De Lagarto Wessel Caixa 200g,Wessel,200.0,g
7896103802695,Polpettini De Carne Bovina Wessel Caixa 270g 9 Unidades,WESSEL,270.0,g
7896103802701,Kafta Wessel Caixa 300g 3 Unidades,WESSEL,300.0,g
7896103805498,Burger blend costela,Wessel,360.0,g
7896103805986,Carne moída,Weasel,400.0,g
7896103806020,Hambúrguer De Carne Bovina Fraldinha Wessel Pacote 120g,WESSEL,120.0,g
7896103806037,Hambúrguer De Carne Bovina Costela Wessel Pacote 120g,WESSEL,120.0,g
7896103812892,Hambúrguer De Carne Bovina Fraldinha Blend Wessel Caixa 360g 2 Unidades,WESSEL,360.0,g
7896103813172,Hambúrguer De Carne Bovina Filé Mignon Wessel Caixa 360g 2 Unidades,WESSEL,360.0,g
7896103814025,Hambúrguer De Carne Bovina Picanha Wessel Caixa 400g 2 Unidades,WESSEL,400.0,g
7896104802816,Doce cremoso tipo schmier abacaxi,Ritter,400.0,g
7896104803752,Geleia Ritter Morango,Ritter,500.0,g
7896104804421,Geleia de amora,Ritter,400.0,g
7896104804490,Geleia de morango,Ritter,400.0,g
7896104804599,Geleia de uva,Ritter,400.0,g
7896104805947,Geleia Ritter Morango Diet,Ritter,230.0,g
7896104806203,Creme de avelã,Ritter,250.0,g
7896104808573,Geleia Ritter Morango Zero,Ritter,230.0,g
7896104869673,barra de coco,leven,20.0,g
7896104870556,BARRA CEREAL RITTER BROWNIE,Ritter,75.0,g
7896104871058,"BARRA CEREAL RITTER BANANA, AVEIA E ME",Ritter,75.0,g
7896104874363,BARRA CEREAL MORANGO E COBERTURA SABOR CHOCOLATE,Ritter,75.0,g
7896104885048,BARRA LEVEN PETIT GATEAU CHOC C/3,,75.0,g
7896105000204,Café Torrado E Moído Tradicional Bom Dia Pacote 500g,BOM DIA,500.0,g
7896105800354,Batata Pré Frita Palito Congelada Mccain Ao Forno Pacote 600g,MCCAIN,600.0,g
7896105800705,Batata Pré Frita Rústica Congelada Mccain Ao Forno Pacote 600g,MCCAIN,600.0,g
7896105800736,Batata Pré Frita Fina Congelada Mccain Pacote 400g,MCCAIN,400.0,g
7896105800798,"Batata Pré Frita Tradicional Congelada Mccain Pacote 1,5kg Tamanho Família",MCCAIN,1500.0,g
7896105800880,Batata Pré Frita Tradicional Congelada Mccain Pacote 720g,MCCAIN,720.0,g
7896105800897,Batata Pré Frita Smiles Congelada,MCCAIN,400.0,g
7896105800903,Batata Pré Frita Noisette Congelada Mccain Ao Forno Pacote 400g,MCCAIN,400.0,g
7896105800927,Potato Pops McCain Sabor Calabresa e Bacon,McCain,400.0,g
7896105800989,Batata Congelada Extracrocante Mccain Airfryer Pacote 600g,MCCAIN,600.0,g
7896105801030,Batata Frita Torcida Clássicas,McCain,1500.0,g
7896105801092,Batata McCain Airfryer Extra Crocante,Mccain,600.0,g
7896108802584,LABCON CLUB,Labcon,90.0,g
7896108805004,Al. Peixe ALCON 25gr Gold Cresc.,,0.25,g
7896108805035,Al. Peixe Alcon 40gr Gold Colours,,0.4,g
7896108805066,Al. Peixe Alcon  50gr Botton Fish,,0.5,g
7896108806186,Al. Peixe ALCON 50gr Spirulina,,0.5,g
7896108807077,Al. Peixe  Alcon 150gr Botton Fish,,0.15,g
7896108808036,Al. Peixe Alcon 20gr Shrimp,,20.0,g
7896108808043,Al. Peixe Alcon 50gr Shrimp,,50.0,g
7896108808197,Al. Peixe Alcon 150g Basic,,0.15,g
7896108809378,Al. Peixe Aln30gr Cichlids Granulos,,0.3,g
7896108809880,Al. Peixe Alcon 20gr Guardallium,,20.0,g
7896108809941,Al. Peixe Alcon 20gr  Guardthymus,,0.2,g
7896108810374,"Cond. Água Labcon 1,0kg Garden Ant-Alg",,1000.0,g
7896109800015,açúcar,guarani,1000.0,g
7896109800039,Açúcar Cristal Guarani Pacote 5kg,GUARANI,5000.0,g
7896109801005,Açúcar Refinado Especial Guarani Pacote 1kg,GUARANI,1000.0,g
7896110100814,Sal Grosso Lebre,Lebre,1000.0,g
7896110194264,Sal Lebre Light Refinado Iodado,Sal Lebre,500.0,g
7896110194363,Sal moído iodado,Almirante,1000.0,g
7896110195162,Sal lebre Parrilha,Sal lebre,500.0,g
7896111065808,Temp Zaatar Libanes Gergelim Zeenny 125gr,ZEENNY,125.0,g
7896111420270,Bolachão de Mel Ninfa,Ninfa,400.0,g
7896111422052,Biscoito doce sabor artificial de coco,Ninfa,350.0,g
7896111422403,Biscoito doce sabor artificial de baunilha,Ninfa,500.0,g
7896111423813,Biscoito doce sabor mel,Ninfa,500.0,g
7896111424599,Biscoito doce maisena,Ninfa,700.0,g
7896111426005,Wafer morango,Ninfa,100.0,g
7896111426517,Biscoito doce chocolate e coco,Ninfa,500.0,g
7896111426760,Wafer sabor limão,Ninfa,84.0,g
7896111427064,Donu's Ninfa,Ninfa,75.0,g
7896111945735,Impala Café Cremoso,Mundial,7.5,g
7896111998427,óleo revitalizador de uñas,Impala,6.0,g
7896112401490,Glicopet Felinus,Avert,30.0,mL
7896112402176,Cistimicin vet,Avert,15.0,g
7896112402589,Doss vet,Avert,5.0,mL
7896112402596,Seniox T,Avert,24.0,g
7896112402695,Macrogard pet small size,Avert,22.5,g
7896112402855,Artrotabs 30 sticks,Avert,210.0,g
7896113200023,Goiabada Anhembi,,400.0,g
7896113200030,Goiabada Anhembi,,500.0,g
7896113200214,Goiabada Anhembi pt,,300.0,g
7896113600373,farinha de mandioca biju,,500.0,g
7896113600526,polvilho azedo Nippon,,1000.0,g
7896114100902,Queijo Mussarela Fatiado,Ipanema,400.0,g
7896114101626,queijo prato,Ipanema,150.0,g
7896114900014,Sardinha em lata,Pescador,125.0,g
7896114900045,Sardinhas com molho de tomate,Pescador,125.0,g
7896114990190,Atum Ralado,Pescador,140.0,g
7896115400063,Farinha de trigo,Buquê,1000.0,g
7896116900029,Feijão Kicaldo,Kicaldo,1000.0,g
7896116900197,grão-de-Bico,kicaldo,500.0,g
7896116900647,Feijão Preto Tipo 1 Kicaldo Pacote 1kg,KICALDO,1000.0,g
7896116900821,Feijão Fradinho,Kicaldo,1000.0,g
7896116900845,Feijão Vermelho,Kicaldo,1000.0,g
7896116900920,Ervilha,Kicaldo,500.0,g
7896116900937,lentilha kicaldo,kicaldo,500.0,g
7896117600041,Farinha De Mandioca Torrada Fina,Deusa,500.0,g
7896117600133,Maniok-Mehl,Deusa,500.0,g
7896118510059,Chá De Camomila Chinatown Premium Pacote 20g,CHINATOWN,20.0,g
7896118510097,Chá De Erva Cidreira Chinatown Premium Pacote 10g,CHINATOWN,10.0,g
7896118510103,Chá De Erva Doce Chinatown Premium Pacote 50g,CHINATOWN,50.0,g
7896118510127,Chá De Hortelã Chinatown Premium Pacote 10g,CHINATOWN,10.0,g
7896118510189,Chá De Sene Folhas Chinatown Premium Pacote 20g,CHINATOWN,20.0,g
7896118510233,Alecrim Chinatown Premium Pacote 20g,CHINATOWN,20.0,g
7896118510271,Chá De Cravo Canela Chinatown Premium Pacote 30g,CHINATOWN,30.0,g
7896118510301,Manjericão Chinatown Premium Pacote 20g,CHINATOWN,20.0,g
7896118510325,Chá De Hibiscus Chinatown Premium Pacote 20g,CHINATOWN,20.0,g
7896118510448,Cha Verde Chinatown 20g,CHINATOWN,20.0,g
7896118521222,Temp.louro Folhas Chinatown 4g,CHINATOWN,4.0,g
7896118521246,Coentro Em Grãos Chinatown Premium Pacote 20g,CHINATOWN,20.0,g
7896118521253,Colorau Chinatown Premium Pacote 50g,CHINATOWN,50.0,g
7896118521277,Temp Noz Moscada Chinatown 9g,CHINATOWN,9.0,g
7896118521284,Pimenta Calabresa Chinatown Premium Pacote 30g,CHINATOWN,30.0,g
7896118521291,Pimenta Do Reino Preta Em Grãos Chinatown Premium Pacote 30g,CHINATOWN,30.0,g
7896118521376,Pimenta Do Reino Preta Em Pó Chinatown Premium Pacote 20g,CHINATOWN,20.0,g
7896118540056,Tempero Baiano Chinatown Premium Pacote 30g,CHINATOWN,30.0,g
7896122300431,Queijo cottage porto alegre Zero Lactose,Porto Alegre,200.0,g
7896122300516,Manteiga Porto Alegre,,200.0,g
7896122300707,Cottage Porto Alegre,Porto Alegre,400.0,g
7896122300714,Queijo tipo Cottage Porto Alegre,Porto Alegre,200.0,g
7896122301155,Creme de Queijo Porto Alegre,,200.0,g
7896122301223,Creme de Queijo Tipo Cottage,Porto Alegre,200.0,g
7896122301247,Requeijão Cremoso,Porto Alegre,200.0,g
7896122301261,Req Creme Porto Alegre 0% LAC,,200.0,g
7896122301308,Requeijão Cremoso,Porto Alegre,400.0,g
7896122301445,Creme de Leite Pasteurizado,Porto Alegre,500.0,g
7896122301506,Queijo Mussarela Fracionado,,500.0,g
7896122301605,Yogurte Porto Alegre Morango BJ,Leitissimo,540.0,g
7896122301612,Iogurte Porto Alegre Coco BJ,Porto Alegre,540.0,g
7896122301629,Yogurte Porto Alegre Sabor Frutas BJ,,540.0,g
7896122301636,Yogurte Brasil Morango BJ,,540.0,g
7896122301643,Iogurte Brasil Morango e Coco BJ,Brasil Lácteos,540.0,g
7896122301650,Yogurte Brasil Sabor Frutas BJ,,540.0,g
7896122301834,Yogurte Brasil Morango,,850.0,g
7896122301841,Yogurte Porto Alegre Morango,,1250.0,g
7896122301902,Yogurte Porto Alegre Sabor Frutas,,1250.0,g
7896122301926,Yogurte Porto Alegre Morango,,170.0,g
7896122301933,Iorgute Frutas Vermelhas Porto Alegre,,170.0,g
7896122301940,Iogurte Porto Alegre Coco,Porto Alegre,170.0,g
7896122302008,Yogurte Porto Alegre Whey 14g Morango,,250.0,g
7896122302022,Yogurte Porto Alegre Whey Tradicional 14g,,250.0,g
7896122302039,Iogurte Porto Alegre Morango e Coco BJ,Porto Alegre,540.0,g
7896122302046,Iorgute Coco Moments Porto Alegre,,120.0,g
7896122302053,Yogurte Porto Alegre Morango Moments,,120.0,g
7896122302060,Iorgute Tradicional Moments,,120.0,g
7896122302107,Iorgute Moments Cranberry,,120.0,g
7896122302220,Yogurte Porto Alegre Pedaços Morango,,480.0,g
7896122302244,Iogurte Pedaços Coco,Porto Alegre,480.0,g
7896122302503,Queijo Mussarela Fatiado,Porto Alegre,150.0,g
7896122302510,Queijo Mussarela fatiado,porto alegre,150.0,g
7896122302619,Iorgute Brasil Lácteos Morango,,1250.0,g
7896122305207,Leite Integral UHT,Porto Alegre,1000.0,mL
7896122305214,Desnatado,Laticinos Porto Alegre,1000.0,mL
7896140666007,Goiabada Tomarelli,Tomarelli,250.0,g
7896180783856,Doce de soro de leite,Aurea,350.0,g
7896180785881,Doce de leite,Aurea,350.0,g
7896180786802,Doce de abacaxi e maçã cremoso,Aurea,350.0,g
7896180786826,Doce de abóbora e maçã com coco cremoso,Aurea,350.0,g
7896180786895,Doce de morango e maçã cremoso,Aurea,350.0,g
7896180799413,Doce De Leite,Aurea,350.0,g
7896181501572,Misso,Hinomoto,500.0,g
7896181700579,Amendoim Doce Crocante Cri-cri,DaColônia,140.0,g
7896181700791,Melado de Cana,Da Colônia,250.0,g
7896181704768,DaColônia Amendoin  Farinha d,DaColônia Amendoin,500.0,g
7896181708285,Sweet peanut,,190.0,g
7896181709244,&quot;Paçoquinha&quot; com Açúcar Mascavo,DaColônia,210.0,g
7896181709534,Pé de moça,DaColônia,130.0,g
7896181709619,Tabletas de banana,,220.0,g
7896181710202,Pasta de Amendoim Dacolônia Amendo Power Zero Açúcar,DaColônia,500.0,g
7896181710257,Cocada Branca,DaColônia,130.0,g
7896181711162,Amendo Power Crunchy,DaColônia,500.0,g
7896181711810,Pasta Integral De Amendoim Amendo Power,Da Colônia,1005.0,g
7896181711827,Amendo Power Crunchy,DaColônia,1005.0,g
7896181712107,Pasta de Castanha-de-Caju Cacau,DaColônia,200.0,g
7896181712442,Amendoim Crocante Cebola e Salsa,Da Colônia,90.0,g
7896181712459,Amendoim Crocante Pimenta,Da Colônia,90.0,g
7896183001063,Divinas Azeitonas Recheadas com Pimentão,Rivoli,335.0,g
7896183001186,Azeitonas verdes com caroço,Rivoli,820.0,g
7896183001872,Azeitonas Verdes Recheadas com Pimentão,Rivoli,350.0,g
7896183004002,Champignon inteiro em conserva,Rivoli,100.0,g
7896183120306,Goiabada,Nolasco,500.0,g
7896183201159,Creme de Leite,Quatá,200.0,g
7896183201357,Quatá Chocolate,,1000.0,mL
7896183202125,Queijo Cottage Quatá Pote 250g,QUATA,250.0,g
7896183202187,Leite Integral,Quatá,1000.0,g
7896183202217,Fondue De Queijo Quatá Caixa 400g,QUATA,400.0,g
7896183210120,Creme de Leite,Glória,200.0,g
7896183220051,Quatá Queijo Minas Padrão Zero Lactose,Quatá,400.0,g
7896183900755,Com Caroco,Zaeli,300.0,g
7896183904814,Arroz Integral,Zaeli,1000.0,g
7896183905507,Farofa de mandioca,Zaeli,500.0,g
7896183905514,Farofa de mandioca sabor picanha,Zaeli,500.0,g
7896183909123,Milho para pipoca,Zaeli,500.0,g
7896183909444,Granola,Zaeli,300.0,g
7896183910136,Aveia em flocos finos,Zaeli,500.0,g
7896183911522,Chocolate em pó,Zaeli,200.0,g
7896185310460,Bebida à Base De Soja Maracujá Shefa Caixa 1l,SHEFA,1000.0,mL
7896185310576,Creme De Leite Uht Homogeneizado Shefa Caixa 200g,SHEFA,200.0,g
7896185310750,Bebida Láctea Uht Achocolatado Shefa Caixa 1l,TODDY,1000.0,mL
7896185310910,Achocolatado - Shrfa - Shrfa,Shefa,200.0,mL
7896185311139,Bebida à Base De Soja Laranja E Pêssego Shefa Caixa 1l,SHEFA,1000.0,mL
7896185311153,Bebida à Base De Soja Uva Shefa Caixa 1l,SHEFA,1000.0,mL
7896185311269,Bebida à Base De Soja Maçã Shefa Caixa 200ml,SHEFA,200.0,mL
7896185311382,Bebida à Base De Soja Uva Shefa Caixa 200ml,SHEFA,200.0,mL
7896185311412,Bebida à Base De Soja Laranja E Pêssego Shefa Caixa 200ml,SHEFA,200.0,mL
7896185311443,Bebida à Base De Soja Maçã Shefa Caixa 1l,SHEFA,1000.0,mL
7896185311474,Leite de soja,Shefa,1000.0,mL
7896185311986,Chá Verde Pêssego Zero Açúcar Shefa Caixa 1l,SHEFA,1000.0,mL
7896185312310,Néctar Maracujá Shefa Caixa 1l,SHEFA,1000.0,mL
7896185312327,Néctar Uva Shefa Caixa 1l,SHEFA,1000.0,mL
7896185312334,Néctar Laranja Shefa Caixa 1l,SHEFA,1000.0,mL
7896185312396,SHEFA Leite Shefa Integral 1 L (6 Unidades),shefa,1000.0,mL
7896185312402,Leite Uht Semidesnatado Shefa Garrafa 1l,SHEFA,1000.0,mL
7896185312419,Leite Uht Desnatado Shefa Garrafa 1l,SHEFA,1000.0,mL
7896185312464,Néctar Laranja Shefa Caixa 200ml,SHEFA,200.0,mL
7896185312471,Néctar Maracujá Shefa Caixa 200ml,SHEFA,200.0,mL
7896185312488,Néctar Uva Shefa Caixa 200ml,SHEFA,200.0,mL
7896185312716,Leite UHT Integral,Shefa,1000.0,mL
7896185312723,Leite Uht Semidesnatado Shefa Caixa 1l,SHEFA,1000.0,mL
7896185312730,Leite Uht Desnatado Shefa Caixa 1l,SHEFA,1000.0,mL
7896185313041,Bebida Láctea Uht Vitamina Shefa Caixa 200ml,SHEFA,200.0,mL
7896185313058,Bebida Láctea Uht Chocolate Shefa Shefinha Caixa 150ml,SHEFA,150.0,mL
7896185313065,Bebida Láctea Uht Morango Shefa Shefinha Caixa 150ml,MORANGO,150.0,mL
7896185313188,Bebida Adoçada Goiaba Shefa Caixa 1l,SHEFA,1000.0,mL
7896185313195,Bebida Adoçada Goiaba Shefa Caixa 200ml,SHEFA,200.0,mL
7896185313317,Bebida à Base De Soja Maracujá Shefa Caixa 200ml,SHEFA,200.0,mL
7896185313348,Chá Branco Vermelho E Amora Shefa Caixa 1l,AMORA,1000.0,mL
7896185313355,Chá Branco Pitaya Shefa Caixa 1l,SHEFA,1000.0,mL
7896185313430,Bebida Adoçada Morango Shefa Caixa 200ml,SHEFA,200.0,mL
7896185313607,Néctar Abacaxi Shefa Caixa 1l,SHEFA,1000.0,mL
7896185313614,Néctar Abacaxi Shefa Caixa 200ml,SHEFA,200.0,mL
7896186288928,Erva Tererê,,500.0,g
7896188400373,Cini Framboesa,Cini,200.0,mL
7896188400380,Refrigerante Cini Abacaxi,Cini,200.0,mL
7896188400403,Refrigerante de Fruta Sabor Laranja,"wimi, Cini",200.0,mL
7896188407051,Refrigerante de Guaraná Sabor Framboesa,Cini,600.0,mL
7896193800021,Massa Para Lasanha De Pacote 500g,PARA,500.0,g
7896193800113,Macarrão Com Ovos Caseiro Talharim 1 De Pacote 500g,TALHARIM,500.0,g
7896193800229,Macarrão Com Ovos Caseiro Talharim 2 De Pacote 500g,TALHARIM,500.0,g
7896193800380,Macarrão De Trigo Caseiro Integral Talharim 2 De Pacote 500g,INTEGRAL,500.0,g
7896194400022,Aveia Integral em Flocos,Natu's,500.0,g
7896194400190,Leite de Soja,Natu's,500.0,g
7896196020013,Alcaparra Em Conserva La Pastina Vidro 60g,LA CUMPARSITA,60.0,g
7896196059006,Molho Pesto Genovês Com Queijo Grana Padano La Pastina Vidro 190g,LA PASTINA,190.0,g
7896196059013,Molho Pesto Genovês Trufado La Pastina Vidro 180g,LA PASTINA,180.0,g
7896196059020,Antepasto Trufado Creme 4 Queijos La Pastina Vidro 180g,LA PASTINA,180.0,g
7896196059044,Molho De Tomate Passata La Pastina Vidro 680g,LA PASTINA,680.0,g
7896196059129,Aspargo Verde Em Conserva La Pastina Vidro 185g,LA PASTINA,185.0,g
7896196059488,Berinjela Em óleo De Girassol La Pastina Na Brasa Vidro 145g,LA PASTINA,145.0,g
7896196059495,Alcachofra Em óleo De Girassol La Pastina Na Brasa Vidro 145g,LA PASTINA,145.0,g
7896196059501,Mix De Vegetais Em óleo De Girassol La Pastina Na Brasa Vidro 145g,LA PASTINA,145.0,g
7896196060361,Arroz Negro Tipo 1 Integral La Pastina Caixa 500g,LA PASTINA,500.0,g
7896196060576,Aspargo Branco Em Conserva La Pastina Vidro 205g,LA PASTINA,205.0,g
7896196060965,Antepasto Bruschetta Alcachofra La Pastina Vidro 280g,LA PASTINA,280.0,g
7896196060972,Antepasto Bruschetta Pimentão La Pastina Vidro 280g,LA PASTINA,280.0,g
7896196060989,Antepasto Bruschetta Aspargo Verde La Pastina Vidro 280g,LA PASTINA,280.0,g
7896196061023,Pimentão Em Conserva Ao Forno La Pastina Vidro 225g,LA PASTINA,225.0,g
7896196061030,Aspargo Verde Em óleo De Girassol La Pastina Na Brasa Vidro 185g,LA PASTINA,185.0,g
7896196061382,Coração De Alcachofra Em Conserva Grelhada La Pastina Vidro 165g,LA PASTINA,165.0,g
7896196061641,Cebolinha Ao Pesto Em Conserva La Pastina Gourmet Vidro 160g,LA PASTINA,160.0,g
7896196061726,Antepasto Bruschetta Tomate Seco La Pastina Gourmet Vidro 140g,LA PASTINA,140.0,g
7896196062310,Aspargo Branco Em Conserva La Pastina Gourmet Vidro 170g,LA PASTINA,170.0,g
7896196062686,Macarrão De Sêmola Grano Duro Penne Ziti Rigate Fasano Caixa 500g,FASANO,500.0,g
7896196062747,Macarrão De Sêmola Grano Duro Spaghettini Fasano Caixa 500g,FASANO,500.0,g
7896196062754,Macarrão De Sêmola Grano Duro Linguine Fasano Caixa 500g,FASANO,500.0,g
7896196062792,Macarrão De Sêmola Com Ovos Grano Duro Pappardelle Fasano Caixa 200g,FASANO,200.0,g
7896196063164,Arroz Arbório Tipo 1 Fasano Saco 1kg,FASANO,1000.0,g
7896196064581,LA PASTINA Azeite Extravirgem com Trufa Branca,LA PASTINA,500.0,mL
7896196064772,Arroz Arbório Tipo 1 La Pastina Caixa 500g,LA PASTINA,500.0,g
7896196065014,Azeite Extra Virgem Vd 500ml La Pastina,LA PASTINA,500.0,mL
7896196068985,Tomate Pelado Cubos Orgânico La Pastina Lata 240g,LA PASTINA,240.0,g
7896196069258,Panettone Gianduia La Pastina Maestra Lata 750g,LA PASTINA,750.0,g
7896196069371,Arroz Basmati Tipo 1 La Pastina Caixa 500g,LA PASTINA,500.0,g
7896196070834,Molho Pesto Rosso Trufado Tomate La Pastina Vidro 180g,LA PASTINA,180.0,g
7896196070841,Antepasto Funghi E Azeitona Trufado La Pastina Vidro 180g,LA PASTINA,180.0,g
7896196070858,Antepasto Funghi Porcini Trufado La Pastina Vidro 180g,LA PASTINA,180.0,g
7896196071732,Panettone Com Gotas De Chocolate Creme De Pistache La Pastina Maestra Lata 750g,LA PASTINA,750.0,g
7896196080260,Arroz Arborio,La Pastins,1000.0,g
7896196080307,Vinagre Balsâmico Di Modena La Pastina Gourmet Vidro 500ml,LA PASTINA,500.0,mL
7896196080444,Tomate Pelado La Pastina Lata 400g,LA PASTINA,400.0,g
7896196080468,Fundo De Alcachofra Em Conserva La Pastina Lata 190g,ALCACHOFRA,190.0,g
7896196080499,Coração De Alcachofra Em Conserva La Pastina Lata 190g,ALCACHOFRA,190.0,g
7896196080512,MOLHO PARA SALADA LA PASTINA ITALIANO TRADICIONAL 320G,,320.0,g
7896196080529,Molho De Tomate Puttanesca La Pastina Vidro 320g,LA PASTINA,320.0,g
7896196080550,Molho De Tomate Funghi La Pastina Vidro 320g,LA PASTINA,320.0,g
7896196081915,Azeitona Verde Em Conserva Sem Caroço La Pastina Vidro 150g,LA PASTINA,150.0,g
7896196082202,Pinoli La Pastina Gourmet Caixa 20g,LA PASTINA,20.0,g
7896196082417,Azeitona Verde Em Conserva Recheio Pasta De Anchova La Pastina Vidro 140g,LA PASTINA,140.0,g
7896196082431,Azeitona Verde Em Conserva Fatiada La Pastina Vidro 160g,LA PASTINA,160.0,g
7896196082448,Azeitona Preta Em Conserva Fatiada La Pastina Vidro 175g,LA PASTINA,175.0,g
7896196082608,Cebolinha Perline Em Conserva La Pastina Vidro 180g,LA PASTINA,180.0,g
7896196082622,Tomate Pelado Cubos La Pastina Lata 400g,LA PASTINA,400.0,g
7896200021364,Biscoito mignon,Zezé,200.0,g
7896200031189,Biscoito doce bolo de mel,Zezé,300.0,g
7896200115001,BROTO LEGAL Feijão Carioca Broto Legal,proto legal,500.0,g
7896200115032,Feijão Bolinha Tipo 1 Broto Legal Pacote 500g,BROTO LEGAL,500.0,g
7896200115056,Feijão Jalo Tipo 1 Broto Legal Pacote 500g,BROTO LEGAL,500.0,g
7896200115100,Feijão Rosinha Tipo 1 Broto Legal Pacote 500g,BROTO LEGAL,500.0,g
7896200115346,Feijão carioca comum tipo 1,Broto legal,1000.0,g
7896200115360,Feijão preto,Broto Legal,1000.0,g
7896202810782,Doce de figo misto com maçã cremoso,Oliveira,400.0,g
7896202891903,Balas de Banana,Oliveira,150.0,g
7896202891996,Xup Leite,Oliveira,400.0,g
7896202892108,Bala de Banana,Oliveira,50.0,g
7896204000099,Batata Palha Extra Fina,Biscoitos Zezé,100.0,g
7896204304951,valore,,500.0,g
7896204305460,valore,,500.0,g
7896204305477,valore,,1000.0,g
7896204357612,valore,,400.0,g
7896204357629,valore,,400.0,g
7896204357650,valore,,400.0,g
7896204357667,valore,,400.0,g
7896204357698,valore,,400.0,g
7896204357704,valore,,400.0,g
7896204357896,cbs,,400.0,g
7896204359265,cbs,,400.0,g
7896204359821,valore,,400.0,g
7896204359876,Lentilha,CBS,400.0,g
7896205722013,Macarrão Semolado Espaguete Basilar Pacote 500g,BASILAR,500.0,g
7896205722198,Macarrão parafuso,Basilar,500.0,g
7896205722204,Ave Maria Formato Tradicional,Basilar,500.0,g
7896205752331,Macarrão De Sêmola Grano Duro Espaguete 8 Adria Pacote 500g,ADRIA,500.0,g
7896205752362,Macarrão De Sêmola Grano Duro Fusilli Adria Pacote 500g,ADRIA,500.0,g
7896205754434,Macarrão De Sêmola Com Ovos Sopa De Letrinhas Adria Pacote 500g,MAYORAL,500.0,g
7896205754458,Macarrão De Sêmola Com Ovos Gravata Adria Pacote 500g,ADRIA,500.0,g
7896205754465,Macarrão De Sêmola Com Ovos Nhoque Adria Pacote 500g,ADRIA,500.0,g
7896205754472,Macarrão De Sêmola Com Ovos Penne Duplo Riscado Adria Pacote 500g,ADRIA,500.0,g
7896205757091,Macarrão De Sêmola Grano Duro Bavette Adria Pacote 500g,ADRIA,500.0,g
7896205772490,Macarrão De Sêmola Grano Duro Farfalle Adria Pacote 500g,ADRIA,500.0,g
7896205774029,Macarrão De Sêmola Com Ovos Cabelo De Anjo Adria Pacote 500g,ADRIA,500.0,g
7896205774128,Massa Para Lasanha Adria Pacote 200g,ADRIA,200.0,g
7896205774203,Macarrão Instantâneo,Adria,85.0,g
7896205777044,Macarrão De Sêmola Espaguete 8 Adria Pacote 500g,ADRIA,500.0,g
7896205777099,Massa de sêmola tipo pena,Adria,500.0,g
7896205777150,Massa de sêmola parafuso,Adria,500.0,g
7896205785537,Macarrão De Sêmola Grano Duro Integral Espaguete Adria Pacote 500g,ADRIA,500.0,g
7896205785544,Macarrão De Sêmola Grano Duro Integral Penne Adria Pacote 500g,ADRIA,500.0,g
7896205788033,Macarrão De Sêmola Com Ovos Espaguetinho 9 Adria Pacote 500g,ADRIA,500.0,g
7896205788040,Macarrão De Sêmola Com Ovos Espaguete 8 Adria Pacote 500g,SYMBOL,500.0,g
7896205788057,Macarrão De Sêmola Com Ovos Furado 5 Adria Pacote 500g,ADRIA,500.0,g
7896205788064,Macarrão De Sêmola Com Ovos Fidelinho 10 Adria Pacote 500g,ADRIA,500.0,g
7896205788095,Macarrão De Sêmola Com Ovos Ninho 3 Adria Pacote 500g,ADRIA,500.0,g
7896205788156,Macarrão De Sêmola Com Ovos Parafuso Adria Pacote 500g,ADRIA,500.0,g
7896205788187,Macarrão De Sêmola Com Ovos Padre Nosso Adria Pacote 500g,ADRIA,500.0,g
7896205788217,pena,ADRIA,500.0,g
7896205788224,Macarrão De Sêmola Com Ovos Argola Adria Pacote 500g,ADRIA,500.0,g
7896205788255,Macarrão De Sêmola Com Ovos Ave Maria Adria Pacote 500g,ADRIA,500.0,g
7896205788408,Massa Para Lasanha Adria Caixa 500g,PEPSI,500.0,g
7896205789177,"Macarrão Instantâneo Lámen Carne Adria Pacote 74,3g",ADRIA,74.3,g
7896205789184,"Macarrão Instantâneo Lámen Galinha Adria Pacote 74,3g",ADRIA,74.3,g
7896205789207,"Macarrão Instantâneo Lámen Galinha Caipira Adria Pacote 74,3g",ADRIA,74.3,g
7896205789276,Macarrão De Sêmola Grano Duro Spaghettini Adria Pacote 500g,ADRIA,500.0,g
7896205789283,Macarrão De Sêmola Grano Duro Spaghettoni Adria Pacote 500g,ADRIA,500.0,g
7896205789306,"Macarrão Instantâneo Lámen Carne Suave Minions Adria Pacote 74,3g",MINIONS,74.3,g
7896205789313,"Macarrão Instantâneo Lámen Galinha Suave Minions Adria Pacote 74,3g",MINIONS,74.3,g
7896205789320,"Macarrão Instantâneo Lámen Tomate Minions Adria Pacote 74,3g",MINIONS,74.3,g
7896207606052,Fondue De Queijo Caixa,"CAMPO LINDO,Polenghi,Savencia",400.0,g
7896207608407,Queijo Frescal Ultrafiltrado Polenghi Frescatino Pote 500g 2 Unidades,"POLENGHI,Savencia",500.0,g
7896207613142,Queijo Frescal Ultrafiltrado Polenghi Frescatino Pote 130g 2 Unidades,"POLENGHI,Savencia",130.0,g
7896207613159,Queijo Frescal Ultrafiltrado Light Polenghi Frescatino Pote 130g 2 Unidades,"POLENGHI,Savencia",130.0,g
7896207613296,Fondue De Queijo Polenghi A Queijaria Caixa 400g,Polenghi,400.0,g
7896207640049,Queijo Frescal Ultrafiltrado Polenghi Frescatino Pote 250g,"POLENGHI,Savencia",250.0,g
7896207801952,Croutons Tradicional Florio Pacote 120g,FHOM,120.0,g
7896207801976,Croutons Temperado Florio Pacote 120g,LEIMER,120.0,g
7896207802164,Torrada Alho Florio Pacote 100g,FLORIO,100.0,g
7896207802423,Pão Sueco Integral Florio Pacote 180g,FLORIO,180.0,g
7896207802430,Pão Sueco Integral Gergelim Florio Pacote 180g,FLORIO,180.0,g
7896207802492,Grissini Alho Florio Pacote 120g,FLORIO,120.0,g
7896207802560,Grissini Cebola Florio Pacote 120g,GRANFORNO,120.0,g
7896207802614,Grissini Parmesão Florio Pacote 120g,FLORIO,120.0,g
7896207802638,Grissini Pizza Florio Pacote 120g,FLORIO,120.0,g
7896207803307,Tostata Alecrim Florio Pacote 180g,FLORIO,180.0,g
7896207803314,Tostata Tomate Seco Florio Pacote 180g,FLORIO,180.0,g
7896209200227,Sorvete Vanilla Creme La Basque Premium Ice Cream Pote 140ml,LA BASQUE,140.0,mL
7896209200234,Sorvete Menta Choc Chip La Basque Premium Ice Cream Pote 140ml,LA BASQUE,140.0,mL
7896209200258,Sorvete Chocolate Choc Chip La Basque Premium Ice Cream Pote 140ml,LA BASQUE,140.0,mL
7896209256125,Sorvete Coco Com Pedaços La Basque Pote 500ml,LA BASQUE,500.0,mL
7896209256132,Sorvete Cheesecake De Framboesa La Basque Pote 500ml,LA BASQUE,500.0,mL
7896209256149,Sorvete Mascarpone Cobertura Damasco La Basque Pote 500ml,LA BASQUE,500.0,mL
7896209256156,Sorvete Morango Com Pedaços La Basque Pote 500ml,LA BASQUE,500.0,mL
7896209256163,Sorvete Fior Di Latte Com Amêndoas La Basque Pote 500ml,LA BASQUE,500.0,mL
7896209256422,Sorvete Café Crocante La Basque Premium Ice Cream Pote 500ml,LA BASQUE,500.0,mL
7896209256439,Sorvete Doce De Leite La Basque Premium Ice Cream Pote 500ml,LA BASQUE,500.0,mL
7896209256446,Sorvete Chocolate Dark La Basque Premium Ice Cream Pote 500ml,LA BASQUE,500.0,mL
7896209256453,Sorvete Vanilla Creme La Basque Premium Ice Cream Pote 500ml,LA BASQUE,500.0,mL
7896209256460,Sorvete Pistache La Basque Premium Ice Cream Pote 500ml,LA BASQUE,500.0,mL
7896209256477,Sorvete Macadâmia La Basque Premium Ice Cream Pote 500ml,LA BASQUE,500.0,mL
7896209256484,Sorvete Menta Choc Chip La Basque Premium Ice Cream Pote 500ml,LA BASQUE,500.0,mL
7896209256491,Sorvete Chocolate Com Amêndoas La Basque Premium Ice Cream Pote 500ml,LA BASQUE,500.0,mL
7896209256507,Sorvete Chocolate Choc Chip La Basque Premium Ice Cream Pote 500ml,LA BASQUE,500.0,mL
7896209256545,Sorvete Coco Light La Basque Premium Ice Cream Pote 500ml,LA BASQUE,500.0,mL
7896209256552,Sorvete Chocolate Light La Basque Premium Ice Cream Pote 500ml,LA BASQUE,500.0,mL
7896209256569,Sorvete Pistache Light La Basque Premium Ice Cream Pote 500ml,LA BASQUE,500.0,mL
7896209256576,Sorvete Vanilla Light La Basque Premium Ice Cream Pote 500ml,LA BASQUE,500.0,mL
7896209400771,Pão De Fôrma Integral 7 Grãos,nutrella,400.0,g
7896209500037,Biscoito Caseiro Amanteigado,Ávila,200.0,g
7896209600195,Xarope Artificial de Groselha,,900.0,mL
7896209600614,Caipirinha,Birds,700.0,mL
7896211300045,Amendoim Torrado Manobi 200g.,MANO,200.0,g
7896212500130,Ricota Fresca Cristina,Queijos Cristina,380.0,g
7896212910113,Feijão preto - Cristal,Cristal,1000.0,g
7896212910175,arroz nossa casa,,5000.0,g
7896212910472,arroz parborizado Cristal,,5000.0,g
7896212919888,arroz cristal,,5000.0,g
7896212920242,Água e Sal,Cristal Alimentos,360.0,g
7896213000011,Macarrão De Sêmola Espaguete Fino Vitarella Pacote 500g,VITARELLA,500.0,g
7896213000455,Biscoito Maria Tradicional Vitarella Pacote 400g,VITARELLA,400.0,g
7896213000677,Biscoito água E Sal Tradicional Vitarella Pacote 400g,VITARELLA,400.0,g
7896213000691,Biscoito Maizena Tradicional Vitarella Pacote 400g,VITARELLA,400.0,g
7896213002732,Linguine,,500.0,g
7896213002787,Cream cracker integral,Cream cracker crocks,420.0,g
7896213003111,Biscoito sabor chocolate tipo suíço,,130.0,g
7896213004590,Treloso Bolinho,,40.0,g
7896213004750,torada integral,VITARELLA,142.0,g
7896213004774,Torrada multigrãos,,142.0,g
7896213004835,Rosquinha de Chocolate,Vitarella,300.0,g
7896213004880,Biscoito Fino Chocolate,Treloso,330.0,g
7896213004897,Biscoito sabor coco,,330.0,g
7896213004903,Biscoito sabor leite,,330.0,g
7896213004989,Delicita original,Vitarella,138.0,g
7896213005078,Biscoito Sequilho Leite Vitarella Pacote 89g,VITARELLA,89.0,g
7896213005092,Biscoito salgado cream cracker,Vitarella,400.0,g
7896213005368,Delicita pizza,,138.0,g
7896213005580,D-Tone,Vitarella,63.0,g
7896213005702,COOKIES original,VITARELLA,80.0,g
7896213005719,COOKIES chocolate,Vitarella,80.0,g
7896213005757,Biscoito Original Vitarella Delicitá Pacote 350g,VITARELLA,350.0,g
7896213005764,"Biscoito Integral Vitarella Delicitá Pacote 367,5g",VITARELLA,367.5,g
7896213005771,Biscoito Cristal Vitarella Delicitá Pacote 414g,VITARELLA,414.0,g
7896213005887,Biscoito chocoresco sabor baunilha,,120.0,g
7896213005894,Biscoito sabor chocolate,,120.0,g
7896213005917,Biscoito sabor chocolate com morango,,120.0,g
7896213005924,Treloso sabor Chocolate,Vitarela,120.0,g
7896213005948,Biscoito treloso,,120.0,g
7896213005955,treloso,,120.0,g
7896213005962,Treloso Brigadeiro,,120.0,g
7896213006044,Wafer chocolate,Vitarella,80.0,g
7896213006051,Biscoito wafer brigadeiro,Vitarella,80.0,g
7896213006068,Biscoito wafer morango,,80.0,g
7896213006082,Biscoito wafer laranja,,80.0,g
7896213006099,Wafer sabor Limão,Vitarella,80.0,g
7896213006211,Biscoito morango treloso,,480.0,g
7896213006242,Biscoito água E Sal Tradicional Vitarella Pacote 350g,VITARELLA,350.0,g
7896213006266,"Biscoito Cream Cracker Integral Vitarella Pacote 367,5g",VITARELLA,367.5,g
7896213006334,Biscoito Maizena Integral Vitarella Pacote 350g,VITARELLA,350.0,g
7896213006341,Biscoito água tradicional,,350.0,g
7896213006358,Biscoito Maria Tradicional Vitarella Pacote 350g,VITARELLA,350.0,g
7896213006372,Biscoito Maria Chocolate Vitarella Pacote 350g,VITARELLA,350.0,g
7896213006389,Biscoito Maria Leite,,350.0,g
7896213006396,Biscoito Maizena Tradicional Vitarella Pacote 350g,Vitarella,350.0,g
7896213006402,Biscoito maisena baunilha,,350.0,g
7896213006419,vitarella maizena de chocolate,VITARELLA,350.0,g
7896213006426,Biscoito Maizena Leite Vitarella Pacote 350g,VITARELLA,350.0,g
7896213006495,Biscoito sabor morango,Virarella,74.0,g
7896213006525,Biscoito chocoresco sabor baunilha,,222.0,g
7896213006686,Espaguete fino,,400.0,g
7896213006709,Espaguete furadinho médio,,400.0,g
7896213006754,Massa semola linguine especial,,400.0,g
7896213306755,Removedor de Esmalte,,90.0,mL
7896214500763,Alho caramelizado,Queensberry,310.0,g
7896214501340,Molho Agridoce Pimentão Com Ervas Finas Queensberry Gourmet Vidro 290g,QUEENSBERRY,290.0,g
7896214504433,Geleia Pêssego Hero Vidro 345g,HERO,345.0,g
7896214504440,Geleia Morango Hero Vidro 345g,MORANGO,345.0,g
7896214504457,Geleia Amora Hero Vidro 345g,AMORA,345.0,g
7896214504464,Geleia Frutas Vermelhas Hero Vidro 345g,HERO,345.0,g
7896214504853,Geleia Agridoce Orgânica Pimenta Vermelha Queensberry Vidro 320g,QUEENSBERRY,320.0,g
7896214505140,Geleia Damasco Queensberry 100 Fruta Vidro 170g,QUEENSBERRY,170.0,g
7896214505157,Geleia Morango Queensberry 100 Fruta Vidro 170g,QUEENSBERRY,170.0,g
7896214505164,Geleia Amora Queensberry 100 Fruta Vidro 170g,QUEENSBERRY,170.0,g
7896214505171,Geleia Mirtilo Queensberry 100 Fruta Vidro 170g,QUEENSBERRY,170.0,g
7896214532023,Geleia Goiaba Queensberry Classic Vidro 320g,QUEENSBERRY,320.0,g
7896214532108,Geleia Laranja Queensberry Classic Vidro 320g,QUEENSBERRY,320.0,g
7896214532207,GELEIA DAMASCO 320G QUEENSBERRY,QUEENSBERRY,320.0,g
7896214532221,Geleia Torta De Maçã Queensberry Classic Vidro 320g Edição Especial Geleia Do Ano,QUEENSBERRY,320.0,g
7896214532405,Geleia Framboesa Queensberry Classic Vidro 320g,QUEENSBERRY,320.0,g
7896214532504,Geleia De Morango,Quernsberry,320.0,g
7896214532603,GELEIA AMORA 320G QUEENSBERRY,QUEENSBERRY,320.0,g
7896214532702,GELEIA FRUTAS VERMELHAS 320G QUEENSBERRY,QUEENSBERRY,320.0,g
7896214532924,GELEIA PIMENTA VERMELHA 320G,QUEENSBERRY,320.0,g
7896214532948,Geleia Agridoce Menta Com Hortelã Queensberry Gourmet Vidro 320g,QUEENSBERRY,320.0,g
7896214532955,Geleia Pimenta Verde Queensberry Gourmet Vidro 320g,Queensberry,320.0,g
7896214532962,Cebola caramelizada,Queensberry,310.0,g
7896214533006,Geleia Morango Diet Queensberry Vidro 280g,GUEENSBERRY,280.0,g
7896214533020,Geleia Goiaba Diet Queensberry Vidro 280g,GUEENSBERRY,280.0,g
7896214533037,Geleia Amora Diet Queensberry Vidro 280g,GUEENSBERRY,280.0,g
7896214533051,Geleia Damasco Diet Queensberry Vidro 280g,GUEENSBERRY,280.0,g
7896214533075,Geleia Frutas Vermelhas Diet Queensberry Vidro 280g,GUEENSBERRY,280.0,g
7896214534089,GELEIA MIRTILO QUEENSBERRY,QUEENSBERRY,320.0,g
7896214535048,QUEENSBERRY Geleia de Morango Orgânica,QUEENSBERRY,320.0,g
7896214536021,Geleia 100 Fruta Damasco Light Queensberry Wellness Vidro 250g,GUEENSBERRY,250.0,g
7896214536052,Geleia 100 Fruta Amora Light Queensberry Wellness Vidro 250g,GUEENSBERRY,250.0,g
7896216100022,Massa Para Pastel Mezzani Pacote 200g,MEZZANI,200.0,g
7896216100046,Massa Para Pastel Mezzani Pacote 500g,MEZZANI,500.0,g
7896216100053,Massa Para Minipizza Mezzani Pacote 400g,MEZZANI,400.0,g
7896216100107,Massa Para Lasanha Mezzani Pacote 500g,MEZZANI,500.0,g
7896216100114,Pastel Congelado Queijo Mezzani Caixa 250g 40 Unidades,MEZZANI,250.0,g
7896216100169,Massa Para Pizza Mezzani Pacote 300g,MEZZANI,300.0,g
7896216100176,Talharim,MEZZANI,500.0,g
7896216100268,Nhoque De Batata Mezzani Pacote 500g,MEZZANI,500.0,g
7896216100275,Massa Para Pastel Mezzani Pacote 350g,MEZZANI,350.0,g
7896216100428,massa de pastel rolo,mezzani,350.0,g
7896216100527,Ravióli 4 Queijos Mezzani Bandeja 400g,MEZZANI,400.0,g
7896216100534,Capeletti Carne Mezzani Bandeja 400g,MEZZANI,400.0,g
7896216100541,Capeletti Frango Mezzani Bandeja 400g,MEZZANI,400.0,g
7896216100558,Capeletti 4 Queijos Mezzani Bandeja 400g,MEZZANI,400.0,g
7896216100763,Massa Para Pastel Mezzani Pacote 1kg,MEZZANI,1000.0,g
7896216100848,Massa Para Pastel De Forno Mezzani Pacote 300g,MEZZANI,300.0,g
7896216100862,Massa de Pastel - Mezzani - 400g,Mezzani,400.0,g
7896216100893,MASSA FOLHAD MEZZANI,MEZZANI,300.0,g
7896216100909,Pão de Alho MEZZANI,Mezzani,310.0,g
7896216101050,Pizza Brotinho,Mezzani,300.0,g
7896216101265,Pão De Alho Tradicional Mezzani Bandeja 310g,MEZZANI,310.0,g
7896216101401,capelleti frango,mezzani,1000.0,g
7896216101418,Massa fresca capeletti sabor 4 queijos,mezzani,1000.0,g
7896216101425,ravioli de carne,mezzani,1000.0,g
7896216101456,ravióli 4 queijo,mezzani,1000.0,g
7896216101821,Pão De Alho Picante Resfriado Mezzani Bandeja 310g,MEZZANI,310.0,g
7896216101869,Pão De Alho Picante Mezzani Bandeja 310g,MEZZANI,310.0,g
7896219180779,Pão de Queijo,,1000.0,g
7896219183770,Wafer morango,Parima,70.0,g
7896221400483,Kró Rojo 100g,,100.0,g
7896221400544,Batata Palha Original,Freetaz,120.0,g
7896221402357,Kro,Semalo,100.0,g
7896222305152,Black Pepper,Koryma,20.0,g
7896223709423,Oléo de soja,Vila Velha,900.0,mL
7896224800594,Café descafeinado,Santa Clara,250.0,g
7896224800853,Cafe Santa Clara  Almof,,500.0,g
7896224814126,café clássico,Santa Clara,250.0,g
7896224836098,alimento achocolatado em pó instantâneo chocolatto,3 corações,500.0,g
7896227102688,Pão de Queijo,,500.0,g
7896227310250,Alho Triturado Orgânico Famo Pote 150g,FAMO,150.0,g
7896228100102,Massa de Pastel Leve,,400.0,g
7896228100133,Massa P/pastel Massaleve Cumb 200gr,MASSA LEVE,200.0,g
7896228100140,Massa de pastel,massa leve,500.0,g
7896228100171,Massa de Pastel,Massa Leve,1000.0,g
7896228100225,Pizza broto,Massa Leve,350.0,g
7896228100355,Massa de Lasanha,,500.0,g
7896228100362,Massa de lasanha,Massa Leve,500.0,g
7896228100560,Capeletti de Carne Massa Leve,"MassaLeve,Seara",1000.0,g
7896228100577,Capeletti de frango,massaleve,1000.0,g
7896228100584,ravióli de carne,massa leve,1000.0,g
7896228100607,Tagliatelle,Massa leve,500.0,g
7896228100652,Ravioli 3 queijos,Massa leve,1000.0,g
7896228100706,Pizza de Frigideira,massaleve,250.0,g
7896228100751,Gnocchi de Batata,,500.0,g
7896228100768,Nhoque de Batata,Massa Leve,1000.0,g
7896228100928,Massa Folhada Laminada - Massa Leve,Massa leve,300.0,g
7896228332237,ROMARIZ Farinha Panko,ROMARIZ,400.0,g
7896229634279,ZINI ALIMENTOS Farinha Panko Fioccopanko,ZINI ALIMENTOS,400.0,g
7896229635573,Tapioca (hidratada),PINK,500.0,g
7896229800018,Leite Pasteurizado Homogeneizado Tipo A Integral Fazenda Bela Vista Garrafa 1l,Fazenda Bela Vista,1000.0,mL
7896229800056,Leite Pasteurizado Homogeneizado Tipo A Semidesnatado Fazenda Bela Vista Garrafa 1l,FAZENDA BELA VISTA,1000.0,mL
7896229800087,Creme De Leite Pasteurizado Fazenda Bela Vista Garrafa 500g,FAZENDA BELA VISTA,500.0,g
7896229800117,Leite Pasteurizado Homogeneizado Tipo A Desnatado Fazenda Bela Vista Garrafa 1l,FAZENDA BELA VISTA,1000.0,mL
7896229800254,Iogurte Parcialmente Desnatado Natural Fazenda Bela Vista Copo 170g,FAZENDA BELA VISTA,170.0,g
7896229800261,Iogurte Desnatado Natural Fazenda Bela Vista Copo 170g,FAZENDA BELA VISTA,170.0,g
7896229800278,Iogurte Integral Mel Fazenda Bela Vista Copo 170g,FAZENDA BELA VISTA,170.0,g
7896229800285,"Iogurte Integral Laranja, Cenoura E Mel Fazenda Bela Vista Copo 170g",FAZENDA BELA VISTA,170.0,g
7896229800292,Iogurte Parcialmente Desnatado Morango Fazenda Bela Vista Frasco 180g,FAZENDA BELA VISTA,180.0,g
7896229800315,Iogurte Morango Fazenda Bela Vista,FAZENDA BELA VISTA,500.0,g
7896229800322,Iogurte Desnatado Morango Fazenda Bela Vista Garrafa 500g,FAZENDA BELA VISTA,500.0,g
7896229800346,Queijo Minas Frescal,FAZENDA Bela Vista,400.0,g
7896229800384,Iogurte Desnatado Fazenda Bela Vista Garrafa 500g,FAZENDA BELA VISTA,500.0,g
7896229800391,Iogurte Fazenda Bela Vista Frasco 180g,FAZENDA BELA VISTA,180.0,g
7896229800438,Iogurte Parcialmente Desnatado Coco Fazenda Bela Vista Garrafa 500g,FAZENDA BELA VISTA,500.0,g
7896229800445,Iogurte Parcialmente Desnatado Ameixa Fazenda Bela Vista Garrafa 500g,FAZENDA BELA VISTA,500.0,g
7896229800452,Iogurte Desnatado Ameixa Fazenda Bela Vista Garrafa 500g,FAZENDA BELA VISTA,500.0,g
7896229800469,Iogurte Parcialmente Desnatado Frutas Vermelhas Fazenda Bela Vista Garrafa 500g,FAZENDA BELA VISTA,500.0,g
7896229800506,Iogurte Parcialmente Desnatado Coco Fazenda Bela Vista Frasco 180g,FAZENDA BELA VISTA,180.0,g
7896229800513,Iogurte Parcialmente Desnatado Ameixa Fazenda Bela Vista Frasco 180g,FAZENDA BELA VISTA,180.0,g
7896229800537,Iogurte Parcialmente Desnatado Frutas Vermelhas Fazenda Bela Vista Frasco 180g,FAZENDA BELA VISTA,180.0,g
7896229800544,Leite Pasteurizado Homogeneizado Tipo A Semidesnatado Zero Lactose Fazenda Bela Vista Garrafa 1l,FAZENDA BELA VISTA,1000.0,mL
7896229800643,Iogurte Líquido Vitamina de frutas,Fazenda Besta Vista,500.0,g
7896229800674,Iogurte Integral Fazenda Bela Vista Copo 170g,FAZENDA BELA VISTA,170.0,g
7896229800759,Iogurte Integral Morango Fazenda Bela Vista Copo 170g,FAZENDA BELA VISTA,170.0,g
7896229800766,Iogurte Integral Coco Fazenda Bela Vista Copo 170g,FAZENDA BELA VISTA,170.0,g
7896229800780,Suco Uva Fazenda Bela Vista Garrafa 900ml,FAZENDA BELA VISTA,900.0,mL
7896229800810,Suco Integral Laranja Fazenda Bela Vista Garrafa 300ml,FAZENDA BELA VISTA,300.0,mL
7896229800841,"Suco Integral Laranja Fazenda Bela Vista Garrafa 1,5l",FAZENDA BELA VISTA,1500.0,mL
7896229800858,Suco Uva Fazenda Bela Vista Garrafa 300ml,FAZENDA BELA VISTA,300.0,mL
7896230400139,Arroz De Pilão Tipo 1 Albaruska Pacote 5kg,ALBARUSKA,5000.0,g
7896230400443,Arroz Integral Albaruska 1 Kg,"Albaruska, Cerealista Albaruska LTDA",1000.0,g
7896230400474,Arroz integral,NaturalSer,1000.0,g
7896230601765,Sorvete Sabor Chiclete,"Veneto Gelato,Veneto",950.0,g
7896232116083,Macarrão integral espaguete,Floriani,500.0,g
7896232800494,Milho pipoca,Geriba,500.0,g
7896232800517,Milho pipoca importado,Geriba,500.0,g
7896232800876,Chimichurri especiarias,Geriba,40.0,g
7896232800883,Batata palha frita salgada,Geriba,100.0,g
7896232801798,Ervilha seca partida,Geriba,500.0,g
7896232801866,Amendoim torrado sem pele,Geriba,500.0,g
7896235353249,Leite de col�nia,Savoy indústria de comestíveis,100.0,mL
7896236300129,D'ouro Biscoito de Polvilho,Vale d’ouro,100.0,g
7896236300501,biscoito de Polvilho salsa e cebola,vale D'ouro,100.0,g
7896236300648,Biscoito de Polvilho,ValeD'ouro,100.0,g
7896236300730,Biscoito de Polvilho,Vale D'ouro,100.0,g
7896236305360,Dueto biscoitos finos sabor chocolate preto e branco,Vale D'ouro,200.0,g
7896236305445,Sequilhos sabor Coco,Vale D'Ouro,300.0,g
7896236305452,Sequilhos quebra quebra sabor Leite,ValeD'ouro,300.0,g
7896236305469,Sequilhos Sabor Leite Condensado,ValeD'ouro,300.0,g
7896237500573,Canela em Pó,Wally,20.0,g
7896237900038,Azeitona Verde Em Conserva Raiola Família Raiolita Vidro 200g,RAIOLA,200.0,g
7896237900113,Azeitona Preta Em Conserva Raiola Família Raiolita Vidro 200g,RAIOLA,200.0,g
7896237900182,Azeitona Verde Em Conserva Sem Caroço Raiola Vidro 155g,RAIOLA,155.0,g
7896237900199,Azeitona Verde Em Conserva Com Recheio De Pimentão Raiola Vidro 195g,RAIOLA,195.0,g
7896237900489,Azeitona Verde Em Conserva Com Recheio De Pimentão Raiola Vidro 490g,RAIOLA,490.0,g
7896237900496,Azeitona Verde Em Conserva Sem Caroço Raiola Vidro 420g,RAIOLA,420.0,g
7896237900786,Azeitona Verde Em Conserva Gordal Raiola Vidro 350g,RAIOLA,350.0,g
7896237900793,Azeitona Preta Em Conserva Azapa Raiola Vidro 360g,RAIOLA,360.0,g
7896237900816,Azeitona Verde Em Conserva Fatiada Raiola Vidro 155g,RAIOLA,155.0,g
7896237901011,Azeitona Preta Em Conserva Fatiada Raiola Vidro 155g,RAIOLA,155.0,g
7896237901042,Azeitona Verde Em Conserva Com Recheio De Pasta De Anchova Raiola Vidro 135g,RAIOLA,135.0,g
7896237901073,Cogumelo Champignon Em Conserva Inteiro Raiola Copo 100g,RAIOLA,100.0,g
7896237901080,Cogumelo Champignon Em Conserva Inteiro Raiola Vidro 200g,RAIOLA,200.0,g
7896237901127,Cogumelo Champignon Em Conserva Fatiado Raiola Vidro 180g,RAIOLA,180.0,g
7896237901226,Tremoço Em Conserva Raiola Vidro 200g,RAIOLA,200.0,g
7896237901882,Cogumelo Champignon Em Conserva Fatiado Raiola Copo 100g,RAIOLA,100.0,g
7896237903152,Suco Concentrado Tomate Raiola Garrafa 500ml,RAIOLA,500.0,mL
7896239739728,Pasta de Amendoim Crocante Vitapower,VitaPower,450.0,g
7896243500741,Energético Start,Start,2000.0,mL
7896243500871,Ice Off Lemon,Ice,275.0,mL
7896245705793,Rosquinhas Micos sabor coco,Micos,90.0,g
7896245707117,Salgadinho de queijo,mikao,120.0,g
7896245709180,Batata Frita Lisa Sabor Picanha - Refinata,Refinata,45.0,g
7896245709418,Salgadinho de Milho Sabor Cebola - Anelitos,Anelitos,41.0,g
7896247400016,Molho Tarê Kikkoman Squeeze 200ml,KIKKOMAN,200.0,mL
7896247400030,KIKKOMAN Molho de Soja,KIKKOMAN,150.0,mL
7896247400122,Molho De Soja,Kikkoman,150.0,mL
7896248100885,Maionese,Saude,200.0,g
7896249500066,Massa para lasanha,Romena,500.0,g
7896252205095,Milho para pipoca,Beija Flor,500.0,g
7896252205101,Milho para pipoca Premium,Beija Flor,500.0,g
7896252205163,Grão-de-bico,"Huber, Beija Flor",500.0,g
7896253400031,Cafe rancheiro Almof,,250.0,g
7896253400055,RANCHEIRO,,500.0,g
7896253400499,Cafe rancheiro solúvel,,50.0,g
7896253400741,Cafe rancheiro vácuo descad,,250.0,g
7896253401472,Rosquinha Chocolate,RANCHEIRO,300.0,g
7896253401540,Wafer de limão,Rancheiro,78.0,g
7896253401571,Biscoito Wafer Sabor Baunilha - Rancheiro,Rancheiro,78.0,g
7896253401922,Mel rancheiro,,280.0,g
7896253600431,Leite Longa Vida Desnatado LEITISSIM0,LEITISSIM0,1000.0,mL
7896254007017,Pate De Alho,,150.0,g
7896254007024,Pate De Tommaso 150g 4 Qjos,DE TOMMASO,150.0,g
7896254007031,Pate Tommaso Queijo C/ervas 150g,DE TOMMASO,150.0,g
7896254007123,Sardella 150g Tommaso,TOMMASO,150.0,g
7896254007178,Coponata Tommaso Berinjela 150g,TOMMASO,150.0,g
7896254007222,Pate Tommaso Queijo C/azeitona 150g,DE TOMMASO,150.0,g
7896254007635,Pesto Genoves Tommaso 150g,TOMMASO,150.0,g
7896256040456,Farelo de trigo fino,NaturalLife,500.0,g
7896256040555,Cevada,natural life,400.0,g
7896256042009,Cookies Integrais Pão de Mel,Natural Life,180.0,g
7896256050202,Polvilho Azedo Kodilar,Kodilar,500.0,g
7896256065480,Chips de Arroz Integral e Milho sabor Cebola e Salsa,NaturalLife,70.0,g
7896256065589,Pasta de Amendoim Integral Pote Sem Glúten Kodilar,Kodilar,500.0,g
7896256065688,Biscoito termogênico sem glúten,Natural life,140.0,g
7896256066012,Pasta de amendoim integral,Natura Life,450.0,g
7896256066029,Pasta de Amendoim Sal do Himalaia Natural Life,Natural Life,500.0,g
7896256066043,Pasta de Amendoim Integral Chocolate Branco com Colágeno Natal Life,Natal Life,500.0,g
7896256075410,Macarrão Oriental,Taressu,200.0,g
7896256600223,Leite UHT Integral,Tirol,1000.0,mL
7896256600551,Queijo prato fatiado,Tirol,150.0,g
7896256601275,Manteiga com sal,Tirol,200.0,g
7896256601282,Manteiga sem sal,Tirol,200.0,g
7896256601848,Leite UHT integral,Tirol,1000.0,mL
7896256602104,Showkinho,,1000.0,mL
7896256602111,Bebida láctea uht sabor chocolate,Tirol,200.0,mL
7896256603446,Leite UHT Semidesnatado,TIROL,1000.0,mL
7896256603477,Bicamadas,Tirol,130.0,g
7896256605457,Manteiga Zero Lactose Tirol 200g,Tirol,200.0,g
7896256605471,Manteiga com sal,Tirol,200.0,g
7896257400488,AMÉRICA Chocolate sem Adição de Açúcar,AMÉRICA,400.0,g
7896257400754,AMÉRICA Café Torrado e Moído Vácuo América Extraforte,América,500.0,g
7896258407585,Nhoque de Batata,La Nonna,400.0,g
7896259201656,Cookies sabor chocolate com gotas sabor chocolate,Sarloni,60.0,g
7896259410133,Leite em Pó Integral - Camponesa - 200g,Camponesa,200.0,g
7896259411796,Camponesa - Leite em Pó Desnatado,Camponesa,200.0,g
7896259411802,Creme de leite,Nsbbs,15.0,g
7896259411819,Chocolate,"Embaré Kids,Embaré,Camponesa",200.0,mL
7896259412137,Leite Condensado Camponesa Integral,Camponesa,395.0,g
7896259412212,Doce de Leite,Embaré Camponesa,300.0,g
7896259412267,Leite Em Pô Integral,Camponesa,400.0,g
7896259412571,Leite em Pó Integral Camponesa,Camponesa,1000.0,g
7896259412588,Leite em Pó Integral Instantâneo Camponesa,camponesa,400.0,g
7896259412861,Leite Integral,Camponesa,1000.0,mL
7896259412885,EMBARÉ Leite UHT Desnatado Camponesa,Embaré,1000.0,mL
7896259416180,Leche Condesada,"Camponesa,Embaré",395.0,g
7896259416357,Zero Lactose Integral,Embaré,1000.0,mL
7896259416432,Crema de Leche,"Camponesa, Embaré",200.0,g
7896259417057,Queijo Fresco Tradicional Camponesa,Embaré,300.0,g
7896259417071,Requeijão Cremoso Tradicional Camponesa,Itambé,200.0,g
7896259417088,Camponesa Requeijão cremoso Tradicional,Embaré,400.0,g
7896259417330,Caramelos de Leite Chocolate,Embaré,660.0,g
7896259420002,Leite Condensado Integral,Camponesa,395.0,g
7896259420989,Leite Desnatado Camponesa Vitaminas C+D,,1000.0,mL
7896259421719,Leite UHT Desnatado,Camponesa,1000.0,mL
7896259422051,Queijo Mussarela Fatiado,Camponesa,130.0,g
7896259424284,Leche Condensada Embaré 395g,,395.0,g
7896260012203,Feijão preto,Itasa,1000.0,g
7896260600066,Aveia Prezunic em Farelo,Prezunic,500.0,g
7896260700230,Fffghhv,Itacolomy,500.0,g
7896261401143,Ovinhos de amendoim,Agtal,150.0,g
7896261401617,Castanha de Caju,AGTAL,50.0,g
7896261402621,Barra de mixed nuts original,Agtal,60.0,g
7896261402638,Barra de Mixed Nuts Nozes & Candela,Agtal,60.0,g
7896261402874,Mixed nuts damasco + quinoa,Agtal,60.0,g
7896261402959,Paçoca,Agtal,15.0,g
7896262301121,Bala Morango Fruit Tella Pacote 120g 3 Unidades,FRUIT TELLA,120.0,g
7896262304306,"Confeito Menta Mentos Pacote 37,5g 14 Unidades",MENTOS,37.5,g
7896262304313,"Confeito Menta Mentos Pacote 112,5g 3 Unidades",MENTOS,112.5,g
7896262304351,"Confeito Laranja, Morango Ou Limão Mentos Fruit Pacote 37,5g 14 Unidades",MENTOS,37.5,g
7896262304368,"Confeito Frutas Mentos Pacote 112,5g 3 Unidades",MENTOS,112.5,g
7896262304450,Confeito Menta Mentos Caixa 600g 16 Unidades,MENTOS,600.0,g
7896263503203,GUARANÁ,TISS GUARANÁ,2000.0,mL
7896264670294,Galleta dulce,Estrela,400.0,g
7896264670980,estrela rosquitas sabor coco,estrela,300.0,g
7896264900018,Queijo Labneh Com Orégano Chancliche President 135g,CHANCLICHE,135.0,g
7896264900056,Queijo Labneh Com Orégano Ao óleo Chancliche President 135g,CHANCLICHE,135.0,g
7896264900063,Queijo Labneh Ao óleo Chancliche President 135g,CHANCLICHE,135.0,g
7896264900070,Queijo Labneh Chancliche President 135g,CHANCLICHE,135.0,g
7896264900087,"Queijo árabe Com Orégano, Zattar E Pimenta Calabresa Chancliche President 135g",CHANCLICHE,135.0,g
7896264900094,Queijo Labneh Com Orégano E Pimenta Calabresa Ao óleo Chancliche President 135g,CHANCLICHE,135.0,g
7896267101436,Maracuja en poudre,,25.0,g
7896267101467,Salade de frutas,,25.0,g
7896267781812,Suco de Uva Tinto SaborUva,Panizzon,1400.0,mL
7896272000021,Azeitona Verde Em Conserva Arauco Com Caroço Vale Fértil Vidro 200g,VALE FERTIL,200.0,g
7896272000038,Azeitona Verde Em Conserva Changlot Com Caroço Vale Fértil Vidro 500g,VALE FERTIL,500.0,g
7896272000601,Azeitonas pretas com caroço - Vale fértil,,820.0,g
7896272000830,Azeitona Verde Em Conserva Sem Caroço Vale Fértil Vidro 160g,VALE FERTIL,160.0,g
7896272001301,Azeitonas verdes com caroço 300g,VALE FERTIL,300.0,g
7896272002018,Alcaparra Em Conserva Vale Fértil Vidro 60g,VALE FERTIL,60.0,g
7896272002230,Azeitona Preta Em Conserva Azapa Com Caroço Vale Fértil Premium Vidro 360g,VALE FERTIL,360.0,g
7896272002247,Azeitona Verde Em Conserva Arauco Com Caroço Vale Fértil Premium Vidro 360g,VALE FERTIL,360.0,g
7896272003367,Azeitona Preta Em Conserva Sem Caroço Vale Fértil Sachê 120g,VALE FERTIL,120.0,g
7896272003619,Azeitona Verde Em Conserva Recheio Pimentão Vale Fértil Sachê 200g,VALE FERTIL,200.0,g
7896272003664,Premium azapa com caroço - Vale Fértil,,820.0,g
7896272003725,Tomate Seco Em Conserva Vale Fértil Vidro 100g,VALE FERTIL,100.0,g
7896272003879,Pepino Cornichon Em Conserva Vale Fértil Vidro 180g,VALE FERTIL,180.0,g
7896272003961,Pepino Em Conserva Vale Fértil Vidro 300g,VALE FERTIL,300.0,g
7896272004180,Azeitona Verde Em Conserva Arauco Com Caroço Vale Fértil Sachê 150g,VALE FERTIL,150.0,g
7896272004197,Azeitona Verde Em Conserva Fatiada Vale Fértil Sachê 120g,Vale Fértil,120.0,g
7896272004203,Azeitona Verde Em Conserva Sem Caroço Vale Fértil Sachê 120g,VALE FERTIL,120.0,g
7896272004210,Azeitona Verde Em Conserva Recheio Pimentão Vale Fértil Sachê 150g,VALE FERTIL,150.0,g
7896272004227,Azeitona Verde Em Conserva Light Vale Fértil Sachê 150g,VALE FERTIL,150.0,g
7896272005682,Azeitona Verde Em Conserva Recheio Anchova Vale Fértil Vidro 130g,VALE FERTIL,130.0,g
7896272005705,Azeitonas recheadas com limão 130g,VALE FERTIL,130.0,g
7896272005712,Azeitona Verde Em Conserva Recheio Presunto Vale Fértil Vidro 130g,VALE FERTIL,130.0,g
7896272005729,Azeitonas recheadas com queijo azul 130g,VALE FERTIL,130.0,g
7896272005736,Azeitona Verde Em Conserva Recheio Salmão Vale Fértil Vidro 130g,VALE FERTIL,130.0,g
7896272005804,Aspargo Branco Em Conserva Vale Fértil Vidro 205g,VALE FERTIL,205.0,g
7896272006405,Azeitona Verde Em Conserva Temperada Mexicana Vale Fértil Vidro 145g,VALE FERTIL,145.0,g
7896272009079,Azeitona Preta Em Conserva Fatiada Vale Fértil Sachê 120g,VALE FERTIL,120.0,g
7896272009239,Coração De Alcachofra Em Conserva Grelhada Vale Fértil Vidro 130g,VALE FERTIL,130.0,g
7896272009246,Azeite de oliva extra virgem,Vale Fértil,500.0,mL
7896272009321,Snack De Azeitona Verde Provençal Vale Fértil Oliv Pacote 50g,VALE FERTIL,50.0,g
7896272009338,Snack De Azeitona Verde Chilli Vale Fértil Oliv Pacote 50g,VALE FERTIL,50.0,g
7896272009413,Cogumelo Champignon Em Conserva Fatiado Vale Fértil Sachê 100g,VALE FERTIL,100.0,g
7896272009420,Azeitonas recheadas com alho,VALE FERTIL,130.0,g
7896272009444,Azeitona Verde Em Conserva Gordal Sem Caroço Vale Fértil Premium Vidro 400g,VALE FERTIL,400.0,g
7896272010013,Azeitona Verde Em Conserva Graúda Mexicano Vale Fértil Vidro 300g,VALE FERTIL,300.0,g
7896272010020,Azeitona Verde Em Conserva Graúda Sem Caroço Anchova Vale Fértil Vidro 280g,VALE FERTIL,280.0,g
7896272010044,Alcaparra Em Conserva Vale Fértil Sachê 100g,VALE FERTIL,100.0,g
7896272200629,Refrigerante Água da Serra Abacaxi,Água da Serra,2000.0,mL
7896273400011,Coagulante Líquido Enzima Quimosina Microbiana para Fabricação de Queijos,Ha-La,200.0,mL
7896273809357,Snack Cães Keldog 60gr Frango,,0.6,g
7896273809517,Snack Cães Keldog 250gr Frango,,0.25,g
7896273900313,Feijão carioca,Caldo Bom,1000.0,g
7896273902010,Feijão vermelho,Caldo Bom,1000.0,g
7896273903277,Arroz Arbóreo,Caldo bom,500.0,g
7896273904106,Arroz 10 Grãos Integral,Caldo Bom,400.0,g
7896273906971,Mistura para quibe,Caldo Bom,250.0,g
7896274101825,maçã desidrata,,100.0,g
7896274102105,CORSETTI Pipoca Premium Corsetti,CORSETTI,500.0,g
7896274102754,perdiz,,500.0,g
7896274103140,Polvilho Azedo Corsetti,Corsetti,500.0,g
7896274104864,perdiz,,500.0,g
7896275900212,Hambúrguer de proteína vegetal,Frimesa,540.0,g
7896275900571,Hambúrguer frimesa 56g,,56.0,g
7896275900953,Presunto cozido fatiado,Frimesa,200.0,g
7896275910006,Linguiça Toscana,Frimesa,1000.0,g
7896275910112,Linguiça Toscana 1kg Fort Atacadista,Frimesa,1000.0,g
7896275920258,Steak de Frango Empanado,Frimesa,100.0,g
7896275920593,Mortadela Frimesa sem toucinho,,500.0,g
7896275920678,Mortadela com toucinho,Copacol,1000.0,g
7896275920838,Mortadela tipo bologna fatiada,Frimesa,200.0,g
7896275921033,Hambúrguer de Carne Suína,Frimesa,2016.0,g
7896275921095,Presunto Fat Fort Atacadista,Frimesa,500.0,g
7896275921101,Banha,Frimesa,450.0,g
7896275940218,Linguiça Toscana,Frimesa,5000.0,g
7896275940355,Mortadela sem toucinho em cubos,Frimesa,1000.0,g
7896275960520,Manteiga sem sal Fort Atacadista,Frimesa,500.0,g
7896275960575,Creme de leite uht,Frimesa,200.0,g
7896275960605,Doce de leite com coco,Frimesa,400.0,g
7896275960896,Leite condensado,Frimesa,395.0,g
7896275970185,Nata 300g,Frimesa,300.0,g
7896275970383,Queijo Mussarela em Fatias,Frimesa,200.0,g
7896275970406,Queijo &quot;Petit Suisse&quot; para Preparado de Morango Fort Atacadista,"Friminho,Frimesa",360.0,g
7896275970611,Leite UHT integral,Frimesa,1000.0,mL
7896275970796,Iogurtes de Morango,Frimesa,540.0,g
7896275970857,Doce de leite,Frimesa,400.0,g
7896275970987,Iogurte desnatado com preparado de mamão com laranja,Frimesa,165.0,g
7896275980306,Iogurte parcialmente desnatado,Frimesa,850.0,g
7896275980498,Sabor Chocolate Fort Atacadista,Frimesa,200.0,g
7896275980504,Flan Caramelo,Frimesa,200.0,g
7896275981945,Manteiga Extra com Sal,Frimesa,200.0,g
7896275981952,Manteiga Extra Sem Sal 200g Fort Atacadista,Frimesa,200.0,g
7896275982478,Porco a Passarinho Temperado,Frimesa,2500.0,g
7896275982546,Doce de Leite Fort Atacadista,Frimesa,200.0,g
7896275982850,Linguiça Pernil Fort Atacadista,Frimesa,600.0,g
7896275983192,"Iogurte de Frutas Vermelhas, Amarelas e Verdes",Frimesa,540.0,g
7896275983956,Queijo prato firmeza prato 150g,Frimesa,150.0,g
7896275984120,Sobremesa láctea sabor chocolate com calda de caramelo,Frimesa,200.0,g
7896277200037,madrugada,,1000.0,g
7896277200198,Chá de Hortelã,Madrugada,10.0,g
7896277200273,Chá Misto Sabor Morango,Madrugada,15.0,g
7896277200815,madrugada,,500.0,g
7896277200983,madrugada,,1000.0,g
7896277202024,madrugada,,500.0,g
7896277202499,Gelatine Incolor Sem Sabor,Madrugada,8.0,g
7896277203076,Mate Gelado Terere,Madrugada,500.0,g
7896277203618,madrugada,,500.0,g
7896278145337,Panettone com frutas cristalizadas e uvas passas,Mufatto,400.0,g
7896278145382,Panettone com gotas sabor chocolate ao leite,Muffato,400.0,g
7896278178885,Presunto cozido sem capa de gordura fatiado,Perdigão,500.0,g
7896278178908,Presunto cozido sem capa de gordura fatiado,Seara,500.0,g
7896278182356,Carne moída resfriada de bovino,Muffato,500.0,g
7896278302457,Pipoca caramelizada amendoim boku's,Bokud,60.0,g
7896279000567,Água Mineral Petrópolis Sem Gás,Petrópolis Paulista,310.0,mL
7896279000574,Água Mineral Natural Petrópolis Com Gás,Petrópolis Paulista,310.0,mL
7896279600293,COAMO Margarina Dualis,COAMO,500.0,g
7896279600538,Óleo de soja refinado,Coamo,900.0,mL
7896280600466,Pão de Aveia LIGHT panevita,,100.0,g
7896283000010,acúcar mascavo,Jasmine,1000.0,g
7896283000065,Aveia em Flocos Grossos Jasmine,Jasmine,500.0,g
7896283000072,Farelo de Aveia,Jasmine,200.0,g
7896283000157,Granola Tradicional,Jasmine,250.0,g
7896283000164,Sal Atlantis,Jasmine,1000.0,g
7896283000409,granola tradicional com coco e uvas-passas,jasmine,1000.0,g
7896283000416,Linhaça marrom,Jasmine,200.0,g
7896283000430,Granola Cereais Maltados Jasmine Pouch 250g,JASMINE,250.0,g
7896283000508,Granola Maçã E Canela Jasmine Pouch 250g,JASMINE,250.0,g
7896283000874,Biscoito Rosquinha Vegano Integral Maçã E Banana Jasmine Pacote 120g,JASMINE,120.0,g
7896283000898,Biscoito Cookie Vegano Integral Chocolate Com Gotas De Chocolate Jasmine Pacote 120g,JASMINE,120.0,g
7896283001000,Granola Integral Mel e Frutas,Jasmine,250.0,g
7896283001093,Granola Integral Cereais Maltados,Jasmine,850.0,g
7896283001291,Maçã Seca Crocante Jasmine Pacote 40g,JASMINE,40.0,g
7896283001314,Farinha de Trigo Integral Orgânica Jasmine,Jasmine,1000.0,g
7896283001321,Cookies Castanha-do-Pará Integral,Jasmine,150.0,g
7896283001581,Biscoito Rosquinha Vegano Integral Coco Zero Açúcar Jasmine Pacote 120g,JASMINE,120.0,g
7896283001697,Biscoito Rosquinha Vegano Integral Laranja E Cenoura Zero Açúcar Jasmine Pacote 120g,JASMINE,120.0,g
7896283001758,Cookies integrales,Jasmine,120.0,g
7896283002052,Cookies Laranja y Mel,Jasmíne,120.0,g
7896283002069,Biscoito Cookie Vegano Integral Castanha Do Pará E Caju Sem Glúten Jasmine Pacote 120g,JASMINE,120.0,g
7896283002229,Proteína Texturizada de Soja PTS Media,Jasmine,250.0,g
7896283002434,Granola Zero Açúcar Superfrutas,Jasmine,250.0,g
7896283002717,Milho de Pipoca para Micro-Ondas,Jasmine,70.0,g
7896283002878,Quinoa Mista Em Grãos Orgânica Jasmine Caixa 200g,JASMINE,200.0,g
7896283003585,Quinoa Em Grãos Orgânica Jasmine Caixa 200g,JASMINE,200.0,g
7896283004346,Farinha De Chia Integral Jasmine Pacote 200g,JASMINE,200.0,g
7896283004407,Mistura De Farinhas Linchia Integral Jasmine Pacote 200g,JASMINE,200.0,g
7896283004704,Granola Orgânica Castanha Do Pará Jasmine Especial Pouch 200g,JASMINE,200.0,g
7896283004773,Açúcar Demerara + Stévia FIT JASMINE,FIT JASMINE,400.0,g
7896283004872,Cranberry Desidratado Jasmine Pouch 70g,JASMINE,70.0,g
7896283004957,Mix De Sementes E Nuts Jasmine Pacote 40g,JASMINE,40.0,g
7896283005268,Linhaça Dourada Em Grãos Integral Jasmine Pouch 150g,JASMINE,150.0,g
7896283005664,Cookies Integrais Frutas Silvestres,Jasmine,120.0,g
7896283005848,Aveia Em Flocos Grossos Jasmine Caixa 200g,JASMINE,200.0,g
7896283006142,Pão de Forma Fatiado Tradicional Sem Glúten,Jasmine,350.0,g
7896283006159,Granola Cranberries E Açaí Jasmine Especial Pouch 250g,JASMINE,250.0,g
7896283006234,Granola Castanhas E Cacau Sem Gluten,Jasmine,400.0,g
7896283006241,Pão De Sanduíche Frutas E Castanhas Sem Glúten Jasmine Pacote 350g,JASMINE,350.0,g
7896283006524,Biscoito Vegano Chocolate Gotas Zero Açúcar Jasmine Sou Sweet Caixa 75g,Jasmine,75.0,g
7896283006715,Granola Integral Amendoim e Alfarroba Zero Açúcar,Jasmine,250.0,g
7896283006999,Mix Para Vegetal Burger Integral Original Jasmine Sachê 80g,JASMINE,80.0,g
7896283007002,Mix Para Vegetal Burger Com Ervas Integral Jasmine Pacote 80g,INTEGRAL,80.0,g
7896283007262,Granola Castanha De Caju Jasmine Pouch 250g,JASMINE,250.0,g
7896283007279,Granola Castanha De Caju Jasmine Pacote 1kg Embalagem Econômica,JASMINE,1000.0,g
7896283007286,Granola maçã e canela,Jasmine,1000.0,g
7896283007309,WRAP Tradicional,Jasmine,240.0,g
7896283007323,Pão de Batata Doce,Jasmine,350.0,g
7896283007347,Aveia em Flocos Finos Jasmine,Jasmine,500.0,g
7896283510410,Paladar Manjar de Coco,"Paladar,Savon",150.0,g
7896283513138,Mistura para Massas Salgadas,"Paladar,Savon",350.0,g
7896283800184,Leite Uht Integral Jussara Max Garrafa 1l,JUSSARA,1000.0,mL
7896283800191,Leite Uht Desnatado Jussara Max Garrafa 1l,Jussara max,1000.0,mL
7896283800221,Leite Uht Integral Jussara Caixa 1l,JUSSARA,1000.0,mL
7896283800245,creme de leite leve Jussara,Jussara,200.0,g
7896283800528,Leite condensado,Jussara,395.0,g
7896283800542,Leite Uht Semidesnatado Jussara Max Garrafa 1l,JUSSARA,1000.0,mL
7896283800801,Jussara leite,Jussara,1000.0,mL
7896283800825,Leite Jussara UHT Semidesnatado 1L,Jussara,1000.0,mL
7896283800856,Jussara Whey 15g,,250.0,mL
7896283800863,Leite em Pó Integral Jussara,Jussara,800.0,g
7896283800979,Leite São Paulo,"Jussara,São Paulo",1000.0,mL
7896286614191,Azedinha Original Morango,icekiss,29.0,g
7896286618403,Galleta con relleno sabor vainilla,Hipopó,110.0,g
7896286618779,Hipopó sabor Dulce de Leche/Caramel,"Cory,Hipopó",84.0,g
7896286620918,Bala,Lilith,500.0,g
7896286621212,Bala Icekiss Extra Forte,,500.0,g
7896286621816,hipopo frutilla,hipopo,100.0,g
7896286621823,hipopo choco,hipopo,100.0,g
7896286621830,hipopo dulce de leche,hipopi,100.0,g
7896286621847,hipopo vainilla choco,hipopo,100.0,g
7896288960173,Caju Izzy,Izzy,200.0,mL
7896288960685,Izzy Pêssego,Izzy,200.0,mL
7896289210031,Pão de Leite,Brother's,530.0,g
7896289400098,Rapadurinha,,25.0,g
7896289900628,AKIO Tapioca Akio,AKIO,500.0,g
7896290300011,Arroz Prato Fino Branco 5 Kg,PRATO FINO,5000.0,g
7896290300141,Arroz Prato Fino Branco 2kg,PRATO FINO,2000.0,g
7896290300189,Arroz Prato Fino Branco,PRATO FINO,1000.0,g
7896290300332,Arroz Prato Fino Parboilizado 5kg,PRATO FINO,5000.0,g
7896290300714,Arroz integral Prato Fino,Pirahy,1000.0,g
7896290301018,Prato fino,Prato Fino,4535.9237,g
7896292000186,Adoçante Lowsugar com Stevia - Lowsugar,Lowsugar,100.0,g
7896292000391,Açúcar Mascavo Peneirado Lowçucar Pacote 500g,LOWCUCAR,500.0,g
7896292000971,SóStevia Stevia 100% Adoçante Dietético Líquido,"Lowçucar,Lightsweet",80.0,mL
7896292001091,LOWÇUCAR Achocolatado New Choco Dark Lowçucar,LOWÇUCAR,400.0,g
7896292001404,Adoçante Em Pó Sacarose Magro Fit Pacote 400g,MAGRO,400.0,g
7896292005761,Adoçante Em Pó Lowçucar Tanto Quanto Forno E Fogão Pote 95g,LOWCUCAR,95.0,g
7896292010000,Magro com Stevia Adoçante Dietético,"Magro, Lightsweet",65.0,mL
7896292011007,MAGRO Adoçante 100% Stevia,Magro,40.0,g
7896292300064,Goiabada,Predilecta,1010.0,g
7896292300095,Predilecta Goiabada,Predilecta,600.0,g
7896292300163,Goiabada Predilecta,Predilecta,300.0,g
7896292300477,Mostarda Amarela Predilecta Squeeze 180g,Predilecta,180.0,g
7896292300507,Milho em Conserva,Predilecta,300.0,g
7896292300545,Ervilhas em conserva,Predilecta,200.0,g
7896292302075,Cobertura Para Sorvete Morango Predilecta Premium Squeeze 220g Grátis 20g,PREDILECTA,220.0,g
7896292302082,Cobertura Para Sorvete Chocolate Predilecta Premium Squeeze 220g Grátis 20g,PREDILECTA,220.0,g
7896292302884,Marrom Glace (Sweet potato paste),Predilicta,350.0,g
7896292302921,Marmelada Predilecta Bandeja 350g,PREDILECTA,350.0,g
7896292303195,Cerejas em Calda,Predilecta,180.0,g
7896292303621,Cobertura Para Sorvete Caramelo Predilecta Premium Squeeze 220g Grátis 20g,PREDILECTA,220.0,g
7896292304420,PREDILECTA Extrato de Tomate,PREDILECTA,340.0,g
7896292305489,Geleia de Mocotó,,180.0,g
7896292305496,Geleia De Mocotó Morango Predilecta Copo 180g,PREDILECTA,180.0,g
7896292305502,Geleia De Mocotó Framboesa Predilecta Copo 180g,PREDILECTA,180.0,g
7896292307490,Geleia Morango Predilecta Premium Gourmet Vidro 320g,PREDILECTA,320.0,g
7896292307513,Geleia Framboesa Predilecta Premium Vidro 320g,PREDILECTA,320.0,g
7896292307544,Molho Para Yakissoba Predilecta Sachê 300g,PREDILECTA,300.0,g
7896292309005,Molho Xadrez Predilecta Sachê 300g,PREDILECTA,300.0,g
7896292309517,Molho Branco Predilecta Sachê 240g,PREDILECTA,240.0,g
7896292309555,Molho 3 Queijos Predilecta Sachê 240g,PREDILECTA,240.0,g
7896292309937,Lámen sabor Legumes,Predilecta,85.0,g
7896292311091,Milho em conserva,Predilecta,300.0,g
7896292312135,Gelatina predilecta framboesa,,20.0,g
7896292312142,Gelatina predilecta maracujá,,20.0,g
7896292312159,Gelatina predilecta uva,,20.0,g
7896292312166,Gelatina predilecta morango,,20.0,g
7896292312197,Gelatina predilecta limão,,20.0,g
7896292313330,Passata di Pomodoro,Sacciali,530.0,g
7896292315112,Geleia Morango Predilecta Squeeze 210g,PREDILECTA,210.0,g
7896292315174,Cogumelo Champignon Em Conserva Predilecta Sachê 100g,PREDILECTA,100.0,g
7896292319004,Goiabada Predilecta Gourmet Pacote 300g,PREDILECTA,300.0,g
7896292320093,Marrow Glacê Doce de Batata Doce,Predilecta,600.0,g
7896292320291,Doce De Leite Tablete Predilecta 400g,PREDILECTA,400.0,g
7896292322912,Bananada Predilecta Lata 600g,PREDILECTA,600.0,g
7896292333000,predilecta,LIGHTSWEET,340.0,g
7896292333802,Traditional Tomato Sauce,"Só Fruta, Só Fruta Alimentos Ltda.",300.0,g
7896292334014,Molho de Tomate Champignons,Preditecta,300.0,g
7896292334281,Molho Para Strogonoff Predilecta Sachê 300g,PREDILECTA,300.0,g
7896292334298,Molho Madeira Para Carne Predilecta Sachê 300g,PREDILECTA,300.0,g
7896292340503,Milho,Predilecta,280.0,g
7896292340541,Ervilha,Predilecta,280.0,g
7896292341098,Milho,Predilecta,170.0,g
7896292350052,Goiabada Predilecta Gourmet Pacote 500g,PREDILECTA,500.0,g
7896292358072,Dueto milho e ervilha,Predilecta,240.0,g
7896292360051,Goiabada Predilecta Gourmet Lata 600g,PREDILECTA,600.0,g
7896292360112,Geleia Morango Predilecta Vidro 230g,Predilecta,230.0,g
7896292360136,Geleia Amora Predilecta Vidro 230g,LIGHTSWEET,230.0,g
7896292360464,Ketchup picante,Predilecta,400.0,g
7896292360976,Geleia Framboesa Predilecta Vidro 230g,PREDILECTA,230.0,g
7896292361225,Goiabada Cremosa Predilecta Vidro 320g,PREDILECTA,320.0,g
7896292370050,Goiabada Cascão,Predilecta,350.0,g
7896292380004,Goiabada Predilecta Gourmet Pote 220g,PREDILECTA,220.0,g
7896292380059,Goiabada Predilecta Barra 24x 020 | Doce De Goiabada Predileta 36/500grs,LIGHTSWEET,500.0,g
7896293802000,Alimento De Soja Soft Tofu Agronippo Bandeja 500g,YULO TOYS INC,500.0,g
7896293802031,Alimento De Soja Kinugoshi Tofu Agronippo 400g,KODILAR,400.0,g
7896293805001,Natto,Nippo Kyoka Natto,100.0,g
7896293806176,Bebida à Base De Soja Morango Mupy Caixa 1l,MUPY,1000.0,mL
7896293806183,Bebida à Base De Soja Maçã Mupy Caixa 1l,MUPY,1000.0,mL
7896293808095,Bebida à Base De Soja Morango Mupy Caixa 200ml,MUPY,200.0,mL
7896293808101,Bebida à Base De Soja Maçã Mupy Caixa 200ml,MUPY,200.0,mL
7896293808125,Bebida à Base De Soja Uva Mupy Caixa 200ml,MUPY,200.0,mL
7896294900804,Requeijão Light,Tirol,200.0,g
7896294901757,DOCE DE LEITE TRADICIONAL 350g PAULISTA,Paulista,350.0,g
7896294901764,Manteiga de Primeira Qualidade com Sal,Paulista,200.0,g
7896294901856,LEITE UHT PAULISTA INT.,Paulista,1000.0,mL
7896294901948,Manteiga de Primeira Qualidade com Sal,Paulista,500.0,g
7896294901993,Leite sem lactose integral,Tirol,1000.0,mL
7896294902037,Leite uht Paulista zero lactose semidesn,,1000.0,mL
7896295340104,filé de peito empanado iscas de frango tempurá,c•vale,1000.0,g
7896295340630,C vale doigts de poulet,,300.0,g
7896295340678,C vale Filet de pane interne,C.vale,600.0,g
7896295341323,C vale burger chicken poulet,,600.0,g
7896295341347,C vale Steak chicken poulet,,600.0,g
7896295381244,Filé de Peito de Frango Cvale,"Cvale,C.Vale,C.Vale Cooperativa Agroindustrial",1000.0,g
7896295383989,Chickenbreast,C.vale,2000.0,g
7896295384566,Filé de tilápia congelado,Cvale,800.0,g
7896296800126,Crock Pizza Original,Santa Ernestina,250.0,g
7896299102012,AZUMA Tempero para Sushi,AZUMA,50.0,g
7896303616389,Trento Branco-Dark,Peccin,32.0,g
7896304000012,Maçã Turma Da Mônica Pacote Com 1kg,FISCHER,1000.0,g
7896304220373,Polpa mista de acerola e mamão,Icefruit,100.0,g
7896306612817,Wafer Recheio Chocolate Cobertura Chocolate Ao Leite Trento Pacote 32g,TRENTO,32.0,g
7896306612824,TRENTO CREME 32G PECCIN,Trento,32.0,g
7896306612831,Wafer Recheio Avelã Cobertura Chocolate Ao Leite Trento Caixa 512g 16 Unidades,TRENTO,32.0,g
7896306612961,Bala Recheio Uva Tribala Pacote 100g,TRIBALA,100.0,g
7896306613289,Bala Recheio Frutas Sortidas Tribala Pacote 100g,TRIBALA,100.0,g
7896306617508,Trento Dark,Peccin,512.0,g
7896306618291,Torta de limão,Trento,32.0,g
7896306619434,Wafer Recheio Mousse De Maracujá Cobertura Chocolate Branco Trento Pacote 32g,PECCIN,32.0,g
7896306619458,Wafer Recheado Sabor Chocolate Meio Amargo Coberto com Biscoito e Chocolate Branco,Trento,30.0,g
7896306622045,Trento Bites Branco Dark 120g,Trento,120.0,g
7896306622052,Trento Bites Ao Leite 120g,,120.0,g
7896306623141,Trento Massimo Morango,Trento,30.0,g
7896306623158,Wafer Recheado Sabor Morango Coberto com Chocolate ao Leite,Trento,32.0,g
7896306624018,Chocolate Trento Mini,Chocolate Trento Mini,16.0,g
7896306624094,"Wafer Recheado Sabor Avelã Coberto com Amendoim, Avelã, Castanha-de-Caju e Chocolate ao leite",Trento,30.0,g
7896308078536,Salgadinho Assado Sabor Manteiga,Pipoteca,25.0,g
7896308078796,Salgadinho Assado de Milho Sabor Artificial de Cebola,Pipoteca,50.0,g
7896308302617,Requeijão Cremoso Tradicional Qualitá,Qualiá,200.0,g
7896310100386,Cocada Maracujá,,220.0,g
7896310601098,Xamego Beijinho,xamego bom,400.0,g
7896311701834,Creatina Integralmedica,Integralmedica,150.0,g
7896311705481,Iso Whey Protein Baunilha Integralmedica 907g,,907.0,g
7896311708314,Creatina,Integral Medica,300.0,g
7896311709991,Whey 100% Pure Chocolate,Integralmedica,900.0,g
7896311710324,Protein crisp torta de limao,Integral medica,45.0,g
7896311762552,Dark Bar Chocolate Meio Amargo com Castanhas,"Darness,Integralmedica",90.0,g
7896311777174,Darkbar,Darkness,90.0,g
7896311777181,DARKBAR,DARKNESS,90.0,g
7896311777198,DARKBAR,DARKNESS,90.0,g
7896312700409,lentilha ubon 500g,Ubon,500.0,g
7896314611406,Palmito picado Jurere,Jurere,300.0,g
7896315104563,Energético,Bad Wolf,473.0,mL
7896315104600,Energético Maça Verde Zero Açúcares,Bad Wolf,473.0,mL
7896315120457,iate Guaraná,,2000.0,mL
7896319800096,Biscoito Sankio Sembei,SANKIO,200.0,g
7896321000019,Frutas premium,Floresta,500.0,g
7896321004369,Frutas,,80.0,g
7896321020260,Bala  Mastigavel Macia de Morango,Florestal,12.3,g
7896321150820,Alho Triturado sem Sal,,200.0,g
7896321150868,Alho Frito Triturado,Super Alho,100.0,g
7896324231533,Sopa,,200.0,g
7896326100202,Água Mineral Minalice,Minalice,500.0,mL
7896326100219,Guaraviton roxo,Açaí,500.0,mL
7896326100226,Guaraviton Ginseng,Guaraviton,500.0,mL
7896327501060,achocolatado,,400.0,g
7896327501152,Maria Mole,Apti,50.0,g
7896327501251,Mistura P/ bolo Abacaxi,Apti,400.0,g
7896327501398,Mistura P/ bolo Festa,Apti,400.0,g
7896327501855,Aveia em flocos apti,Apti,200.0,g
7896327502210,Almidón de maiz,Apti,200.0,g
7896327511328,Mistura P/ bolo coco,APTI,400.0,g
7896327511335,Mistura P/ Bolo Baunilha,APTI,400.0,g
7896327511830,Noix de rapé,APTI,100.0,g
7896327511984,Bolo apti chocolate,Apti,400.0,g
7896327512509,Apti instant power,Apti,500.0,g
7896327514114,Gelatina de Morango,Apti,35.0,g
7896327514121,Pó para gelatina sabor uva,Apti,35.0,g
7896327514541,miojo,APTI,80.0,g
7896327515296,Aptiva Achocolatado,Apti,200.0,g
7896327516118,Gelatina de morango APTI,APTI,20.0,g
7896327516125,Gelatina de uva APTI,APTI,20.0,g
7896327516132,Gelatina de abacaxi APTI,APTI,20.0,g
7896327516149,Gelatina de limão APTI,APTI,20.0,g
7896327516163,Gelatina Apti framboesa,,20.0,g
7896327516187,Gelatina de maracujá APTI,APTI,20.0,g
7896327517702,Achocolatado Apti Power 1 kg,"Apti,APTI ALIMENTOS LTDA,Apti Alimentos Limitada",1000.0,g
7896328200122,Erva Mate Tradicional,Barão de Cotegipe,1000.0,g
7896328200412,Erva Mate Nativa,Barão de Cotegipe,1000.0,g
7896328210039,chá de capim cidreira,Barao,13.0,g
7896328210114,Chá Misto Sabor Morango,Barão de Cotegipe,13.0,g
7896328210176,chá carqueja,Barão,13.0,g
7896328261000,Erva Mate Orgânica (Bio),Barão de Cotegipe,1000.0,g
7896328280025,Erva Mate Cambona &quot;4&quot;,Cambona,1000.0,g
7896329800017,jacutiga,,1000.0,g
7896329800031,jacutiga,,1000.0,g
7896329800048,jacutiga,,1000.0,g
7896329800109,jacutiga,,1000.0,g
7896330501224,PIRATA Molho Inglês,PIRATA,150.0,mL
7896331100013,Doce de leite tradicional,Aviação,600.0,g
7896331100051,Manteiga com Sal,Aviação,200.0,g
7896331100143,Manteiga Extra Com Sal Aviação 200g,AVIACAO,200.0,g
7896331100310,Manteiga Aviação,"Aviação,Laticínios Gonçalves Salles",200.0,g
7896331100327,Manteiga Aviação,Aviação,500.0,g
7896331100372,Doce de Leite,Aviacao,400.0,g
7896331100839,requeijão,aviação,180.0,g
7896331100853,Cafe Aviacao Extra Forte,Aviacao,500.0,g
7896332007359,Feijão carreteiro,,1000.0,g
7896333023136,Batata Palha Tradicional,Tutti Giorni,140.0,g
7896333026960,Passata De Tomate,Mercatto,680.0,g
7896333039465,Granola Premium Tradicional,Mercatto,400.0,g
7896333200018,Bonomilho - Farinha de milho flocada - Cuzcuz,Roan Alimentos LTDA,500.0,g
7896333200117,Flocão de Milho Bonomilho,Roan,500.0,g
7896335632220,Pão de forma tradicional,Gold Boys,400.0,g
7896336000257,Paçoquita,Santa Helena,550.0,g
7896336000295,Amendoim Japonês,"Santa Helena,Mendorato",200.0,g
7896336001971,Doce de amendoim,Paçoquita,1170.0,g
7896336002534,Amendoim Levemente Salgado,Santa Helena,100.0,g
7896336002541,Amindus amendoim sem pele torrado,Santa Helena,100.0,g
7896336002732,Pack Doce De Amendoim Paçoquita Pacote 176g 8 Unidades,SANTA HELENA,176.0,g
7896336003708,Crokíssimo levemente salgado,"Santa Helena,Crokíssimo",150.0,g
7896336003715,Amendoim Crocante Salsa E Cebola Crokíssimo Pacote 150g,SANTA HELENA,150.0,g
7896336003739,Crokissimo Pimenta suave 150g,santa helena,150.0,g
7896336005542,Amendoim Torrado Salgado Sem Pele Amíndus Pacote 200g,SANTA HELENA,200.0,g
7896336005917,Paçoquita,Santa Helena,15.0,g
7896336006624,Paçoquita,"Santa Helena,Paçoquita",20.0,g
7896336006631,"Paçoquita 3,84 GR.",Santa Helena,1000.0,g
7896336006679,Helena Paçoquita Sweet Ground Peanut,Santa Helena,320.0,g
7896336006686,Paçoquita,"Paçoquita,Santa Helena",1000.0,g
7896336006778,Pacoca Rolha St Hel Pacoq 1KG,,1000.0,g
7896336006945,Paçoquita sabor Original,"Santa Elena,Paçoquita",150.0,g
7896336007294,Pasta de Amendoim Cremosa,Thiani,1000.0,g
7896336007812,Paçoquita Cremosa Santa Helena - 180G,Santa Helena,180.0,g
7896336007829,Paçoquita com Aveia Zero Açúcar,Santa Helena,18.0,g
7896336008062,Amendoim Japonês,Mendorato,1010.0,g
7896336009304,Crokissimo - Sabor Salsa e Cebola,Santa Helena,1010.0,g
7896336010072,Amendoim Crocante Salgado Crokíssimo Pacote 400g,CROKISSIMO,400.0,g
7896336011437,Salgadinho Troféu sabor Bacon,"Troféu,Santa Helena",40.0,g
7896336011482,Troféu Salgadinho de Trigo sabor Churrasco,"Troféu, Santa Helena Indústria de Alimentos",40.0,g
7896336011789,DOCE AMENDOIM CASEIRÄO 900G,,900.0,g
7896336011918,PAÇOQUITA LOVERS 120G,Santa Helena,120.0,g
7896336012199,Paçoquinha,Paçoquinha Lovers,360.0,g
7896336012250,Amendoim Salgado,Grelhaditos,24.0,g
7896336014209,Paçoquita Pamonha,Santa Helena,120.0,g
7896336015961,Sabor Chocolate,"Paçoquita,Santa Helena",200.0,mL
7896336016067,Paçoquita,Santa Helena,20.0,g
7896336809942,Red Draft,Pink Moon,600.0,mL
7896336809997,Red Draft,Pink Moon,2000.0,mL
7896338003713,Schwarzwälder Speck,Adler Schwarzwald,371.0,g
7896340820100,Flocão Serramil,Alimentos Serra Grande,500.0,g
7896341103349,Salgadinho de milho sabor presunto,Fofura,100.0,g
7896341103387,Salgadinho de milho sabor churrasco,Fofura,100.0,g
7896341131168,Batata Chips Lucky,Lucky,40.0,g
7896341131427,Batata palha,Lucky,500.0,g
7896344300028,Pao Italiano Famiglia 350gr Redondo,FAMIGLIA FRANCIULLI,350.0,g
7896344300042,Farinha Fam Franciulli Rosca 300gr,,300.0,g
7896344300172,Mini Pao Famiglia Franciulli 200gr,FAMIGLIA FRANCIULLI,200.0,g
7896346803794,Batata Frita Ondulada Sabor Cebola e Salsa,Strike,45.0,g
7896346803824,Batata Lisa Sabor Original,Strike,45.0,g
7896348300840,Cappuccino Solúvel Chocolate Com Avelã Melitta Lata 200g,MELITTA,200.0,g
7896348300857,Cappuccino Solúvel Chocolate Com Laranja Melitta Lata 200g,MELITTA,200.0,g
7896348300895,Instant Coffee,Melitta,40.0,g
7896348301069,melita espresso,,52.0,g
7896348301090,melita longo intenso,,52.0,g
7896348301106,melita descafeinado intenso,,250.0,g
7896348301441,Café Melitta Regiões brasileiras terra capixabas 250g,,250.0,g
7896348301489,melita,Melitta,150.0,g
7896348301496,Melita capuccino,,200.0,g
7896348841480,Leite UHT Integral,PIA,1000.0,mL
7896349600192,Água Mineral Natural Sem Gás Fonte Timbu,Timbu,10000.0,mL
7896353300033,Catupiry,catupiry,250.0,g
7896353300200,Pão De Queijo Congelado Tradicional Recheio Catupiry Original Caixa 390g,CATUPIRY,390.0,g
7896353300248,Requeijão Cremoso Light Catupiry Pote 250g,CATUPIRY,250.0,g
7896353300255,Pão de queijo recheado com catupiry tradicional,Catupiry,1000.0,g
7896353300453,Requeijão Cremoso Catupiry Original Pote 250g,CATUPIRY,250.0,g
7896353300552,Tradicional cheese bread,Catupiry,390.0,g
7896353300927,"Fondue De Queijo Emmental, Gruyère E Catupiry Original Apeti Caixa 400g",CATUPIRY,400.0,g
7896353300941,Cream Cheese Catupiry Pote 150g,CATUPIRY,150.0,g
7896353301177,Requeijão Cremoso Cheddar Catupiry Squeeze 250g,CATUPIRY,250.0,g
7896353301184,Requeijão Cremoso Tradicional,Catupiry,200.0,g
7896353301191,Requeijão Cremoso Light,Catupiry,200.0,g
7896353301566,Mini Coxinha Congelada Pré Frita Recheio Frango Com Catupiry Caixa 300g,CATUPIRY,300.0,g
7896353301573,Miniquibe Congelado Pré Frito Recheio Catupiry Original Caixa 300g,CATUPIRY,300.0,g
7896353301740,Pão De Queijo Congelado Coquetel Catupiry Pacote 380g,Catupiry,380.0,g
7896353301757,Chipa com Catupiry na massa,Catupiry,300.0,g
7896353302006,Pizza Artesanal Frango Com Catupiry Original Caixa 490g,CATUPIRY,490.0,g
7896353302013,Pizza Artesanal Pepperoni Com Catupiry Original Caixa 490g,CATUPIRY,490.0,g
7896353302037,Pizza Artesanal Calabresa Com Borda Recheada Catupiry Caixa 520g,CATUPIRY,520.0,g
7896353302112,"Fondue De Queijo Emmental, Gruyère E Catupiry Original Para Micro Ondas Apeti Pote 250g",CATUPIRY,250.0,g
7896353302181,Requeijão Cremoso Cebola Caramelizada Catupiry Copo 180g,CATUPIRY,180.0,g
7896353302204,Requeijão Cremoso Zero Lactose Catupiry,Catupiry,400.0,g
7896353302303,Manteiga Extra Com Sal Catupiry 200g,CATUPIRY,200.0,g
7896353302310,Manteiga De Primeira Qualidade Sem Sal Catupiry Lata 200g,CATUPIRY,200.0,g
7896353302327,Manteiga De Primeira Qualidade Sem Sal Catupiry Lata 200g,CATUPIRY,200.0,g
7896353302365,Queijo tipo grana lascas,Catupiry,150.0,g
7896353302457,Empanada Congelada Carne Com Catupiry Original Caixa 180g 2 Unidades,CATUPIRY,180.0,g
7896353302464,Empanada Congelada Calabresa Com Catupiry Original Caixa 180g 2 Unidades,CATUPIRY,180.0,g
7896353302532,Quiche Congelada Pré Assada Recheio Lorraine Com Catupiry Original Caixa 200g,CATUPIRY,200.0,g
7896353302549,Quiche Congelada Pré Assada Recheio Alho Poró Com Catupiry Original Caixa 200g,CATUPIRY,200.0,g
7896353302556,Tortinha Congelada Pré Assada Recheio Frango Com Catupiry Caixa 200g,CATUPIRY,200.0,g
7896353302570,Empanado de frango com requeijão,Catupiry,300.0,g
7896353302839,Queijo tipo camembert,Catupiry,125.0,g
7896353303027,Queijo Parmesão Ralado,Catupiry,50.0,g
7896354100113,Leite Integral,Marajoara,1000.0,mL
7896354100175,Achocolatado marajoara,Marajoara,1000.0,mL
7896354100205,Leite Longa Vida Zero Lactose Semidesnatado TAEQ,TAEQ,1000.0,mL
7896354100823,Chokinho,marajoara,200.0,mL
7896354100861,Leite Condensado,Marajoara,395.0,g
7896356281124,Pipoca Doce,Gasparzinho,90.0,g
7896356600161,Vinho Branco de Mesa Suave,Jurupinga,975.0,mL
7896356800011,Arroz Polido Tipo 1 Pilecco Nobre Pacote 5kg,PILECCO NOBRE,5000.0,g
7896356800028,Arroz Polido Tipo 1 Pilecco Nobre Pacote 2kg,PILECCO NOBRE,2000.0,g
7896356800035,Arroz Polido Tipo 1 Pilecco Nobre Pacote 1kg,PILECCO NOBRE,1000.0,g
7896356800356,Arroz Parboilizado Tipo 1 Integral Pilecco Nobre Pacote 1kg,PILECCO NOBRE,1000.0,g
7896356800394,Arroz Carnaroli Tipo 1 Pilecco Nobre Caixa 1kg 2 Unidades,PILECCO NOBRE,1000.0,g
7896356800400,Arroz Integral Com Quinoa Pilecco Nobre Grãos Superfood Caixa 1kg 2 Unidades,PILECCO NOBRE,1000.0,g
7896356800417,Arroz Integral Com Linhaça Pilecco Nobre Grãos Do Sul Caixa 1kg 2 Unidades,PILECCO NOBRE,1000.0,g
7896356800448,Farinha de arroz,Tio João,1000.0,g
7896362900019,Cafe export Almof,,250.0,g
7896362900026,Cafe export trad,,500.0,g
7896362900033,Cafe export Almof ext forte,,250.0,g
7896362900040,Cafe export Almof ext forte,,500.0,g
7896362900064,Cafe export vácuo,,500.0,g
7896362900088,Cafe export Almof,,250.0,g
7896362900194,Cafe export vácuo Premium,,500.0,g
7896362900231,Cappuccino export choco,,200.0,g
7896363800301,Arroz  branco,Giassi,1000.0,g
7896364401217,Massa de lasanha com ovos,Batiê,1000.0,g
7896367100186,Bombons trufados de chocolate ao leite,DeCacau Gramado,60.0,g
7896369618146,bolo festa,fruta sul,400.0,g
7896369640253,Açúcar Demerara,,1000.0,g
7896371000007,Cerveja Therezopolis Gold,,350.0,mL
7896371000021,Theresopolis Latão  473 ml,,473.0,mL
7896371000175,Therezopolis 355 ln gold,,2130.0,mL
7896371000205,Theresopolis Weissbier 500 ml,,500.0,mL
7896372400110,Pão de mel 300g,,300.0,g
7896372400165,Pão de mel chocolate ao leite,Bolamel,75.0,g
7896372410843,Pão de mel chocolate ao leite,Bolamel,38.0,g
7896372410867,Pão de mel artesanal 160g,,160.0,g
7896372410928,Pão de mel cobertura de chocolate ao leite,Bolamel,80.0,g
7896372410935,Pão de mel coberturas de chocolate ao leite,Bolamel,160.0,g
7896372411048,Pão de mel - Bolamel - Bolamel,,240.0,g
7896378100540,Ovo Caipira Gourmet Jumbo,Regina,680.0,g
7896380000586,Tempero Caseiro Ervas Finas,KI-FORTE,400.0,g
7896383000415,Pastilhas confeitadas sabor chocolate mini,Coloreti,500.0,g
7896383000811,Croc-choc,,16.0,g
7896383073921,Pastilhas confeitadas sabor chocolate,Coloreti,500.0,g
7896383700421,Ypióca,Cachaça,700.0,mL
7896383700797,Cachaca envelhecida,Ypioca,700.0,mL
7896384100220,arroz integral,mariano,1000.0,g
7896385800372,Água,Sarandi,1500.0,mL
7896385800617,Refrigerante de Guaraná,Sarandi,1500.0,mL
7896385800853,Guaraná Sarandi Zero,Sarandi,2000.0,mL
7896388010235,Cerveja Puro Malte,Tijuca,350.0,mL
7896388010303,Cerv Pilsen Cerpa Export Lt,,350.0,mL
7896389905066,Milho de pipoca premium,Xap,500.0,g
7896391502734,Soursop Pulp,,400.0,g
7896396001041,Minamel Açúcar Mascavo,Minamel,500.0,g
7896396001089,MINAMEL Mel Silvestre Pote pet,Nimanel,1000.0,g
7896396002970,Açúcar Mascavo,Taeq,500.0,g
7896401100042,Feijão carioca,Sabor Máximo,1000.0,g
7896401100097,Feijão Preto S. Máximo Tipo 1 1kg,MAXIMO,1000.0,g
7896401183519,Lasanha,URBANO,250.0,g
7896401600016,Leite UHT Integral,Ibituruna,1000.0,mL
7896404901738,Arroz integral orgânico Taeq,Taeq,1000.0,g
7896408439725,Coco,Casaredo,650.0,g
7896408440325,Maizena,Casaredo,400.0,g
7896408440332,Cream cracker Mateiga casaredo,,400.0,g
7896408440356,Leite,Casaredo,400.0,g
7896408440561,Biscoito doce Chocolate,Casaredo,300.0,g
7896408440578,Coco,Casaredo,300.0,g
7896408440592,Leite,Casaredo,300.0,g
7896408443999,Biscoito doce cappuccino casaredo 280g,,280.0,g
7896408444248,Macarrão espaguete integral,"Casaredo,Nutrisul",500.0,g
7896408445245,Yupi limão,Casaredo,80.0,g
7896411800208,Cobertura sabor artificial chocolate,Selecta,300.0,g
7896411800215,Cobertura caramelo,Selecta,300.0,g
7896411856755,selecta namur 100%,mix,500.0,g
7896411856762,selecta namur 70%,mix,500.0,g
7896411860516,Selecta Cobertura Supreme Branca em Gotas,Selecta,1000.0,g
7896412800092,Macarrão De Sêmola Com Ovos Espaguete Orquídea Pacote 500g,ORQUIDEA,500.0,g
7896412800108,Macarrão De Sêmola Com Ovos Parafuso Orquídea Pacote 500g,ORQUIDEA,500.0,g
7896412800122,Macarrão De Sêmola Com Ovos Penne Orquídea Pacote 500g,ORQUIDEA,500.0,g
7896412800634,Espaguete de sêmola,Orquídea,500.0,g
7896412800641,Massa de sêmola tipo parafuso,Orquídea,500.0,g
7896412800658,Massa de sêmola tipo Penne,,500.0,g
7896412800795,Massa de sêmola tortiglione,Orquídea,500.0,g
7896412800863,Massa Alimentícia com Ovos,Flor de lis,500.0,g
7896412801365,Mistura para Bolo Cremoso de Chocolate,Orquídea,400.0,g
7896412801624,Biscoito de Água e Sal,Orquídea,400.0,g
7896412803031,ORQUÍDEA Farinha Panko,ORQUÍDEA,400.0,g
7896412851216,Farinha De Trigo Tradicional,Veneranda,1000.0,g
7896412851780,waken morango,Orquidea,100.0,g
7896415400176,Arroz,Stalo,5000.0,g
7896417201337,Farinha de Trigo Vilma Tradicional,,1000.0,g
7896417205007,MAC INST LAMEN GALINHA VILMA,VILMA,80.0,g
7896417205014,MAC INST CARNE VILMA,VILMA,80.0,g
7896417205151,MAC INST LAMEN GALINHA CAIP VILMA,VILMA,80.0,g
7896417205182,MAC INST LAMEM PICANHA VILMA,VILMA,80.0,g
7896417225159,"Mistura para bolo sabor chocolate, sem adição de açucar",Vilma,36.0,g
7896417294155,cream cracker,Vilma,150.0,g
7896417294360,Cookies Vilma,VILMA,60.0,g
7896417294384,Wafer Vilma Morango,Vilma,115.0,g
7896417294537,Biscoito Vilma Água e Sal 170g,Vilma,170.0,g
7896417294612,Biscoito Recheado Vilma Limão 84g,Vilma,84.0,g
7896417294636,Vilma Moon,Vilma,85.0,g
7896419438014,Farinha de Trigo Integral,Anaconda,1000.0,g
7896419500216,Café torrado molido,Segafredo,250.0,g
7896419701576,Granos de choclo Lar,Milho,300.0,g
7896419713852,Steak Empanado,Lar,100.0,g
7896419714071,Empanitos,Lar,1500.0,g
7896419719199,Frozen Chicken Breast Boneless Skinless Without Fillet,Lar,2000.0,g
7896422000710,Farofa crocante,,320.0,g
7896422001151,Salgadinho de trigo sabor bacon,,50.0,g
7896423401066,Crispy,M&M's,35.0,g
7896423405491,Bombom Triplo Chocolate Twix Pacote 40g,TWIX,40.0,g
7896423406078,Confeito De Chocolate Ao Leite M Ms Para Nós Pacote 80g,M&MS,80.0,g
7896423406108,Confeito De Chocolate Ao Leite Com Amendoim M Ms Para Nós Pacote 80g,M&MS,80.0,g
7896423414783,Snickers extra nuts &caramel,Snickers,42.0,g
7896423420159,Chocolate Snickers Pacote 45g,SNICKERS,45.0,g
7896423420180,Snickers,Snickers,45.0,g
7896423420326,Chocolate Snickers Pacote 78g 2 Unidades,SNICKERS,78.0,g
7896423420456,Confeito De Chocolate Ao Leite M Ms Pacote 52g,M & MS,52.0,g
7896423421255,Confeito De Chocolate Ao Leite Com Amendoim M Ms Pacote 49g,M&M S,49.0,g
7896423423822,Snickers,Snickers,45.0,g
7896423423914,M&m sabor pipoca,Mmsbrasil,120.0,g
7896423438765,m&m’s pacote,,132.0,g
7896423447170,M&M's,M&M's,148.0,g
7896423451191,Bombom Twix Pacote 80g 4 Unidades,TWIX,80.0,g
7896423451535,Chocolate Caramelo Bacon Snickers Pacote 42g,SNICKERS,42.0,g
7896423456561,Chocolate Mousse De Maracujá Snickers Pacote 42g,SNICKERS,42.0,g
7896423459012,Chocolate Mousse De Limão Snickers Pacote 42g,SNICKERS,42.0,g
7896423465655,Chocolate Coco Snickers Pacote 42g,SNICKERS,42.0,g
7896423469820,M&M's Amendoim 45g,M&MS,45.0,g
7896423470703,Confeito de Chocolate ao Leite M&M's Pacote 40g,,45.0,g
7896423470994,Bombom Twix Pacote 40g,TWIX,40.0,g
7896423471069,Confeites de Chocolate,m&m,1000.0,g
7896423471656,Bombom Triplo Chocolate Twix Pacote 80g 4 Unidades,TWIX,80.0,g
7896423475319,Confeito De Chocolate Ao Leite M Ms Para Galera Sachê 148g,PARA,148.0,g
7896423480894,Bala de Frutas SKITTLES 38g - Sabor Wild Berry,,38.0,g
7896423481037,Bala Original Skittles Pacote 95g,SKITTLES,95.0,g
7896423481853,Chocolate Dark Snickers Pacote 42g,SNICKERS,42.0,g
7896423481884,TWIX DARK 40G EFFEM,DARK,40.0,g
7896423497984,SNICKERS PÉ DE MOLEQUE,"Snickers,Masterfoods,Masterfoods Brasil Alimentos Ltda,Masterfoods Brasil Alimentos Limitada",42.0,g
7896423704846,LEVIT Parafuso Integral Levit,Levit,500.0,g
7896424900193,Coalhada Integral Taeq,Taeq,160.0,g
7896425001318,Queijo Mozzarella Light,"YEMA,Bocconcino",310.0,g
7896425001325,Qj Mussarela Yema Cereja Leite Light 155g,CEREJA,155.0,g
7896427701414,Leite Italac desnatado,,1000.0,mL
7896427702145,Leite Longa Vida Semidesnatado QUALITÁ,Qualitá,1000.0,mL
7896433800378,ITAMARATI,,1000.0,g
7896434920716,Toddynho ChocoTri Triângulo,,200.0,mL
7896434920778,Leite Condensado,Triângulo Mineiro,395.0,g
7896436100666,Água mineral natural,"Água da pedra, Fruki",500.0,mL
7896436101700,Suco de Uva,,1000.0,mL
7896436102769,Refrigerante de Guaraná com Bergamota,Fruki,350.0,mL
7896436103124,Fruki Berga Zero Açúcares,Fruki,350.0,mL
7896438130074,Festtone de Páscoa Chocolate,Festtone,400.0,g
7896438150201,Panettone com frutas cristalizadas e uvas passas,Festtone,400.0,g
7896438150300,Panettone com gotas sabor chocolate ao leite,Festtone,400.0,g
7896445490550,Água com gás 350ml,,500.0,g
7896451194541,agua,cristalina,500.0,mL
7896451902580,Bala de Goma Colorida e Aromatizada Artificialmente,Docile,18.0,g
7896451910219,MaxMallows,Docile,250.0,g
7896451912534,Cintas Ácido/ Sour,Docile,70.0,g
7896451912541,Cintas Ácido/ Sour,Docile,70.0,g
7896451918079,Canudinho Dino Big,Docile,26.0,g
7896461300048,Pipoca torrada doce,Cegonha,150.0,g
7896461300451,Salgadinho de trigo sabor churrasco,Cegonha,200.0,g
7896462200101,Goiabada Cascão,,700.0,g
7896462300115,Dolly guaraná,Dolly,2000.0,mL
7896462300122,Dolly Laranja,Dolly,2000.0,mL
7896462300139,Dolly limão,Dolly,2000.0,mL
7896462300153,Dolly,Dolly cola,2000.0,mL
7896462300238,Dolinho guaraná,Dolly Guaraná,350.0,mL
7896462300245,Dolinho cola,Dolly cola,350.0,mL
7896462300405,Dolly Guaraná,Dolly Guaraná,2000.0,mL
7896462300412,Dolly laranja,Dolly laranja,2000.0,mL
7896462300542,Dolly Guaraná,Dolly guaraná,350.0,mL
7896462300658,Dolly cola,Dolly cola,2000.0,mL
7896468700087,Água Mineral Natural,Fonte da Ilha,1500.0,mL
7896473401030,Pulpe de fruit,,1000.0,g
7896473401115,Pulpe de fruits goyave,Kikiwi Canta,1000.0,g
7896478800012,Mate Couro,,2000.0,mL
7896478800098,Mate Couro,Mate Couro,350.0,mL
7896481033469,Salgadinho de milho assado sabor bacon,fabitos,80.0,g
7896481033476,Salgadinho de milho assado sabor presunto,fabitos,80.0,g
7896481055515,vovozinha doce,Fabitos,60.0,g
7896481055522,Sweet Popcorn,fhabitos,150.0,g
7896481055676,Pipoca salgada vovozinha,,50.0,g
7896481056079,Queijo,Fabitos,50.0,g
7896481056093,fabitos,fabitos,50.0,g
7896481056123,Churrasco,fabitos,50.0,g
7896481056161,Batata frita ondulada sabor original,Fabits,40.0,g
7896481056185,fabit's cebola e salsa ondulada,,40.0,g
7896481056772,biscoito de polvilho,fabitos,50.0,g
7896481057250,Pipoca salgada vovozinha,,100.0,g
7896481057410,fabit's lisa natural,,35.0,g
7896481057427,fabit's C/E Salsa,,35.0,g
7896481130175,Super Flocão,Coringa,500.0,g
7896481130229,cuscuz coringa,,500.0,g
7896481130441,Mistura para preparo de canjiquinha,Coringa,200.0,g
7896482100016,Feijão Carioca Carunchão 1 kg,Carunchão,1000.0,g
7896484411509,leite integral,Selita,1000.0,mL
7896487000229,Queijo tipo cottage,Boa nata,250.0,g
7896490288775,7896490288775,dona clara,500.0,g
7896490288805,Amido milh kimimo,,500.0,g
7896490288867,Pipoca dona Clara,,500.0,g
7896490290600,Refresco Em Pó Caju Frisco Pacote 25g,FRISCO,25.0,g
7896490290617,Refresco Em Pó Goiaba Frisco Pacote 25g,FRISCO,25.0,g
7896490290631,Refresco Em Pó Guaraná Frisco Pacote 25g,FRISCO,25.0,g
7896490290648,Refresco Em Pó Laranja Frisco Pacote 25g,FRISCO,25.0,g
7896490290662,Refresco Em Pó Limão Frisco Pacote 25g,FRISCO,25.0,g
7896490290693,Refresco Em Pó Morango Frisco Pacote 25g,FRISCO,25.0,g
7896490290723,Refresco Em Pó Tangerina Frisco Pacote 25g,FRISCO,25.0,g
7896490290730,Refresco Em Pó Uva Frisco Pacote 25g,FRISCO,25.0,g
7896491780315,Doce de Caju,DuCeara,400.0,g
7896493140223,Arroz Rei do Sul Longo Fino Tipo 1,,5000.0,g
7896496910526,Milho para Pipoca Orgânico 350g - Mãe Terra,Mãe Terra,350.0,g
7896496911561,Quinoa Em Flocos Integral Orgânica Mãe Terra Caixa 150g,MAE TERRA,150.0,g
7896496912520,Quinoa Em Grãos Integral Orgânica Mãe Terra Caixa 250g,MAE TERRA,250.0,g
7896496917006,Biscoito Vegano Integral Orgânico Azeite Ervas Mãe Terra Tribos Pacote 50g,MAE TERRA,50.0,g
7896496917204,Biscoito Vegano Integral Orgânico Azeite Ervas Mãe Terra Tribos Pacote 25g,MAE TERRA,25.0,g
7896496917501,Biscoito Cracker Integral Orgânico Multigrãos Mãe Terra Pacote 130g,MAE TERRA,130.0,g
7896496917525,Biscoito Cracker Com Gergelim Integral Orgânico Mãe Terra Pacote 130g,MAE TERRA,130.0,g
7896496917655,Pipoca Pronta Doce Orgânica Caramelo Com Coco Mãe Terra Pacote 40g,MAE TERRA,40.0,g
7896496917662,Pipoca doce cacau 45g mãe terra,MAE TERRA,45.0,g
7896496917679,Maçã Desidratada Crocante Mãe Terra Pacote 32g,MAE TERRA,32.0,g
7896496917709,Biscoito Vegano Integral Orgânico Cacau Mãe Terra Tribos Pacote 130g,MAE TERRA,130.0,g
7896496917716,Biscoito Vegano Integral Orgânico Coco Mãe Terra Tribos Pacote 130g,MAE TERRA,130.0,g
7896496917723,Biscoito Vegano Integral Orgânico Aveia Granola Mãe Terra Tribos Pacote 130g,MAE TERRA,130.0,g
7896496917846,Biscoito Com Mix De Grãos Vegano Integral Orgânico Cacau Mãe Terra Zooreta Pacote 110g,MAE TERRA,110.0,g
7896496917853,Biscoito Com Mix De Grãos Vegano Integral Orgânico Morango Mãe Terra Zooreta Pacote 110g,MAE TERRA,110.0,g
7896496919000,Tapioca Orgânica Bela Gil,Mãe Terra,500.0,g
7896496920457,Farelo de Aveia Integral 170g - Mãe Terra,Mãe Terra,170.0,g
7896496920624,Farinha De Arroz Integral Orgânica Mãe Terra Pacote 200g,MAE TERRA,200.0,g
7896496920747,Farinha de Trigo Integral Mãe Terra,Mãe Terra,400.0,g
7896496921126,Farinha de trigo integral Mãe Terra 500g,Mãe terra,1000.0,g
7896496921133,Fubá Orgânico Integral,Mãe Terra,500.0,g
7896496921157,Farinha Mandioca Orgânica Torrada 500g - Mãe Terra,,500.0,g
7896496921164,Polvilho Azedo Orgânico - Mãe Terra,Mãe Terra,500.0,g
7896496921171,Farinha de Coco Orgânica,Mãe Terra,200.0,g
7896496930227,Flocos de Aveia Integral - Mãe Terra,,200.0,g
7896496940325,Cacau em pó,Mãe terra,100.0,g
7896496940516,Mãe Terra Guaraná em Pó,"Mãe Terra,Mãe Terra Produtos Naturais",100.0,g
7896496940950,Proteína de Soja Texturizada Granulada,mãe terra,250.0,g
7896496941322,Sal Maríssimo 500g - Mãe Terra,,500.0,g
7896496941445,Linhaça Dourada Integral Mãe Terra Caixa 200g,MAE TERRA,200.0,g
7896496941537,Farinha De Linhaça Dourada Integral Mãe Terra Caixa 150g,MAE TERRA,150.0,g
7896496941544,Farinha De Linhaça Marrom Integral Mãe Terra Pacote 150g,MAE TERRA,150.0,g
7896496941551,Linhaça Marrom Integral Mãe Terra Pacote 200g,MAE TERRA,200.0,g
7896496941919,Açúcar Mascavo Orgânico 400g - Mãe Terra,Mãe Terra,400.0,g
7896496971831,Trato Mix Completo,Trato mix,200.0,g
7896496971848,Mix De Cereais Integral Mãe Terra Trato Trio Caixa 200g,MAE TERRA,200.0,g
7896496971862,Mistura De Farinhas Integrais Mãe Terra Trato Fit Caixa 200g,MAE TERRA,200.0,g
7896496972104,Granola Frutas e Mel Sem Adição de Açúcar,Mãe Terra,300.0,g
7896496972203,Granola Banana E Cacau Mãe Terra Pacote 250g,MAE TERRA,200.0,g
7896496972326,zooreta pizza,mãe terra,45.0,g
7896496972333,Salgadinho De Milho E Arroz Integral Orgânico Milho Mãe Terra Zooreta Pacote 45g,MAE TERRA,45.0,g
7896496972340,zooreta cebola,mãe terra,45.0,g
7896496972555,Mix De Frutas E Sementes Açaí Mãe Terra Remix Pacote 25g,MAE TERRA,25.0,g
7896496972609,Mix De Frutas E Sementes Cacau Mãe Terra Remix Pacote 25g,MAE TERRA,25.0,g
7896496972623,Mix De Sementes Mãe Terra Remix Pacote 25g,MAE TERRA,25.0,g
7896496980833,Biscoito Vegano Integral Orgânico 4 Castanhas Brasileiras Mãe Terra Mini Cookies Pacote 120g,MAE TERRA,120.0,g
7896496980857,COOKIES ORGÂNICO CAST/CACAU 120G MÃETERRA,mãe terra,120.0,g
7896496980888,Biscoito Vegano Integral Orgânico Banana Cacau Mãe Terra Mini Cookies Pacote 120g,MAE TERRA,120.0,g
7896496980994,Biscoito Vegano Integral Orgânico Coco Castanhas Mãe Terra Mini Cookies Pacote 120g,MAE TERRA,120.0,g
7896496981007,Biscoito Vegano Integral Orgânico Cacau Coco Light Mãe Terra Mini Cookies Pacote 120g,MAE TERRA,120.0,g
7896496981113,Biscoito Vegano Integral Orgânico Cacau Castanhas Mãe Terra Mini Cookies Pacote 25g,MAE TERRA,25.0,g
7896496982004,Mini cookies integrais 4 castanhas brasileiras,"Mãe terra,Gol",16.0,g
7896496995219,Cacao Granola,mãe terra,800.0,g
7896496995226,Granola Cacau Mãe Terra Pacote 250g,MAE TERRA,250.0,g
7896497200442,Dona jura 500g,Dona jura de co ra,500.0,g
7896497200824,Choco forte,Cacaufood,400.0,g
7896497201081,Chocolate en polvo instantáneo,Choco forte,200.0,g
7896497201180,Granulado colorido macio,Dona jura de co ra,500.0,g
7896498000409,Polenta Palito,Momil,400.0,g
7896499901965,Lobits Requeijão,Lobits,70.0,g
7896499902870,TIRA TEIMA JUNIOR CEB E SALSA 38G LOBITS,,38.0,g
7896504301018,Queijo Mussarela Fatiado,"Santa Clara,Cooperativa Santa Clara",150.0,g
7896504301179,Doce de leite,Santa Clara,400.0,g
7896504301308,Choco clara,,200.0,mL
7896504305078,Leite Integral,Santa Clara,1000.0,mL
7896504305498,Manteiga Extra Sem Sal,"Santa Clara,Cooperativa Santa Clara",200.0,g
7896504306105,Queijo Ralado,"Santa Clara,CoopSantaClara,Cooperativa Santa Clara",40.0,g
7896508200034,Açúcar refinado,Alto alegre,1000.0,g
7896508200119,Açúcar Demerara,Alto Alegre,1000.0,g
7896510100070,Doce de leite - Maranguape,"Maranguape Laticínios,Maranguape",320.0,g
7896513912618,Pack Picolé Limão Kascão Fruthos Caixa 232g 4 Unidades,FRUTHOS,232.0,g
7896513912632,Pack Picolé Skimo Cobertura Chocolate Meio Amargo Kascão Caixa 240g 4 Unidades,AMARGO,240.0,g
7896513912656,Pack Picolé Chocolate Kascão Milkas Caixa 220g 4 Unidades,MILKA,220.0,g
7896513915107,"Sorvete Coco Kascão Clássicos Pote 1,5l",COCO,1500.0,mL
7896513915121,"Sorvete Crocante Kascão Sobremesa Pote 1,5l",CROCANTE,1500.0,mL
7896513915145,"Sorvete Milho Verde Kascão Sobremesa Pote 1,5l",KASCAO,1500.0,mL
7896513915169,"Sorvete Morango Kascão Sobremesa Pote 1,5l",KASCAO,1500.0,mL
7896513915190,"Sorvete Banana Caramelizada Kascão Sobremesa Pote 1,5l",KASCAO,1500.0,mL
7896513915343,"Sorvete Abacaxi Kascão Clássicos Pote 1,5l",KASCAO,1500.0,mL
7896519210015,Polpa De Fruta Morango De Marchi Pacote 100g,DEMARCHI,100.0,g
7896519210046,Polpa De Fruta Manga De Marchi Pacote 100g,DEMARCHI,100.0,g
7896519210206,Polpa De Fruta Acerola De Marchi Pacote 100g,DEMARCHI,100.0,g
7896519210602,Polpa De Fruta Maracujá De Marchi Pacote 100g,DEMARCHI,100.0,g
7896519211036,Polpa De Fruta Abacaxi De Marchi Pacote 100g,De Marchi,100.0,g
7896519211104,Polpa De Fruta Caju De Marchi Pacote 100g,DEMARCHI,100.0,g
7896519211708,Polpa De Fruta Coco De Marchi Pacote 100g,DEMARCHI,100.0,g
7896519212200,Polpa De Fruta Uva De Marchi Pacote 100g,DEMARCHI,100.0,g
7896519212613,Polpa de Açaí DeMarchi,,100.0,g
7896519216307,Polpa De Fruta Mista Abacaxi E Hortelã De Marchi Pacote 100g,DEMARCHI,100.0,g
7896519216505,Polpa De Frutas Vermelhas De Marchi Pacote 100g,DEMARCHI,100.0,g
7896519298051,Açai,,500.0,g
7896519298099,Açaí Com Guaraná De Marchi Sport Pote 910g,DE MARCHI,910.0,g
7896519298198,Açaí Com Guaraná E Morango De Marchi Sport Pote 910g,DE MARCHI,910.0,g
7896519298297,Açaí Com Guaraná E Banana De Marchi Sport Pote 910g,DE MARCHI,910.0,g
7896519298358,Açaí Sport DeMarchi Açaí+Guaraná,,500.0,g
7896519299195,Açaí com guaraná,"Búfalo, De Marchi",1000.0,mL
7896523100784,Bala de coco,Junco,400.0,g
7896523158365,Beijinho Junco,,1010.0,g
7896530722009,Ovo de páscoa sabor chocolate ao leite,dumdum,50.0,g
7896532700968,Whole Wheat Pasta,"Petyan, Petyan Indústria de Alimentos Ltda",500.0,g
7896533700608,Mist bolo emege cenoura,,400.0,g
7896533795369,Far Trigo Emege,,1000.0,g
7896534400064,Farinha De Trigo Tipo 1 Original Globo Pacote 1kg,GLOBO,1000.0,g
7896534400200,VENTURELLI Farinha de Trigo Venturelli,Venturelli,1000.0,g
7896534403102,FAMIGLIA VENTURELLI Farinha De Trigo Integral Famiglia Venturelli,Famiglia Venturelli,1000.0,g
7896534404710,GLOBO Fermento em Pó Químico,GLOBO,100.0,g
7896534621957,Ovo extra branco,Avimor,1160.0,g
7896545500012,Fermento Biológico Fresco,Itaiquara,200.0,g
7896545504515,ITAIQUARA Fermento Biológico Seco Instantâneo,ITAIQUARA,125.0,g
7896545800242,Dulce de Leche,,650.0,g
7896546100051,White Rice,Seu Arroz,1000.0,g
7896546110012,Arroz Parboilizado,Rampinelli,1000.0,g
7896549208808,superfrut morango e baunilha,superfrut,300.0,g
7896549303022,Açaí,Diêlo Açaí,170.0,g
7896550594433,Amêndoa s/Casca Vila Oliva,,150.0,g
7896550594525,Damasco Seco Vila Oliva,,250.0,g
7896550594532,Frutas Cristalizadas Vila Oliva,,250.0,g
7896550594556,Castanha do Pará s/ Casca Vila Oliva,,150.0,g
7896550594563,Nozes sem casca Vila Oliva,,150.0,g
7896550594594,Uva Passa Preta s/Semente Vila Oliva,,250.0,g
7896552900416,Coco Ralado Fino - QUALICOCO,QUALICOCO,100.0,g
7896552901062,Coco ralado Adoçado,Qualicoco,100.0,g
7896552901390,QUALICAU Chocolate em Pó 50%,QUALICAU,200.0,g
7896552906050,QUALICOCO Óleo de Coco Virgem,QUALICOCO,500.0,mL
7896552906142,Açúcar de coco,Qualicoco,100.0,g
7896552906258,QUALICOCO Cacau em Pó 100% Cacau,QUALICOCO,200.0,g
7896552906692,Manteiga de Coco Com Sal Qualicoco Sabor Manteiga,QualiCôco,200.0,g
7896552906708,Manteiga de coco sabor manteiga sem sal 200g,Qualicoco,200.0,g
7896552906869,Coco ralado desidratado e adoçado,,100.0,g
7896552907446,Chocolate em pó,Quali ai,200.0,g
7896552907743,QUALICAU Achocolatado em Pó Zerou!,QUALICAU,400.0,g
7896557200023,Sabor Requeijão,Cremille,1500.0,g
7896557200030,Produto Cremoso Requeijão Vale Do Pardo Cremille Copo 200g,VALE DO PARDO,200.0,g
7896557200320,Requeijão Cremoso Com Amido Light Vale Do Pardo Cremille Copo 200g,VALE DO PARDO,200.0,g
7896563400349,Chocolate Em Pó - 50% Cacau Sicao 300g,Sicao,300.0,g
7896564402014,Sequilhos tradicional,Biscoitos Paulista,200.0,g
7896564403028,Arroz Caramelizado,Biscoitos Paulista,200.0,g
7896565005214,Assado Bola Queijo Suíço,Gulão,120.0,g
7896565007690,Tortilla Chips Queijo Nacho,Gulão,100.0,g
7896569400848,Creme de leite,Lider,200.0,g
7896569405003,Leite UHT integral,Lider,1000.0,mL
7896569405027,Leite UHT Desnatado,Lider,1000.0,mL
7896569405515,Leite integral,Lider,1000.0,mL
7896569406246,ACHO.PO GOLD DIET,,180.0,g
7896569406727,Mussarela fatiada,Lider,400.0,g
7896570200062,leite mega milk integral,Mega Milk,1000.0,mL
7896572400095,Canela da China em Pó,Strafit,28.0,g
7896573360282,MRS TASTE Molho de Alho e Cebola para Saladas,MRS TASTE,350.0,g
7896573360343,Ketchup,"Mrs Taste,smartfoods",350.0,g
7896573360350,Mostarda,"Mrs Taste,Hiper Massas ltda,Smartdiet Argentina S.A.S",350.0,g
7896573360367,Chocolate,Mrs Taste,335.0,g
7896573360626,Mapple Free,"Mrs Taste,Mrs Taste Green,smartfoods",280.0,g
7896573360640,MRS TASTE Molho Ranch,MRS TASTE,350.0,g
7896577203264,Doce cremoso sabor morango,Da Serra,400.0,g
7896577203295,Doce cremoso sabor banana,Da Serra,400.0,g
7896579420058,Mineirinho,,350.0,mL
7896579901939,Azeitona fatiada em conserva,Uniagro,100.0,g
7896579950241,Vinagre Balsâmico Orgânico Uniagro 500ml,,500.0,mL
7896581304599,Hambúrguer de Frango PifPaf,,56.0,g
7896581353658,Linguiça tipo Calabresa Fina,Pifpaf,240.0,g
7896581355560,Dadinho de Tapioca Com Queijo de Coalho,,300.0,g
7896583400060,mantega de primeira qualidade,Paracatu,500.0,g
7896583800167,Cafe forte vácuo,,500.0,g
7896583803045,Cafe forte Almof,,500.0,g
7896583803052,Cafe forte Almof,,250.0,g
7896584300031,Arroz,Saboroso l,5000.0,g
7896584300055,Arroz Saboroso,,2000.0,g
7896584300079,Feijão Carioca,,1000.0,g
7896584300208,Arroz parboilizado tipo 1,Fantástico,5000.0,g
7896584300345,Arroz integral,Saboroso,1000.0,g
7896584300444,Feijão Tipo I,Saboroso,1000.0,g
7896584300536,Feijão fantástico,,1000.0,g
7896584300888,Feijão comum Tipo I,PegJá,1000.0,g
7896588938162,Equilibrio caes snack light racas pequenas,Equilibrio,80.0,g
7896588959945,"Al. Gatos Naturalis 7,5kg Cast. Salm F",,7500.0,g
7896588962990,"Al. Gatos Max 10,1kg AD. Cast. SLM",,10100.0,g
7896588963690,Equilíbrio RM light,,2500.0,g
7896588963843,"Al. Cães Equilíbrio 7,5kg SR. PQ. FGO",,7500.0,g
7896588963911,Al. Cães Equilibri 12kg Golden AD FGO,,12000.0,g
7896588963966,Equilíbrio RM,,15000.0,g
7896588964130,Max RP,,1000.0,g
7896588964345,"Al. Max Fil. R.Peq. 10,1kg Carne e Arroz",,10100.0,g
7896588964352,"Al.Caes Max 10,1KG AD. PQ CNe/Arz",,10100.0,g
7896588964376,Al. Cães Max 15kg Fil. MD.GD CNE/ARZ,,15000.0,g
7896589400927,Achocolatado em pó,Stevita,500.0,g
7896589401856,Dolce Vita Açúcar Light Stevita 500g,Dolce Vita,500.0,g
7896589513405,Bisteca Suína Congelada Fatiada 700G,,700.0,g
7896590801232,leite longa Vida cemil,cemil,1000.0,mL
7896590802123,choco mil,Cemil,200.0,mL
7896590806305,Leite UHT Integral,Habitus,1000.0,mL
7896590817035,Leite condensado,Cemil,395.0,g
7896591000405,Fwrt. Dimy 10.10.10 1kg,,1000.0,g
7896593402139,Farinha De Trigo Mirella Organica Tp1 1kg,MIRELLA,1000.0,g
7896593402894,Farinha De Trigo Integral Orgânica Mirella Pacote 1kg,MIRELLA,1000.0,g
7896593402900,Farinha De Trigo Tipo 1 Orgânica Mirella Pacote 1kg,MIRELLA,1000.0,g
7896593403488,Biscoito Cream Cracker Trigolino 345g,,345.0,g
7896594900054,"Sorbet Açaí E Cupuaçu Frooty Pote 1,5l",FROOTY,1500.0,mL
7896594971207,Sorbet Açaí Frooty Pote 2l,FROOTY,2000.0,mL
7896594971214,Sorbet Açaí E Banana Frooty Pote 2l,FROOTY,2000.0,mL
7896594971283,Sorbet Com Granola Açaí Frooty Pote 200ml,FROOTY,175.0,g
7896594971962,Sorbet Açaí Frooty Pote 700ml,FROOTY,700.0,mL
7896594971979,Sorbet Açaí E Banana Frooty Pote 700ml,FROOTY,700.0,mL
7896594972006,Sorbet Açaí Frooty Zero Pote 650g,FROOTY,650.0,g
7896594972310,"Sorbet Açaí Frooty Pote 1,5l",FROOTY,1500.0,mL
7896594972327,"Sorbet Original Split Açaí Pote 1,5l",ORIGINAL,1500.0,mL
7896594972655,Sorbet Original Split Açaí Pote 900ml,ORIGINAL,900.0,mL
7896594972662,"Sorbet Banana Split Açaí Pote 1,5l",SPLIT,1500.0,mL
7896594973027,Sorbet Açaí E Coco Frooty Twist Pote 700ml,FROOTY,700.0,mL
7896594973034,Sorbet Açaí E Pasta De Amendoim Frooty Twist Pote 700ml,AMENDOIM,700.0,mL
7896597100246,chocolate granulado,tropicana,70.0,g
7896602900168,ervilha,Pachá,500.0,g
7896602900472,Pachazitos,Pachazitos,500.0,g
7896602902421,Cuscuz de milho,Pachá,500.0,g
7896603700026,Aveia em flocos finos,Cérelus,200.0,g
7896610902291,Burger 100% vegetal,Excelsior,220.0,g
7896610902567,Patê de Frango,Excelsior,250.0,g
7896610906121,Patê suíno bacon,Excelsior,100.0,g
7896610944000,Escondidinho de Carne Congelado,excelsior,600.0,g
7896615703169,Doce de Leite Zero Cremoso Flormel,Flormel,210.0,g
7896616900154,Farinha de Mandioca,Campo Bom,500.0,g
7896618300082,Classic Mogiana,Café Cooparaiso,500.0,g
7896620900805,Vinho de Mesa Tinto Suave Quinta do Carvalho,Quinta do Carvalho,1000.0,mL
7896623100011,Leite Pasteurizado Tipo A Integral Xandô Garrafa 1l,XANDO,1000.0,mL
7896623100028,Suco Integral Laranja Xandô Refrigerado Garrafa,Xandô,1500.0,mL
7896623100042,Suco Integral Laranja Xandô Garrafa 300ml,XANDO,300.0,mL
7896623100196,Leite Pasteurizado Tipo A Semidesnatado,XANDO,1000.0,mL
7896623100202,Leite Pasteurizado Tipo A Desnatado Xandô Garrafa 1l,XANDO,1000.0,mL
7896623100318,Leite Pasteurizado Tipo A Semidesnatado Zero Lactose Xandô Garrafa 1l,Xandô,1000.0,mL
7896623100462,Suco Uva Xandô Garrafa 900ml,XANDO,900.0,mL
7896623100479,Suco Uva Xandô Garrafa 300ml,XANDO,300.0,mL
7896623100509,Suco Integral Laranja Xandô Garrafa 900ml,XANDO,900.0,mL
7896623100554,Creme De Leite Pasteurizado Xandô Frasco 300g,,300.0,g
7896623100615,"Suco Laranja, Abacaxi, Cenoura E Gengibre Xandô Garrafa 900ml",GARRA,900.0,mL
7896623100660,Suco Limonada Siciliana Xandô Garrafa 300ml,XANDO,300.0,mL
7896623100707,Suco Integral Tangerina Xandô Garrafa 900ml,INTEGRAL,900.0,mL
7896623100714,"Suco Integral Laranja Xandô Garrafa 1,5l",INTEGRAL,1500.0,mL
7896623100738,"Suco Uva Xandô Garrafa 1,5l",GARRA,1500.0,mL
7896623100769,Leite Pasteurizado Tipo A A2 Integral Xandô Garrafa 1l,INTEGRAL,1000.0,mL
7896623100813,Creme de Leite Pasteurizado Xandô,Xandô,300.0,g
7896623100868,Suco Tangerina Xandô Garrafa 900ml,GARRA,900.0,mL
7896625210275,Leite Fermentado Desnatado Minions Vigor Garrafa 800g Tamanho Família,MINIONS,800.0,g
7896625210305,Iogurte Parcialmente Desnatado Morango Vigor Garrafa 800g,MORANGO,800.0,g
7896625210312,Iogurte Parcialmente Desnatado Batido Vigor Garrafa 800g,VIGOR,800.0,g
7896625210343,Bebida Láctea Fermentada Baunilha Leco Garrafa 800g,LECO,800.0,g
7896625210350,Bebida Láctea Fermentada Vitamina De Frutas Leco Garrafa 800g,LECO,800.0,g
7896625210367,Bebida Láctea Fermentada Morango Leco Garrafa 800g,MORANGO,800.0,g
7896625210428,Bebida Láctea Fermentada Baunilha Batida Leco Frasco 170g,LECO,170.0,g
7896625210442,Iogurte Batido Vigor Frasco 170g,VIGOR,170.0,g
7896625210466,iorgute morango,vigor,170.0,g
7896625210473,Iogurte Vitamina De Frutas Vigor Frasco 170g,VIGOR,170.0,g
7896625210480,Bebida Láctea Fermentada Vitamina De Frutas Leco Frasco 170g,LECO,170.0,g
7896625210558,Tábua De Queijos Fracionados Faixa Azul 300g 4 Unidades,FAIXA AZUL,300.0,g
7896625210664,Queijo Parmesão Fatiado Vigor 200g,VIGOR,200.0,g
7896625210718,Iogurte Parcialmente Desnatado Coalhada Vigor Viv Copo 150g,VIGOR,150.0,g
7896625210732,Vigor Viv Mel,Vigor,159.0,g
7896625210756,Iogurte Integral Ameixa Vigor Viv Copo 150g,INTEGRAL,150.0,g
7896625210763,Iogurte Parcialmente Desnatado Natural Vigor Viv,Vigor,150.0,g
7896625210817,mix granola,vigor,140.0,g
7896625210831,Iogurte Integral Com Granola De Banana E Mel Vigor Viv Mix Copo 140g,INTEGRAL,140.0,g
7896625210848,"Iogurte Integral Com Granola, Castanha E Amêndoa Vigor Viv Mix Copo 140g",INTEGRAL,140.0,g
7896625210855,Iogurte Morango Com Cereais Cobertos De Chocolate Vigor Mix Copo 140g,MORANGO,140.0,g
7896625210862,Iogurte Morango Com Confeitos Coloridos Vigor Mix Copo 140g,MORANGO,140.0,g
7896625210879,Iogurte Com Cereais Vigor Mix Copo 140g,VIGOR,140.0,g
7896625210886,Iogurte Morango Com Cereais Vigor Mix Copo 140g,MORANGO,140.0,g
7896625210947,Iogurte Grego Tradicional Vigor Frasco 220g,VIGOR,220.0,g
7896625210978,Iogurte Grego Tangerina Vigor Frasco 220g,VIGOR,220.0,g
7896625210985,Iogurte Grego Frutas Vermelhas Vigor Frasco 220g,VIGOR,220.0,g
7896625211005,Cream Cheese Tradicional Vigor Pote 150g,VIGOR,150.0,g
7896625211029,Cream Cheese Vigor Light,VIGOR,150.0,g
7896625211043,Queijo Petit Suisse Morango Minions Vigor Bandeja 320g 8 Unidades,MINIONS,320.0,g
7896625211050,Sobremesa Láctea Chocolate Minions Vigor Bandeja 320g 8 Unidades,MINIONS,320.0,g
7896625211081,Iogurte Grego Flocos Vigor Loucos Por Flocos Pote 90g,VIGOR,90.0,g
7896625211098,Iogurte Grego Morango E Baunilha Vigor Pote 90g,MORANGO,90.0,g
7896625211104,grego,vigor,90.0,g
7896625211111,Iogurte Grego Calda Frutas Vermelhas Vigor Pote 90g,VIGOR,90.0,g
7896625211128,grego frutas amarelas,vigor,90.0,g
7896625211142,Iogurte Grego Tradicional Vigor Pote 90g,VIGOR,90.0,g
7896625211166,Iogurte Desnatado Grego Vigor Pote 90g,Vigor,90.0,g
7896625211210,Sobremesa Láctea Flan Baunilha Calda Caramelo Vigor Bandeja 190g 2 Unidades,VIGOR,190.0,g
7896625211234,Requeijão Cremoso Light Danubio,Danúbio,200.0,g
7896625211258,Bebida Láctea Fermentada Morango Vitamina De Frutas Vigor Todo Dia Bandeja 510g 6 Unidades,MORANGO,510.0,g
7896625211265,Bebida Láctea Fermentada Morango Vigor Todo Dia Bandeja 510g 6 Unidades,MORANGO,510.0,g
7896625211371,Vigor Viv Protein Banana,Vigor,230.0,g
7896625211395,Requeijão Cremoso Gordura Reduzida,Vigor,400.0,g
7896625211951,Banoffee,Vigor,90.0,g
7896625221103,BEB LAC VIGOR DC LEITE,,250.0,mL
7896627300370,Mistura de Requeijão e Amido,Curral de Minas,1300.0,g
7896627300462,Manteiga Curral de Minas c/sal,Curral de Minas,200.0,g
7896627300684,Mistura de Requeijão e Amido,Curral de Minas,350.0,g
7896627300738,Queijo tipo cottage,,400.0,g
7896627300752,Requeijão Cremoso,Curral de Minas,200.0,g
7896627300820,Requeijão Cremoso,Curral de Minas,400.0,g
7896629640542,plain yogurt,Canto de Minas,180.0,g
7896629640597,Iorgute desnatado,Canto De Minas,180.0,g
7896629642522,Iogurte Triplo Zero,Canto De Minas,150.0,g
7896629670181,Creme de ricota,Canto de minas,180.0,g
7896634650505,Esfirra Aberta Carne Artesanal Massas Bandeja 200g,ARTESANAL,200.0,g
7896634651519,Esfirra Aberta Carne Artesanal Massas Bandeja 400g,ARTESANAL,400.0,g
7896634652523,Esfirra Aberta Carne Artesanal Massas Bandeja 800g,ARTESANAL,800.0,g
7896634653537,Esfirra Fechada Carne Artesanal Massas Bandeja 200g,ARTESANAL,200.0,g
7896634654541,Esfirra Fechada Carne Artesanal Massas Bandeja 400g,ARTESANAL,400.0,g
7896636190009,Coco Fita 50 Gramas Best,MISS CROC,50.0,g
7896639800318,Canjica De Milho Doce Okoshi Pacote 50g,OKOSHI,50.0,g
7896639800653,Brown Rice Toast,Okoshi,75.0,g
7896639800677,Torrada De Arroz Integral Orgânica Quinoa E Linhaça Okoshi Pacote 75g 24 Unidades,OKOSHI,75.0,g
7896653702827,Pack Doce De Leite Flormel Caixa 60g 3 Unidades,FLORMEL,60.0,g
7896653702858,Pack Pé De Moleque Flormel Caixa 60g 3 Unidades,FLORMEL,60.0,g
7896653703121,Creme de Avelã com Cacau Qualitá,Qualitá,350.0,g
7896653703169,Doce De Leite Flormel Vidro 210g,FLORMEL,210.0,g
7896653703176,Goiabada Cremosa Flormel Vidro 210g,FLORMEL,210.0,g
7896653703367,Pack Goiabada Flormel Caixa 60g 3 Unidades,FLORMEL,60.0,g
7896653705934,Mel Orgânico,Flormel,250.0,g
7896653706047,Creme De Avelã Com Cacau,Flormel,150.0,g
7896653706733,Creme de Avelã - Flormel,,150.0,g
7896653707778,Bombom Recheio Creme Avelã Crocante Flormel Pouch 75g 5 Unidades,FLORMEL,75.0,g
7896653708294,Flormel mini bombom com coco,Flormel,60.0,g
7896653708683,Crispy grão de bico,Flormel,25.0,g
7896653708898,Bombom Cookies N Cream Flormel Pouch 75g 5 Unidades,FLORMEL,75.0,g
7896653709178,"Bombom Chocolate Cremoso Flormel Pacote 37,5g 3 Unidades",CREMOSO,37.5,g
7896653709192,"Bombom Caramelo Nozes Flormel Pacote 37,5g 3 Unidades",FLORMEL,37.5,g
7896653709215,"Bombom Branco Cremoso Flormel Pacote 37,5g 3 Unidades",CREMOSO,37.5,g
7896653709499,SENSAH!,"SENSAH!,flormel",480.0,g
7896653709666,FLORMEL Leite Condensado Zero Açúcar,FLORMEL,395.0,g
7896655400639,Tapioca,Rocha,500.0,g
7896655400646,Tapioca,Rocha,500.0,g
7896655403050,rocha,,400.0,g
7896655403067,rocha,,400.0,g
7896655403654,rocha,,400.0,g
7896655405207,Tapioca - Rocha,,500.0,g
7896655405269,rocha,,1000.0,g
7896655405337,rocha,,500.0,g
7896659100016,Cocada Branca Segredos Da Fazenda Pote 280g,SEGREDOS DA FAZENDA,280.0,g
7896659100023,Cocada Morena Segredos Da Fazenda Pote 280g,SEGREDOS DA FAZENDA,280.0,g
7896659100030,Goiabada Cremosa Segredos Da Fazenda Pote 270g,SEGREDOS DA FAZENDA,270.0,g
7896659100047,Doce Mamão Segredos Da Fazenda 280g,SEGREDOS DA FAZENDA,280.0,g
7896659100054,Doce Abóbora Com Coco Segredos Da Fazenda 280g,SEGREDOS DA FAZENDA,280.0,g
7896659100061,Brigadeiro De Colher Segredos Da Fazenda Pote 280g,SEGREDOS DA FAZENDA,280.0,g
7896659100085,Doce Figo Segredos Da Fazenda Pote 200g,SEGREDOS DA FAZENDA,200.0,g
7896659120557,Doce Abóbora Segredos Da Fazenda Pote 200g,SEGREDOS DA FAZENDA,200.0,g
7896659600141,beatriz,,500.0,g
7896659600165,beatriz,,500.0,g
7896659603302,Farinha de milho flocada,Beatriz,500.0,g
7896659603388,beatriz,,500.0,g
7896659603586,beatriz,,500.0,g
7896659603791,sagu,,400.0,g
7896659603876,beatriz,,400.0,g
7896659603883,beatriz,,400.0,g
7896663325160,APIS FLORA Mel de Angico,APIS FLORA,300.0,g
7896664700294,Mistura para Canjiquinha Cural,Incamilho,200.0,g
7896665820182,Pão de Manteiga,Líder do Sul,450.0,g
7896665822001,Alfajor recheado com doce de leite coberto com chocolate,Líder do Sul,300.0,g
7896665822315,Batata Chips Ondulada Original,Líder do Sul,205.0,g
78966666,Miele di acacia,Coop,500.0,g
7896676999280,Albumina - ASA Power - 500g,ASA Power,500.0,g
7896683409161,Amigos da virtude,Lual alimentos,20.0,g
7896683510058,Qj Chevre A L Huile Dor 265gr,,265.0,g
7896684100968,Ameixa de quijo,Doces Cecília,450.0,g
7896685200063,Coquetel Alcoólico Raízes Amargas,Paratudo,900.0,mL
7896685200193,Vodka Trago Russo Tridestilada,Kriskof,900.0,mL
7896685200681,Bebida alcoólica mista,Kriskof,900.0,mL
7896685200698,Bebida Alcoólica Mista Frutas Amarelas,Kriskof,900.0,mL
7896685200711,Bebida Alcoólica Mista Blue,Kriskof,900.0,mL
7896691102559,bebida láctea bandeja,,510.0,g
7896691103860,Iogurte com Pedaços de Frutas,Carolina,500.0,g
7896691103877,Iogurte com Pedaços de Frutas,Carolina,450.0,g
7896691104195,Carolina Leite fermentado,,115.0,g
7896691104232,Carolina pedaço abacaxi e coco,,450.0,g
7896691104331,"Beb. Láctea Carolina 1,25kg",Carolina,1250.0,g
7896691104355,carolina,Carolina,1250.0,g
7896691104515,Bebida Láctea Açaí com Morango Carolina 150g,Carolina,150.0,g
7896691104706,açaí/morango,Carolina,1250.0,g
7896691104744,Carol kids,Carolina,90.0,g
7896699200431,Café piquiri,Jandaia,500.0,g
7896702900037,Pipoca de Milho Clac,CLAC,50.0,g
7896702900051,Pipoca Doce de Milho Caramelizada,Clac,170.0,g
7896702900082,Pipoca clac caramelizada,,100.0,g
7896702902093,pipoca Clac chocolate,clac,60.0,g
7896706900019,Doce de Leite Viçosa,Viçosa,800.0,g
7896706900422,Doce De Leite Em Pasta 400G - Viçosa,Viçosa,400.0,g
7896707341750,Black Cherry Pop,Pop,700.0,g
7896714803241,Doce Cremoso com Leite e Soro de Leite,Néctar,350.0,g
7896715607046,Albumina Proteína da Clara do Ovo,Naturovos,1000.0,g
7896716311096,linguiça calabresa,Pamplona,1000.0,g
7896716311171,presunto cozido,Pamplona,1000.0,g
7896716311287,Bacon Fatiado,Pamplona,250.0,g
7896716312321,Pamplona 1kg,,1000.0,g
7896716314035,kit feijoada,Pamplona,600.0,g
7896725100100,Iogurte Natural Desnatado,Fiore,140.0,g
7896731023431,Chocolate Meio Amargo,Cacau Show,90.0,g
7896731301157,Vinhos Suco de Uva tinto 1 L,"Quinta do Nino, Vinhos Quinta do Nino",1000.0,mL
7896735115330,Arroz Sabor Sul Agulinha,Sabor Sul,5000.0,g
7896735115354,Arroz branco,SaborSul,1000.0,g
7896735115453,Feijão Preto,SaborSul,1000.0,g
7896735115552,Arroz integral longo fino,SaborSul,1000.0,g
7896741650429,Bebida Alcoólica Mista Gaseificada Red,Stempel,600.0,mL
7896741650474,Bibida Alcoólica Mista Gaseificada White,Stempel,600.0,mL
7896741650481,Bebida Alcoólica Mista Gaseificada Abacaxi,Stempel,600.0,mL
7896741650504,Bebida Alcoólica Mista Gaseificada Pink,Stempel,600.0,mL
7896744100259,ximango,,500.0,g
7896744100280,ximango,,500.0,g
7896744100297,Chimarrao - Chimango,Erva Mate,1000.0,g
7896744100303,ximango,,1000.0,g
7896746910719,Milho para pipoca,dáSabor,500.0,g
7896746911112,Ervilha,dáSabor,500.0,g
7896746911211,Feijão branco,dáSabor,500.0,g
7896746911815,Grão de bico,dáSabor,500.0,g
7896752400495,Canjica branca,Poligrãos,500.0,g
7896752411620,Arroz parboilizado integral longo fino tipo 1,Poligrãos,1000.0,g
7896753514016,Queijo parmesão ralado,Franba,50.0,g
7896759900042,Cafe do sítio vácuo,,250.0,g
7896759900066,Cafe do sítio,,500.0,g
7896759901018,Cappuccino do sítio trad,,200.0,g
7896759901025,Cappuccino do sítio can,,200.0,g
7896760960462,Óleo misto de soja e azeite de oliva 5%,Quinta da Boa Vista,500.0,mL
7896763621858,Macarrão espaguete com ovos Q'Delícia 400g,,400.0,g
7896766401020,"Esfirra Congelada Carne, Ricota E Verdura Arabia Bandeja 520g",ARABIA,520.0,g
7896775100112,Paçoca Rolha com Açucar Mascavo,Guimaraes,182.0,g
7896775100129,Paçoquinha rolha,Guimarães,166.0,g
7896775100198,Balas de Coco,Guimaraes,100.0,g
7896775100662,Pé de moça,Guimarães,30.0,g
7896775101270,Creme De Amendoim Guimarães Pote 240g,GUIMARAES,240.0,g
7896775101287,Pasta de amendoim integral,Guimarães,500.0,g
7896775101317,Pé de Moça,Guimaraes,100.0,g
7896775101430,salgadinho de presunto,Guimarães,70.0,g
7896775101447,Salgaditos Bacon,Guimarães,70.0,g
7896775101881,Pasta de amendoim integral com cacau,Guimarães,450.0,g
7896775102284,Pé de Moleque Crocante,Guimarães,18.0,g
7896775102383,Pasta de amendoim crocante integral,Guimarães,450.0,g
7896775102468,Pasta de amendoim com cacau de coco integral,Guimarães,500.0,g
7896775102505,"Pasta De Amendoim Integral Zero Lactose Guimarães Pote 1,005kg",AMENDOIM,1005.0,g
7896775102673,Pasta de amendoim com cacau,Guimarães,1005.0,g
7896775178098,Cocada Preta,Guimaraes,170.0,g
7896775178104,Cocada branca Em Barra,guimaraes,170.0,g
7896775178371,Paçokinha Rolha,Guimarães,13.0,g
7896775179187,Rapadura Tradicional,Guimaraes,400.0,g
7896775179286,Pé de Moleque,Guimarães,100.0,g
7896775179408,Doce de Banana,Guimarães,300.0,g
7896775179682,Paçoca Rolha,Guimarães,16.0,g
7896775179699,Fondant de Leite,Guimaraes,160.0,g
7896775190014,Doce de Banana Mariola,Guimaraes,380.0,g
7896775400052,Leite UHT Integral,Jaguaripe,1000.0,mL
7896777222720,Banana brownies,Ipanema Valley,120.0,g
7896784900024,Mel Laranjeira Expressão Da Natureza Bisnaga Invertida,Expressão Da Natureza,300.0,g
7896786400102,arroz dona milú,,5000.0,g
7896791901779,Iorgute Morango Apreciare BJ Zero Lactose,,540.0,g
7896791902035,Yogurte Trevinho Coalhada Integral,,900.0,g
7896791902059,Yogurte Trevinho Morango BJ,,540.0,g
7896791902097,Yogurte Sabor Morango e Frutas BJ,"Ehrmann,Trevinho",540.0,g
7896791902264,Yogurte Trevinho Integral,,170.0,g
7896791902288,Iorgute Sabor Mel Trevinho,,170.0,g
7896791902295,Yogurte Trevinho Sabor Laranja Cenoura e Mel,,170.0,g
7896791902554,Apreciare c/Granola Coalhada Adoçada Integral c/ preparado de Fruta,,130.0,g
7896791902684,"Iorgute Limão, Morango, Maracuja Apreciare Grego Zero Lactose",,540.0,g
7896791902837,Iorgute Baunilha Whey Zero Lactose,,250.0,g
7896791902844,Iorgute Morango Whey 14g Zero Lactose,,250.0,g
7896791902943,Iorgute Banana Whey 24g Zero Lactose,,250.0,g
7896791903124,Iorgute Cranberry 0% Lactose Apreciare Kefir,,900.0,g
7896791903131,Beb Láctea Apreciare c/ lactobacilos vivos 0%Lac,,480.0,g
7896791903308,Yogurte ABC Morango,,180.0,g
7896791903315,Iogurte Morango ABC,,900.0,g
7896791903322,Leite Fermentado ABC,,480.0,g
7896791903339,Danone Morango ABC,,360.0,g
7896791903384,Leite Fermentado ABC,,900.0,g
7896791903391,Yogurte Trevinho Morango,,1300.0,g
7896791903520,Yogurte Trevinho Pedaços Morango,,500.0,g
7896791903537,Iogurte Trevinho Pedaços Coco,Trevinho,500.0,g
7896791904213,Yogurte ABC Morango,,480.0,g
7896791905241,Iogurte natural,BH,400.0,g
7896791970782,Com Confeitos,"Trevinho,Trevinho Kids",130.0,g
7896791970805,Yogurte Trevinho Coalhada Integral,,130.0,g
7896791970928,iogurte Trevinho Coco,,180.0,g
7896791970935,Geleia Morango Taeq Vidro,Taeq,210.0,g
7896791970942,Yogurte Trevinho Frutas,,900.0,g
7896791970959,Iogurte Trevinho Coco,Trevinho,900.0,g
7896791970980,Iorgute Morango Trevinho 0% Lactose,,900.0,g
7896791970997,Iorgute Frutas Trevinho 0% Lactose,,900.0,g
7896798500524,Polvilho Azedo Prata Incól,Prata Incól,500.0,g
7896798500722,Polvilho Doce Prata Incol,Prata Incol,500.0,g
7896798502030,Fécula De Mandioca Vitao,,500.0,g
7896798600095,Pack Barra De Frutas Banana Cobertura Chocolate Ao Leite Supino Original Caixa 72g 3 Unidades,BANANA BRASIL,72.0,g
7896798600101,Pack Barra De Frutas Banana Cobertura Chocolate Branco Supino Original Caixa 72g 3 Unidades,BANANA BRASIL,72.0,g
7896798600125,Pack Barra De Frutas Banana Cobertura Chocolate Branco Supino Caixa 72g 3 Unidades,BANANA BRASIL,72.0,g
7896798600293,Pack Barra De Frutas Banana Cobertura Chocolate Ao Leite Supino Caixa 72g 3 Unidades,BANANA BRASIL,72.0,g
7896798600323,Pack Barra De Frutas Banana E Ameixa Cobertura Chocolate Ao Leite Supino Caixa 72g 3 Unidades,BANANA BRASIL,72.0,g
7896798600347,Banana Passa Banana Brasil Caixa 774g 9 Unidades,BANANA BRASIL,774.0,g
7896798601870,Barra De Nuts Castanhas E Sementes Zero Sódio Nutsbar Pacote 25g,BANANA BRASIL,25.0,g
7896798602341,Ban Passa Tipo Exportacao Dsp 9x86g Banana Brasil,BANANA BRASIL,86.0,g
7896798602518,Nutsbar,Banana Brasil,25.0,g
7896798602549,Barra Crocante Gergelim E Castanha De Caju Zero Açúcar Levittá Pacote 10g,LEVITTA,10.0,g
7896798602990,Barra de Cereal Morango e Chocolate Branco,NutsBar,50.0,g
7896798603188,Protein+ Banoffee,Banana Brasil,50.0,g
7896798603225,Protein+ Torta de Limão,Banana Brasil,50.0,g
7896800777715,Arroz Integral,Arroz Brilhante,1000.0,g
7896801014031,criatalina,,1000.0,g
7896801014062,cristalina,,500.0,g
7896801014086,terere,,500.0,g
7896801014093,terere,,500.0,g
7896801014109,terere,,500.0,g
7896801014215,terere,,500.0,g
7896803139404,Pingo de leite,Biba,10.0,g
7896805100464,Farinha de milho flocada sem sal,Gameleira,400.0,g
7896818500275,Morango ice,Karina tereré,500.0,g
7896825400841,sul minas,,200.0,g
7896828000017,Kero Coco 200ml,Kero Coco,200.0,mL
7896832701351,Molho de Salada Rose,Oruam,240.0,mL
7896836510812,Golden Ghee PuraVida 500g,PuraVida,500.0,g
7896837100043,Biosoft Granola Integral com Frutas Zero,Biosoft,300.0,g
7896837100586,BIOSOFT Granola com Castanhas Diet,Biosoft,1000.0,g
7896837100777,BIOSOFT Granola Frutas Zero,biosoft,250.0,g
7896837101361,Traditional Light Granola,"Biosoft, Biosoft Indústria e Comércio de Produtos Alimentícios LTDA",500.0,g
7896839100041,Granola 7 Grãos Tradicional - Da Magrinha,Da Magrinha,400.0,g
7896839100287,Granola Integral Tradicional 250g - Da Magrinha,,250.0,g
7896839125723,Linhaça Dourada Integral Da Magrinha Pouch 200g,DA MAGRINHA,200.0,g
7896839129790,Aveia Grossa 500g - Da Magrinha,Da Magrinha,500.0,g
7896839142836,Gergelim Branco Natural Integral Da Magrinha Pouch 200g,DA MAGRINHA,200.0,g
7896839151265,Granola 7 Grãos Sem Açucar Da Magrinha Pacote 250g,Da Magrinha,250.0,g
7896839159230,Proteína Texturizada De Soja Média Integral Da Magrinha Pouch 500g,DA MAGRINHA,500.0,g
7896839172529,Granola Integral Coconut Brazil Nut Da Magrinha Amazônia Premium Pouch 750g,DA MAGRINHA,750.0,g
7896839172536,Aveia Em Flocos Finos Da Magrinha Pouch 250g,DA MAGRINHA,200.0,g
7896839172710,Pipoca Micro-ondas Integral Natural 90g - Da Magrinha,Da Magrinha,90.0,g
7896839172796,Granola Amendoim Da Magrinha Protein Pouch 200g,DA MAGRINHA,200.0,g
7896839173359,Granola 7 grãos - Da Magrinha - Da Magrinha - Da Magrinha - Da Magrinha,Da Magrinha,250.0,g
7896843200300,Bioleve Suco frutas cítricas,,390.0,mL
7896844300498,Pão integral (50%) com castanha e quinoa,Caseirinho,450.0,g
7896859100083,Mel Imbiara,Imbiara,500.0,g
7896859800365,Torradinha Org Canapes Light 100gr Phorma Int,VIA DELICIA,100.0,g
7896859800464,Grissini Natural Org 100g Doce Vida,VIA DELICIA,100.0,g
7896859800471,Via Delícia Grissini Integral Orgânico 100g Alimentos,VIA DELICIA,100.0,g
7896860540144,Pampeano Corned beef,Pampeano,340.0,g
7896860541158,corned beef,,200.0,g
7896860543749,Corner Beef,Elite,340.0,g
7896860546733,Corned Beef,Purefoods,340.0,g
7896862001223,Bebida Láctea Fermentada Frutas Vermelhas Frutilac Pacote 850g,FRUTILAC,850.0,g
7896862001230,Bebida Láctea Fermentada Morango Frutilac Pacote 850g,FRUTILAC,850.0,g
7896862001247,Bebida Láctea Fermentada Salada De Frutas Frutilac Pacote 850g,FRUTILAC,850.0,g
7896862001353,Bebida Láctea Fermentada Morango Frutilac Bandeja 540g 6 Unidades,FRUTILAC,540.0,g
7896862001568,Frutap Flan Caramelo,,180.0,g
7896862001780,Bebida Láctea Fermentada Morango Frutilac Frasco 170g,FRUTILAC,170.0,g
7896862001797,Bebida Láctea Fermentada Salada De Frutas Frutilac Frasco 170g,FRUTILAC,170.0,g
7896862001841,Bebida Láctea Fermentada Morango Frutas Tropicais Frutilac Bandeja 540g 6 Unidades,FRUTILAC,540.0,g
7896862001865,Frutap iorgute GREGO,Frutap,90.0,g
7896862002060,Leite Fermentado Desnatado Frutap Garrafa 900g Family,FRUTAP,900.0,g
7896862002107,Leite Fermentado Desnatado Frutap Frasco 170g,FRUTAP,170.0,g
7896862002251,Leite fermentado uva 170g,Frutap,170.0,g
7896862002589,"Frutap GF 1250g, sal/frut",frutap,1.25,g
7896862002664,Iogurte mix morango c/cereais choco,Frutap,115.0,g
7896862002763,Iogurte desnatado,Frutap,150.0,g
7896862002794,FRUTAP IOGURTE+ CEREAIS COLORIDOS,Frutap,115.0,g
7896862002923,Morango,Frutap,360.0,g
7896862003036,Leite Fermentado Baunilha,Frutap,450.0,g
7896877300922,Requeijão Cremoso Tradicional Qualitá Copo 200g,Qualitá,200.0,g
7896877302001,Requeijão Cremoso Light,Veneza,360.0,g
7896877500070,Batata palha extra fina,Croques,100.0,g
7896877500292,Batata Chips Lisa Cheddar & Sour Cream,CROQUES,45.0,g
7896885500062,Bananinha,Paraibuna,200.0,g
7896885500109,Bananinha Cremosa Paraibuna 36G,paraibuna,36.0,g
7896885500130,Bananinha Sem Adição De Açúcar Paraibuna 200g,PARAIBUNA BANANINHA,200.0,g
7896885500147,BANANADA,BANANINHA PARAIBUNA,23.0,g
7896891501190,Aveia Arma Zen Grossa,Arma Zen,500.0,g
7896891501725,Arroz Integral,taeq,1000.0,g
7896891502128,Proteína Texturizada de Soja Fina Escura,Arma Zen,500.0,g
7896894900013,açúcar,CARAVELAS,1000.0,g
7896894900068,Açúcar Cristal Caravelas Pacote 1kg,COLOMBO,1000.0,g
7896894900235,Açúcar Demerara Caravelas Pacote 1kg,CARAVELAS,1000.0,g
7896894900266,Açúcar Refinado Granulado Premium Caravelas Pacote 1kg,CARAVELAS,1000.0,g
7896894900273,Açúcar Cristal Premium Caravelas Pacote 1kg,CARAVELAS,1000.0,g
7896894900303,Açúcar Cristal Orgânico Caravelas Pacote 1kg,CARAVELAS,1000.0,g
7896895700964,spres laranja,Sucos Spres,900.0,mL
7896901200143,Arroz Branco Tipo 1 Broto Legal Pacote 5kg,BROTO LEGAL,5000.0,g
7896901200150,BROTO LEGAL Arroz Branco Broto Legal,Broto legal,1000.0,g
7896901200235,Arroz Branco Tipo 1 Broto Legal Pacote 1kg,BROTO LEGAL,1000.0,g
7896901200839,Arroz Integral 7 Cereais Broto Legal Caixa 500g,BROTO LEGAL,500.0,g
7896901200921,Arroz Arbório Tipo 1 Broto Legal Gourmet Caixa 500g,BROTO LEGAL,500.0,g
7896902206380,Bicarbonato de sodio,,100.0,g
7896903811019,Torrada Alho Casa Victoriana Pacote 150g,CASA VICTORIANA,150.0,g
7896903811040,Torrada Casa Victoriana 150gr C/azeite E Oregano,CASA VICTORIANA,150.0,g
7896903811071,Pão Para Lanche Casa Victoriana Pacote 300g,CASA VICTORIANA,300.0,g
7896903811088,Pão Para Lanche Gergelim Casa Victoriana Pacote 300g,CASA VICTORIANA,300.0,g
7896903811101,Pão Para Hambúrguer Casa Victoriana Pacote 200g,CASA VICTORIANA,200.0,g
7896903811118,Pão Para Hambúrguer Com Gergelim Casa Victoriana Pacote 200g,CASA VICTORIANA,200.0,g
7896903811149,Mini Pão Para Hot Dog Casa Victoriana Pacote 250g,CASA VICTORIANA,250.0,g
7896903811163,Torrada Casa Victoriana 150gr Basilico,CASA VICTORIANA,150.0,g
7896903811187,Pão Para Hot Dog Casa Victoriana Pacote 200g,CASA VICTORIANA,200.0,g
7896903811248,Pão Para Hambúrguer Brioche Casa Victoriana Pacote 200g,Casa Victoriana,200.0,g
7896903811804,Pão De Ovos Para Lanche Casa Victoriana Pacote 300g,CASA VICTORIANA,300.0,g
7896903811811,Pão Para Lanche Integral Casa Victoriana Pacote 300g,CASA VICTORIANA,300.0,g
7896903812108,Pão De Batata Casa Victoriana Pacote 170g,CASA VICTORIANA,170.0,g
7896903812313,Grissini Gergelim Casa Victoriana Pacote 100g,CASA VICTORIANA,100.0,g
7896903812320,Grissini Com Parmesão Casa Victoriana 100g,CASA VICTORIANA,100.0,g
7896903813624,Biscoito Broinha Fubá Casa Victoriana Pote 120g,CASA VICTORIANA,120.0,g
7896903830041,Pão Para Hambúrguer Integral Casa Victoriana Pacote 240g,CASA VICTORIANA,240.0,g
7896903831703,Pão Bisnaguinha Parmesão Casa Victoriana Pacote 240g,CASA VICTORIANA,240.0,g
7896916800048,Rossi Abacaxi,Vieira Rossi,2000.0,mL
7896918300010,Balas de Bananas,,200.0,g
7896931613678,Suco Integral Uva Tinto Campo Largo Caixa 200ml,J P CHENET,200.0,mL
7896931613685,Suco Integral Maçã Campo Largo Caixa 200ml,J P CHENET,200.0,mL
7896931614125,Suco Integral Uva Tinto Campo Largo Garrafa 250ml,CAMPO LARGO,250.0,mL
7896931614132,Suco Integral Uva Tinto Campo Largo Garrafa 900ml,CAMPO LARGO,900.0,mL
7896931614149,Suco de Uva Tinto Integral,Campo Largo,1350.0,mL
7896931614156,Suco Integral Laranja Campo Largo Garrafa 250ml,CAMPO LARGO,250.0,mL
7896931614163,Suco Integral Laranja Campo Largo Garrafa 900ml,CAMPO LARGO,900.0,mL
7896931614194,Suco Integral Maçã Campo Largo Garrafa 900ml,CAMPO LARGO,900.0,mL
7896931614200,Suco de Maçã Integral,Campo Largo,1350.0,mL
7896931614316,Chá Hibisco E Cranberry Campo Largo Garrafa 900ml,CAMPO LARGO,900.0,mL
7896931614446,Chá Verde Gengibre E Limão Campo Largo Garrafa 900ml,CAMPO LARGO,900.0,mL
7896931614453,Chá Mate Orgânico Limão Campo Largo Garrafa 250ml,CAMPO LARGO,250.0,mL
7896931614910,água De Coco Integral Campo Largo Garrafa 900ml,CAMPO LARGO,900.0,mL
7896931615238,Chá Verde Capim Limão E Abacaxi Campo Largo Garrafa 900ml,CAMPO LARGO,900.0,mL
7896944100110,Carpaccio De Lagarto Magazzino Caixa 200g,MAGAZZINO,200.0,g
7896944100615,Ravióli De Mussarela De Búfala Artesanal Magazzino 500g,MAGAZZINO,500.0,g
7896944100660,Rondelli Presunto E Queijo Magazzino Pacote 500g,MAGAZZINO,500.0,g
7896944100684,Torteloni De Alcachofra E Mussarela De Búfala Magazzino 500g,MAGAZZINO,500.0,g
7896944100981,Ravióli Verde De Mussarela De Búfala E Tomate Seco Magazzino 500g,MAGAZZINO,500.0,g
7896944101582,Antepasto Alichella Magazzino Vidro 150g,MAGAZZINO,150.0,g
7896944101599,Antepasto Sardela Magazzino Vidro 150g,MAGAZZINO,150.0,g
7896944101674,Molho Bolognesa Magazzino Vidro 500g,MAGAZZINO,500.0,g
7896944101698,Molho Branco Com Funghi Magazzino Vidro 500g,MAGAZZINO,500.0,g
7896944101728,Molho Sugo Com Manjericão Magazzino Vidro 500g,MAGAZZINO,500.0,g
7896944101735,Molho Sugo Magazzino Vidro 500g,MAGAZZINO,500.0,g
7896944101742,Molho Quatro Queijos Magazzino Vidro 500g,MAGAZZINO,500.0,g
7896944101780,Patê De Fígado De Frango Com Pistache Magazzino Gourmet Pacote 200g,MAGAZZINO,200.0,g
7896944101797,Patê De Fígado De Frango Com Ervas Finas Magazzino Gourmet Pacote 200g,MAGAZZINO,200.0,g
7896944101803,Patê De Fígado De Frango Tradicional Magazzino Gourmet Pacote 200g,MAGAZZINO,200.0,g
7896944101810,Patê De Fígado De Frango Com Pimenta Verde Magazzino Gourmet Pacote 200g,MAGAZZINO,200.0,g
7896944101834,Patê De Fígado De Pato Magazzino Gourmet Pacote 200g,MAGAZZINO,200.0,g
7896944102824,Molho De Tomate à Bolonhesa Magazzino Vidro 300g,MAGAZZINO,300.0,g
7896944102831,Molho De Tomate Magazzino Vidro 300g,MAGAZZINO,300.0,g
7896944102848,Molho De Tomate Com Funghi Magazzino Vidro 300g,MAGAZZINO,300.0,g
7896944102855,Molho De Tomate Com Manjericão Magazzino Vidro 300g,MAGAZZINO,300.0,g
7896944102862,Molho Branco Magazzino Vidro 300g,MAGAZZINO,300.0,g
7896944102886,Molho Branco Com Funghi Magazzino Vidro 300g,MAGAZZINO,300.0,g
7896944102923,Molho De Tomate Pomodoro Magazzino Vidro 300g,MAGAZZINO,300.0,g
7896944102947,Molho Quatro Queijos Magazzino Vidro 300g,MAGAZZINO,300.0,g
7896944102985,Molho Pesto Magazzino Vidro 150g,MAGAZZINO,150.0,g
7896944102992,Molho Carpaccio Magazzino Vidro 150g,MAGAZZINO,150.0,g
7896944103234,Ravioloni Tricolori De Mussarela De Búfala E Tomate Seco Magazzino 500g,MAGAZZINO,500.0,g
7896944103357,Molho Pesto Azeitona Magazzino Vidro 150g,MAGAZZINO,150.0,g
7896944104071,Capelli De Brie Com Parma Magazzino 500g,MAGAZZINO,500.0,g
7896945402374,Catchup Tambaú Premium Clássico 380g,Tambaú,380.0,g
7896956410948,Farinha de Trigo Tipo 1,Mosana,1000.0,g
7896962500589,Doce de batata doce,Tony Kelly doces,51.0,g
7896975000472,Molho de Alho,Tempemar,150.0,mL
7896982100035,Ovos Brancos Extra,Mantiqueira,1160.0,g
7896982100301,Ovos tipo grande vermelhos categoria A,Mantiqueira,576.0,g
7896982103852,Substituto Pó Para Ovos Em Receitas Vegano N.ovo Bandeja 132g,N.OVO,132.0,g
7896982104453,Ovos caipiras grande vermelhos,"Mantiqueira,Mantiqueira Alimentos LTDA.",1060.0,g
7896982109120,"Substituto Pó Para Ovos Mexidos E Omelete N.ovo Bandeja 43,5g 6 Unidades",N.OVO,43.5,g
7896982109816,Molho Tipo Maionese Tradicional N.ovo Squeeze 195g,SQUEEZE,195.0,g
7896982109823,Molho Tipo Maionese Lemon Pepper N.ovo Squeeze 195g,LEMON PEPPER,195.0,g
7896982109847,Molho Tipo Maionese Ervas Finas N.ovo Squeeze 195g,SQUEEZE,195.0,g
7896982109861,Molho Tipo Maionese Trufado N.ovo Squeeze 195g,SQUEEZE,195.0,g
7896984205004,Água Mineral Natural Passa Quatro Sem Gás,Passa Quatro,510.0,mL
7896986201684,"Caixa de Chocolates Intensidade Branco, 28%, 34%, 55%, 65%, 70%, 85%","Cacau Show, BenditoCacao, laCreme",350.0,g
7896986206146,Golden Bytes Crocantes,"I.B.A.C.,Cacau Show",100.0,g
7896986214295,Panettone Sobremesa de Brigadeiro,Cacau Show,700.0,g
7896986225420,Classicos Sortidos,cacauShow,160.0,g
7896986227875,Chocolate 85% Bendito Cacao,CacauShow,100.0,g
7896986231391,Seleção de bombons,,95.0,g
7896986237089,Drageados Cacau Show de Avelãs,Cacau Show,150.0,g
7896986239328,Chocolate zero lactose e zero glúten. 50%de cacau,Cacau Show,100.0,g
7896986243622,Pão de Mel de doce de leite cacaushow,Cacau Show,50.0,g
7896986244414,Barra Dreams Mil Folhas,Cacau Show,130.0,g
7896986252686,Panettone Miau,Cacau Show,650.0,g
7896986257094,Hazelnut Dreams Chocolate Bar,Cacau Show,130.0,g
7896986261442,Chocolate ao Leite sabor Laranja CacauShow,CacauShow,20.0,g
7896986261596,Bendito Cacao,Cacau Show,20.0,g
7896986267772,Cookies'n cream,cacau show,100.0,g
7896986288135,Língua De Gato,Cacau Show,70.0,g
7896986290121,Wafer recheado sabor limão,Cacau Show,80.0,g
7896986294259,Bombons sortidos,Cacau Show,80.0,g
7896989400275,Manteiga De Primeira Qualidade Com Sal,Queijos Vitória,200.0,g
7896991770502,Leite UHT Quissamã Integral,Quissamã,1000.0,mL
7896996500616,Polvilho azedo Duraci,,500.0,g
7896998701288,Pão De Forma Integral 59%,NEWBREAD,450.0,g
7897001010014,Óleo de soja,Cocamar,900.0,mL
7897001050751,Purity Soja Pêssego,Cocamar,1000.0,mL
7897005100094,Milho para pipoca,Kinino,400.0,g
7897005102999,HELLMANN'S Barbecue Hellmann's Tradicional,HELLMANN'S,400.0,g
7897011000036,Bananada Caseira Cremosa Fazendinha Pacote 150g,FAZENDINHA,150.0,g
7897011000166,Banada Doce de Banana com Coco,Fazendinha Rio Pardo,30.0,g
7897011000289,Bananada Caseira Fazendinha Pacote 115g,FAZENDINHA,115.0,g
7897011500536,MIX Aroma Artificial de Baunilha,MIX,30.0,mL
7897011501199,xarope de glucose,,150.0,g
7897011501847,antimofo mix,mix,50.0,g
7897011511839,Festas Granulado Macio rosa bebe,mix,120.0,g
7897011514366,glacê real,,1000.0,g
7897011514465,creme confeiteiro,,500.0,g
7897027000013,Salada Verdureira Paulista 200gr,INSALATA PRIMA,200.0,g
7897027000037,Salada Italiana Pré Lavada 150g Insalata Prima,INSALATA PRIMA,150.0,g
7897027000044,Salada Alface Americana Pré Lavada 200g Insalata Prima,INSALATA PRIMA,200.0,g
7897027000051,Salada Verdureira Gourmet 200gr,INSALATA PRIMA,200.0,g
7897027000068,Rucula Pré Lavada 150g Insalata Prima,INSALATA PRIMA,150.0,g
7897027000075,Salada Brasileira Pré Lavada Insalata Prima 150g,INSALATA PRIMA,150.0,g
7897027000082,Salada Pronta Pré Lavada 200g Insalasta Prima,INSALASTA PRIMA,200.0,g
7897027000099,Agrião Pré Lavado Insalata Prima 150g,INSALATA PRIMA,150.0,g
7897027000211,Beterraba Verdureira 400gr Cozidas,INSALATA PRIMA,400.0,g
7897027000228,Batata Verdureira 400gr Cozidas,,400.0,g
7897027000235,Cenoura Verdureira Cozidas 400gr,,400.0,g
7897027000242,Milho Verdureira 400gr Cozido,,400.0,g
7897027000259,Mandioquinha Verdureira Cozidas 400gr,,400.0,g
7897027000266,Mandioca Verdureira Cozidas 400gr,,400.0,g
7897027000273,Pinhao Org 400g,,400.0,g
7897027000297,Grao De Bico Org 400g.,,400.0,g
7897027000563,Milho Sweet 400gr Americano,SWEET,400.0,g
7897042005048,Creme,Skala,1000.0,g
7897042005062,SKALA,SKALA,1000.0,g
7897042008827,mais crespos,skala,1000.0,g
7897042012312,Tratamiento Mais Cachos,"Skala Expert, Skala",1000.0,g
7897042012473,divino potao,skala expert,100.0,g
7897042013227,Skala,Nutriçao amazōnica,1000.0,mL
7897042700080,sequilhos sabor nata,Nazinha,350.0,g
7897042700257,Sequilhos Classicos,Nazinha,350.0,g
7897042700264,Sequilhos Clássicos,Nazinha,350.0,g
7897042701230,Sequilhos,,100.0,g
7897047000031,Moreninha De Rio,moreninha do Rio,500.0,g
7897047001014,Amendo Japa,Rio,100.0,g
7897051900792,trigo para Quibe Dular,,500.0,g
7897051900853,ervilha verde partida,Dular,500.0,g
7897051900860,lentilha,dular,500.0,g
7897051902147,Ac dular,,500.0,g
7897051903113,Tapioca Dular,,1000.0,g
7897053008588,Pé Suíno Salgado Prieto 400g,PRIETO,400.0,g
7897053008601,Orelha Suína Salgada Sem Osso Prieto 400g,PRIETO,400.0,g
7897053008663,Lombo Suíno Salgado Sem Osso Prieto 400g,PRIETO,400.0,g
7897054080309,Sorvete Artesanal de Chocolate Belga com Amêndoas,Habib's,1000.0,mL
7897064812259,Kuky amendoim,,400.0,g
7897064812297,Kuky,,400.0,g
7897076021014,Popcheese mini pão de queijo provolone,"Maricota,Quatá",1000.0,g
7897076021403,Leite condensado semidesnatado,Campos do Jordão,395.0,g
7897076024015,Pão de Queijo Tradicional,,300.0,g
7897076024053,Lasanha à Bolonhesa,,500.0,g
7897076024077,Mini Kibe,,1000.0,g
7897076024091,Bolinho de Bacalhau ABC,,1000.0,g
7897076024138,Torta de Frango ABC,,500.0,g
7897076025227,Pão de queijo com requeijão pré-assado,Maricota,250.0,g
7897076027375,Tapioca - La Vaquita,LaVaquita,400.0,g
7897077804807,Chocolate Em Po Melken 50% Cacau 200g Harald,Melken,200.0,g
7897077808300,Chocolate em pó 50% cacau,Harald,200.0,g
7897077820616,HARALD Chocolate em Pó Melken 50% Cacau,HARALD,200.0,g
7897077835610,MELKEN Chocolate Melken ao Leite em Gotas,MELKEN,2000.0,g
7897077836556,Unique Amazônia 70% Cacau,"Harald,Unique",400.0,g
7897077836570,HARALD Chocolate Unique Bahia 63% Cacau em Gotas,HARALD,2000.0,g
7897077837225,TOP Cobertura Meio Amargo,"Harald,TOP",1010.0,g
7897077837232,Top Cobertura ao Leite,Harald,1010.0,g
7897077837324,HARALD Cobertura TOP em Barra (Blend),HARALD,1000.0,g
7897077837362,"Gotas Top Chipshow Ao Leite - 1,010kg Harald",Harald,1010.0,g
78970779,Brie de meaux,Reflets de France,240.0,g
7897085902656,LIMPIA LAGRIMAS,Good care,100.0,mL
7897085903103,PASTA DENTAL HALICLEAN,Good Care,100.0,g
7897104907266,Isolate Definition Morango Body Action - 900g,Body Action,900.0,g
7897105200038,Tuchaua Guaraná,Coca-Cola,2000.0,mL
7897110300105,AVIAÇÃO Manteiga em Lata com Sal,AVIAÇÃO,200.0,g
7897112928222,Chocolate meio amargo Kosher parte,MUNIK,500.0,g
7897115106306,Paçoquinha,Amendupa,16.0,g
7897115108263,Delimaks,Amendupã,60.0,g
7897115108799,Paçoquinha,Amendupã,15.0,g
7897115109857,Paçoquinha Doce de Amendoim,Amendupã,20.0,g
7897116100426,Açai fino,,400.0,g
7897121190320,Prawn,Global Aliment,500.0,g
7897122600071,Feijão Carioca Cozido No Vapor Vapza Caixa 500g 2 Unidades,VAPZA,500.0,g
7897122600149,Mandioca Cozida No Vapor Vapza Caixa 500g 2 Unidades,VAPZA,500.0,g
7897122600200,Mandioquinha Cozida No Vapor Vapza 500g 2 Unidades,VAPZA,500.0,g
7897122600286,Grão de bico cozido no vapor,Vapza,500.0,g
7897122600453,Seleta De Legumes Cozida No Vapor Vapza Caixa 500g 2 Unidades,VAPZA,500.0,g
7897122600521,White Hominy,Vapza,500.0,g
7897122600576,Feijoada Cozida Vapza Caixa 500g,VAPZA,500.0,g
7897122600804,Lentilha Vapza C/bacon 280gr,VAPZA,280.0,g
7897122600910,Peito De Frango Cozido Desfiado Vapza Caixa 400g,VAPZA,400.0,g
7897122601429,Carne Bovina Em Tiras Cozida Vapza 400g,VAPZA,400.0,g
7897122601894,Peito De Frango Cozido Desfiado Orgânico Vapza Caixa 250g,VAPZA,250.0,g
7897122601955,Arroz Cozido No Vapor Integral Orgânico Vapza Caixa 250g,VAPZA,250.0,g
7897122601962,Quinoa Cozida No Vapor Orgânica Vapza Caixa 250g,Vapza,250.0,g
7897122602488,Batata Doce Cubos Cozida No Vapor Vapza Caixa 500g 2 Unidades,VAPZA,500.0,g
7897122602754,Mix quinoa,Vapza,250.0,g
7897122603010,Grão De Bico Vapza Single 250g,VAPZA,250.0,g
7897122603027,Batata Doce Vapza Single 250g,VAPZA,250.0,g
7897122603058,Seleta De Legumes Vapza Single Pacote 250g,VAPZA,250.0,g
7897122603065,Mandioca Vapza Single 250g,VAPZA,250.0,g
7897122603089,Carne Suína Desfiada Cozida Vapza 400g,VAPZA,400.0,g
7897122603119,Arroz Cozido No Vapor Orgânico 7 Grãos Vapza Caixa 250g,VAPZA,250.0,g
7897122603140,Mandioquinha Vapza Single 250g,VAPZA,250.0,g
7897122603232,Feijão Carioca Cozido No Vapor Vapza Caixa 250g,VAPZA,250.0,g
7897122603362,Maniok,Yuca Loca,500.0,g
7897122603652,Grão De Bico Cozido No Vapor Orgânico Vapza Caixa 250g,VAPZA,250.0,g
7897122606059,Carne Bovina Com Legumes Avengers Vapza Caixa 320g 2 Unidades,AVENGERS,320.0,g
7897122606066,Peito De Frango Com Mandioquinha Avengers Vapza Caixa 320g 2 Unidades,AVENGERS,320.0,g
7897122606073,Canja Com Arroz Integral Avengers Vapza Caixa 320g,AVENGERS,320.0,g
7897122606080,Feijão Carioca Orgânico Avengers Vapza Caixa 160g 2 Unidades,AVENGERS,160.0,g
7897122606103,Feijão Preto Orgânico Avengers Vapza Caixa 160g 2 Unidades,Vapza,160.0,g
7897123885965,Refrigerante Pink Lemonade Prata Garrafa 200ml,PRATA,200.0,mL
7897123885972,água Tônica Prata Garrafa 200ml,PRATA,200.0,mL
7897123885989,água Tônica Prata Zero Garrafa 200ml,PRATA,200.0,mL
7897123885996,água Tônica Prata Zero Lata 269ml,PRATA,269.0,mL
7897123886009,água Tônica Prata Lata 269ml,PRATA,269.0,mL
7897123886023,Refrigerante Citrus Prata Lata 269ml,PRATA,269.0,mL
7897123886054,Refrigerante Citrus Prata Garrafa 200ml,PRATA,200.0,mL
7897123886078,água Mineral Soda Com Gás Prata Club Soda Garrafa 200ml,PRATA,200.0,mL
7897123886085,Refrigerante Soda Prata Club Soda Lata 269ml,PRATA,269.0,mL
7897123886092,água Tônica Indian Prata Garrafa 200ml,PRATA,200.0,mL
7897123886108,Refrigerante Ginger Prata Garrafa 200ml,PRATA,200.0,mL
7897123886115,Refrigerante Ginger Prata Lata 269ml,PRATA,269.0,mL
7897123886122,água Tônica Indian Prata Lata 269ml,PRATA,269.0,mL
7897136400155,Feijao Carioca Tipo 1 Pacote 1 Kg Kicaldo,KICALDO,1000.0,g
7897137000026,CAPRILAT Caprilat Lata,Caprilat,400.0,g
7897137000033,Leite De Cabra Uht Integral Caprilat Caixa 1l,CAPRILAT,1000.0,mL
7897147210583,Linguiça de Carne Suína Tropeira Alimentos,,350.0,g
7897147211047,"Bacon de Paleta, Pernil, Lombo Tropeira Alimentos",Tropeira,200.0,g
7897147211351,Linguiça de Carne Suína Cozida e Defumada Tropeira Alimentos,,300.0,g
7897147211825,Tropeirinha Tropeira alimentos,,240.0,g
7897147211887,Linguiça tipo Calabresa Tropeira Alimentos,,400.0,g
7897147211924,Bacon Fatiado Tropeira Alimentos,,200.0,g
7897147212549,Peito de Frango Desfiado Tropeira Alimentos,,400.0,g
7897147212815,Peito de Frango,Tropeira,300.0,g
7897153001588,Manteiga com Sal,"Frizzo,Laticínios Frizzo Ltda,Laticínios Frizzo Limitada",500.0,g
7897158630110,Polpetta,Festa,200.0,g
7897163401118,Arroz caramelizado,Fransili,150.0,g
7897170830093,Farinha de Milho Dicel 500g,Dicel,500.0,g
7897170850459,Linhaça dicel dourado,,200.0,g
7897173000158,Panettone Com Gotas De Chocolate Recheio Trufado Chocolate Meio Amargo Casa Suíça Caixa 550g,WICKBOLD,550.0,g
7897173000165,Panettone Com Frutas Cristalizadas E Uvas Passas Sem Adição De Açúcar Casa Suíça Caixa 400g,CASA SUICA,400.0,g
7897173000219,Panettone Integral Sem Adição De Açúcar Casa Suíça Caixa 400g,CASA SUICA,400.0,g
7897173000332,Bolo De Páscoa Com Frutas Cristalizadas E Uvas Passas Cobertura Castanha De Caju E Granela Branca Casa Suíça Pascoattone Caixa 500g,CASA SUICA,500.0,g
7897173000349,Bolo De Páscoa Com Gotas De Chocolate Ao Leite Casa Suíça Pascoattone Caixa 500g,CASA SUICA,500.0,g
7897173000370,Bolo De Páscoa Com Gotas De Chocolate Ao Leite Recheio Trufado Chocolate Meio Amargo Casa Suíça Pascoattone Caixa 550g,CASA SUICA,550.0,g
7897173000387,Bolo De Páscoa Com Frutas Cristalizadas E Uvas Passas Casa Suíça Pascoattone Zero Caixa 400g,CASA,400.0,g
7897173000783,Panettone Com Gotas De Chocolate Sem Adição De Açúcar Casa Suíça Caixa 400g,CASA SUICA,400.0,g
7897173001056,Bolo Suíço Clássico Chocolate Casa Suíça Caixa 370g,CASA SUICA,370.0,g
7897173001070,Bolo Suíço Clássico Laranja Recheio Laranja Casa Suíça Caixa 370g,CASA SUICA,370.0,g
7897173001247,Bolo Suíço Chocolate Casa Suíça Caixa 280g,WICKBOLD,280.0,g
7897173001254,Bolo Suíço Nozes Casa Suíça Caixa 280g,WICKBOLD,280.0,g
7897173001278,Bolo Suíço Integral Castanha Do Pará Casa Suíça Caixa 250g,WICKBOLD,250.0,g
7897173001285,Bolo Suíço Integral Nozes Casa Suíça Caixa 250g,CASA SUICA,250.0,g
7897173002015,Bolo Mesclado Chocolate E Baunilha Casa Suíça Café Da Manhã Pacote 250g,CASA SUICA,250.0,g
7897173002039,Bolo Laranja Casa Suíça Café Da Manhã Pacote 250g,CASA SUICA,250.0,g
7897173002053,Bolo Chocolate Casa Suíça Café Da Manhã Pacote 250g,CASA SUICA,250.0,g
7897173003722,Bolo Baunilha Recheio Gotas De Chocolate Casa Suíça Café Da Manhã Pacote 250g,CASA SUICA,250.0,g
7897173012069,Bolinho Recheio E Cobertura Chocolate Casa Suíça Pacote 43g,CASA SUICA,43.0,g
7897173025090,Bolo De Páscoa Com Gotas De Chocolate Ao Leite Recheio Creme De Avelã Com Cacau Casa Suíça Pascoattone Caixa 550g,CASA,550.0,g
7897173049171,Panettone pavê de chocolate,Marilan,400.0,g
7897173051761,Panettone com frutas cristalizadas e uvas-passas,Marilan,400.0,g
7897173055400,Panettone Com Gotas De Chocolate Ao Leite Recheio Fondue Casa Suíça Caixa 500g,CASA,500.0,g
7897173055530,Panettone Com Gotas De Chocolate Ao Leite Recheio Creme De Avelã Casa Suíça Caixa 500g,CASA,500.0,g
7897173055950,Panettone Com Gotas De Chocolate Amargo E Cacau Recheio Dark Casa Suíça Caixa 500g,AMARGO,500.0,g
7897173057190,Bolo Suíço Baunilha Recheio Trufado Chocolate Amargo Cobertura Chocolate Casa Suíça Premium Caixa 340g,PREMIUM,340.0,g
7897173057220,Bolo Suíço Chocolate Com Coco Recheio Coco Cobertura Chocolate Casa Suíça Premium Caixa 340g,PREMIUM,340.0,g
7897173057350,Bolo Suíço Pão De Mel Cobertura Chocolate Casa Suíça Premium Caixa 340g,PREMIUM,340.0,g
7897173068950,Bolo De Páscoa Com Gotas De Chocolate Ao Leite Recheio 3 Chocolates Casa Suíça Pascoattone Caixa 550g,CASA,550.0,g
7897173074500,Panettone Paçoquita Recheio Paçoquita Cremosa Casa Suíça Caixa 500g,PAÇOQUITA,500.0,g
7897173074920,Panettone Recheio Romeu E Julieta Casa Suíça Caixa 500g,CASA,500.0,g
7897173075040,Panettone Com Gotas De Chocolate Ao Leite Recheio Trufado Chocolate Meio Amargo Casa Suíça Caixa 500g,Casa Suíça,500.0,g
7897173075170,Panettone Com Gotas De Chocolate Ao Leite Recheio 3 Chocolates Casa Suíça Caixa 500g,CASA,500.0,g
7897173075200,Panettone Com Gotas De Chocolate Ao Leite Recheio Espresso Chocolate Casa Suíça Caixa 500g,CASA,500.0,g
7897173082970,Panettone Casa Suíça La Veneziana Premium Caixa 750g,PREMIUM,750.0,g
7897173084110,Bolo De Páscoa Recheio Espresso Chocolate Casa Suíça Pascoattone Caixa 550g,CASA SUICA,550.0,g
7897173090760,Panettone Recheio Doce De Leite Casa Suíça Exclusiva Lata 1kg,CASA,1000.0,g
7897173091170,Panettone Com Gotas De Chocolate Casa Suíça Lata 750g,CASA,750.0,g
7897173091330,Panettone Com Frutas Cristalizadas E Uvas Passas Casa Suíça Exclusiva Lata 1kg,CASA,1000.0,g
7897173093341,Bolo Suíço Amêndoas Casa Suíça Premium Caixa 270g,CASA SUICA,270.0,g
7897173093358,Bolo Suíço Avelãs Chocolate Casa Suíça Premium Caixa 270g,CASA SUICA,270.0,g
7897173093365,Casa Suíça Bolo Suíço Nozes,Casa Suíça,270.0,g
7897173093600,Bolinho Cenoura Recheio Chocolate Turma Da Mônica Casa Suíça Pacote 40g,CASA SUICA,40.0,g
7897173095550,Bolo Napolitano Casa Suíça Café Da Manhã Pacote 250g,CASA SUICA,250.0,g
7897173095680,Bolo Cenoura E Chocolate Casa Suíça Café Da Manhã Pacote 250g,CASA SUICA,250.0,g
7897173098599,Panettone Com Frutas Cristalizadas E Uvas Passas Casa Suíça Caixa 400g,CASA SUICA,400.0,g
7897173098605,Panettone Com Gotas De Chocolate Casa Suíça Caixa 400g,CASA SUICA,400.0,g
7897173098728,Bolo Suíço Clássico Baunilha Recheio Gotas De Chocolate Casa Suíça Caixa 350g,CASA SUICA,350.0,g
7897173098735,Bolo Suíço Laranja Casa Suíça Caixa 280g,CASA SUICA,280.0,g
7897173098797,Bolo De Páscoa Com Gotas De Chocolate Casa Suíça Pascoattone Zero Caixa 400g,CASA,400.0,g
7897173098872,Bolinho Suíço Integral Nozes Casa Suíça Pacote 35g,CASA SUICA,35.0,g
7897173098889,Bolinho Suíço Integral Castanha Do Pará Casa Suíça Pacote 35g,CASA SUICA,35.0,g
7897173098896,Bolo Suíço Nozes Casa Suíça Pacote 35g,Casa Suíça,35.0,g
7897173098902,Bolinho Suíço Chocolate Recheio Chocolate Casa Suíça Pacote 35g,CASA SUICA,35.0,g
7897180010126,DAIMARU Molho Shoyu Especial,DAIMARU,500.0,mL
7897195921868,Néctar Life Goiaba da Fazenda,Life,1000.0,mL
7897195981299,Suco de Laranja Integral Pasteurizado,Life,2000.0,mL
7897195981305,suco life caju,life,900.0,mL
7897210201234,Batata Palha Extra Fina Visconti,Visconti,100.0,g
7897213319622,Biscoito rosca de calda,Piccinini,300.0,g
7897213319714,Bolachão de Mel,Piccinini,700.0,g
7897213319967,Biscoito doce palitos de chocolate,Piccinini,300.0,g
7897232202585,Carne de Rã Congelada Bom Peixe,,500.0,g
7897261351001,Salgadinho de trigo frito,,85.0,g
7897261351209,Karinto salgadinho de trigo frito sabor pimenta,Home Made by Misako,85.0,g
7897261351308,Karinto salgadinho de trigo frito sabor cebola,Home Made by Misako,85.0,g
7897261901183,Fumaça Líquida Bom de Brasa,Bom de Brasa,150.0,mL
7897265602703,Composto de Erva-Mate,Schneider,500.0,g
7897266800276,Balas Tendy Funcho,"Balas Tendy,Tendy,Sulmel,Mundial Alimentos",150.0,g
7897266800344,Balas Tendy de Frutas,"Balas Tendy,SulMel,Mundial Alimentos Ltda.,Mundial Alimentos",150.0,g
7897266800429,Balas Mel com Gengibre,SulMel,170.0,g
7897266800535,Castanha do Pará com cobertura sabor chocolate ao leite,Sulmel,80.0,g
7897266800658,Pão de Mel com Cobertura de Chocolate,Sulmel,200.0,g
7897268102033,Linguiça paio,Marba,370.0,g
7897268102538,Mortadela marba 180g fatiada,,180.0,g
7897269900706,Antepasto Berinjela A Gabriel Companhia Das Ervas Vidro 170g,CIA DAS ERVAS,170.0,g
7897269903691,Geleia Pimenta Jalapeño Companhia Das Ervas Vidro 260g,CIA DAS ERVAS,260.0,g
7897269903707,Geleia Menta Companhia Das Ervas Vidro 260g,CIA DAS ERVAS,260.0,g
7897269903714,Geleia Gengibre Companhia Das Ervas Vidro 260g,CIA DAS ERVAS,260.0,g
7897269903882,Geleia Pimentão Companhia Das Ervas Vidro 260g,CIA DAS ERVAS,260.0,g
7897269905909,Geleia Canela Companhia Das Ervas Vidro 260g,CIA DAS ERVAS,260.0,g
7897269908597,Relish De Pepino Companhia Das Ervas Vidro 210g,CIA DAS ERVAS,210.0,g
7897269910620,COMPANHIA DAS ERVAS Molho de Pimenta-de-Cheiro,COMPANHIA DAS ERVAS,150.0,mL
7897269910644,Molho De Pimenta Malagueta Vermelha Companhia Das Ervas Vidro 80ml,CIA DAS ERVAS,80.0,mL
7897269910668,Pasta De Pimenta Companhia Das Ervas Vidro 130g,CIA DAS ERVAS,130.0,g
7897269910682,Pimenta Comari Em Conserva Companhia Das Ervas Vidro 95g,CIA DAS ERVAS,95.0,g
7897269910729,Pimenta Jalapeño Em Conserva Companhia Das Ervas Vidro 70g,CIA DAS ERVAS,70.0,g
7897269910736,Pimenta Malagueta Em Conserva Companhia Das Ervas Vidro 80g,CIA DAS ERVAS,80.0,g
7897269910743,Pimenta Vermelha Em Conserva Companhia Das Ervas Vidro 75g,CIA DAS ERVAS,75.0,g
7897269910767,Gengibre Em Conserva Gari Companhia Das Ervas Vidro 75g,CIA DAS ERVAS,75.0,g
7897269911023,Antepasto Sardela Zero Lactose Companhia Das Ervas Vidro 140g,CIA DAS ERVAS,140.0,g
7897269926515,COMPANHIA DAS ERVAS Tempero para Carnes,COMPANHIA DAS ERVAS,50.0,g
7897272107185,Salada Mix Bluech.hiig.hydrosalads 200gr,BLUE,200.0,g
7897276600026,Doce geleia lu mocoto amendoin,,400.0,g
7897276600033,Geleia mocoto doces jp coco,,400.0,g
7897276600101,Doce geleia lu mocoto leite,,400.0,g
7897276600354,Bandeja Doce goiabada lu cristalizad,,350.0,g
7897276600415,Bandeja Doce leite lu,,350.0,g
7897276600576,Barra Doce leite lu,,400.0,g
7897276600583,Doce lu amido cristalizado,,350.0,g
7897276601160,Rapadura lu mamão coco,,600.0,g
7897277700282,Iogurte Desnatado Morango Atilatte Garrafa 500g,ATI LATTE,500.0,g
7897277700312,Iogurte Desnatado Morango Atilatte Frasco 180g,ATI LATTE,180.0,g
7897277700343,Iogurte Desnatado Coco Atilatte Garrafa 500g,ATI LATTE,500.0,g
7897277702118,Iogurte Natural Desnatado Ati Latte,Ati Latte,170.0,g
7897277702293,Iogurte Integral Morango Atilatte Garrafa 500g,ATI LATTE,500.0,g
7897277702309,Iogurte Integral Maracujá Atilatte Garrafa 500g,ATI LATTE,500.0,g
7897277702330,Iogurte Integral Morango Atilatte Frasco 180g,ATI LATTE,180.0,g
7897277703023,Iogurte Integral Natural Atilatte Copo 170g,ATILATTE,170.0,g
7897277703030,Iogurte Desnatado Atilatte Copo 170g,ATILATTE,170.0,g
7897277703085,Iogurte Integral Zero Lactose Atilatte Copo 170g,ATILATTE,170.0,g
7897277703092,Iogurte Desnatado Zero Lactose Ati Latte Copo 170g,ATI LATTE,170.0,g
7897277704082,Queijo Minas Frescal,Atilatte,420.0,g
7897277704105,Queijo Mussarela Cereja Atilatte 250g,ATILATTE,250.0,g
7897277704112,Queijo Mussarela Bola Atilatte 250g,ATILATTE,250.0,g
7897277705157,Queijo Mussarela Palito Atilatte 304g 8 Unidades,Atilatte,304.0,g
7897277705225,Kefir Desnatado Atilatte Garrafa 500g,ATILATTE,500.0,g
7897277705232,Kefir Integral Atilatte Garrafa 500g,ATILATTE,500.0,g
7897277705300,CREME DE RICOTA ATILATTE 170G,ATILATTE,170.0,g
7897295400126,Camarão Rosa D Santa Luzia 500g,SANTA LUZIA,500.0,g
7897295400218,Camarão Congelado Rosa A Santa Luzia 500g,SANTA LUZIA,500.0,g
7897295400270,Camarão Rosa Congelado Zero Extra Santa Luzia 500g,SANTA LUZIA,500.0,g
7897295400294,Filé De Linguado Congelado 500g Santa Luzia,SANTA LUZIA,500.0,g
7897295400355,Carne De Siri Congelada Santa Luzia Icap 500g,SANTA LUZIA,500.0,g
7897295400362,File Abadejo Sta.luzia Cong. 500gr,SANTA LUZIA,500.0,g
7897295400393,Camarão Cozido Gg Congelado Santa Luzia 500g,SANTA LUZIA,500.0,g
7897297200144,Biscoito Champagne Di Cunto Pacote 200g,DI CUNTO,200.0,g
7897297201004,Trança Santa Rosalia Di Cunto Caixa 550g,DI CUNTO,550.0,g
7897301200313,Brownie Nozes Helô Doces Caixa 250g,HELÔ DOCES,250.0,g
7897309400296,Fermento Biológico Seco Instantâneo Mauri 10 g,"Mauri, AB Brasil Indústri e Comércio de Alinentos LTDA",10.0,g
7897309401323,Creme Crocante OVO,ovomaltine,260.0,g
7897309401583,Chocolate Pó Solúvel 50 Cacau Fleischmann Caixa 200g,AB BRASIL,200.0,g
7897309408575,Mistura Para Bolo Aerado Chocolate Fleischmann Sachê 390g,FLEISCHMANN,390.0,g
7897309408582,Mistura Para Bolo Aerado Chocom Fleischmann Pacote 390g,FLEISCHMANN,390.0,g
7897309408599,Mistura Para Bolo Petit Gâteau Chocolate Fleischmann Sachê 350g,FLEISCHMANN,350.0,g
7897309408643,Mistura Para Bolo Aerado Cenoura Fleischmann Pacote 390g,FLEISCHMANN,390.0,g
7897310300257,Pão de Queijo Palitinho 2 Queijos Parmesão + Queijo Artesanal Mineiro,"Mineirinho,Pão de Queijo Mineirinho,Costafaria",400.0,g
7897318200023,Peta,Forno Mágico,200.0,g
7897318572816,Manteiga,Davaca,500.0,g
7897330800942,Alho Frito,Alimentos AJA,80.0,g
7897348202097,Premier papinha desmame,Premier,1000.0,g
7897348207290,"Al. Cães F. Natural Vet 10,1kg Gastro",,10100.0,g
7897348207580,Bisc. Golden 350gr Cooki Filhote,,0.35,g
7897348209010,PremieR Raças Específicas Pug adultos,,2500.0,g
7897353900254,Biscoito Recheado sabor chocolate,Vitamassa,130.0,g
7897353900476,Mini Maria Tradicional,Vitamassa,400.0,g
7897353903163,Wafer de chocolate,vitamassa,26.0,g
7897353903378,Talharim Ninhoooo!!!!!🫪,Vitamassa,300.0,g
7897372187568,Suco Goiaba Zero Açúcar Sim. Garrafa 1l,SIM,1000.0,mL
7897373185006,Palmito Pupun Carpac Brazilian 570g,,570.0,g
7897373185013,Palmito Brazilian 260g Pupunha Fettuccine,,260.0,g
7897373185020,Palmito Brazilian 270g Pupunha Inteiro,,270.0,g
7897373185037,Palmito Pupunha Rodelas Brazilian Vidro 540g,,540.0,g
7897373185051,Palmito Pupun Rod Brazilian 540g,,540.0,g
7897387100118,Polpa de maracujá,Ricaeli,100.0,g
7897393605010,Flocos de milho com açúcar,Alca Foods,300.0,g
7897393605027,Cer mat choco boll,,200.0,g
7897393605089,Fruit Rings,,200.0,g
7897393605270,Kit cer mat tigela chocoboll,,400.0,g
7897393605522,Sucrilhos,,60.0,g
7897393611028,Mingau alfafoods aveia,,200.0,g
7897393611035,Mingau alfafoods arroz,,200.0,g
7897393671015,Achoc po alcafoods choco bolo,,400.0,g
7897395000592,cerveja Itaipava 100% malte,,269.0,mL
7897395000769,Cerveja Black Princess Gold,,330.0,mL
7897395001063,CERVEJA PETRA PREMIUM ESCURA LONG NECK 330ML,,330.0,mL
7897395001292,Cerveja Cabaré Puro Malte Long Neck,,330.0,mL
7897395020644,Cerveja Petra Premium,,350.0,mL
7897395031329,It Refrigerante Guaraná Zero 2L,It,2000.0,mL
7897395031626,Energético TNT Original,TNT Energy Drink,473.0,mL
7897395040246,Itaipava vermelha 250ml,,250.0,mL
7897395040390,Cerveja Pilsen Zero álcool Itaipava Lata 350ml,ITAIPAVA,350.0,mL
7897395040659,cerveja Itaipava lager Premium lager,,350.0,mL
7897395099268,Itaipava,Itaipava,3750.0,mL
7897417400140,Refrigerante guaraná Marajá,,2000.0,mL
7897426015076,rosquinha sabor milho,Sagra,300.0,g
7897436003896,Doce cremoso sabor doce de leite,italy,400.0,g
7897436006828,Panettone gotas sabor chocolate,italy,400.0,g
7897436007368,Batata palha tradicional,Italy,200.0,g
7897443800051,Arroz Ouro Branco Tipo 1,Trevisan,1000.0,g
7897446900017,Pão Italiano Panificadora 14 De Julho Pacote 400g,PANIFICADORA 14 DE JULHO,400.0,g
7897446900024,Pão Italiano Fatiado Panificadora 14 De Julho Pacote 400g,PANIFICADORA 14 DE JULHO,400.0,g
7897469400044,Sabor & Vida Zero Lactose,Sabor & Vida,150.0,mL
7897480313811,Inseticida Natural,Mato Verde,490.0,mL
7897486300150,Carolina Frango Assado,Frango Assado,150.0,g
7897497601154,Brócolis florete,Pratigel,1020.0,g
78975033,SOYANANDA,soyana,200.0,g
7897512200713,TERELINA Frango,,450.0,g
7897512200775,TERELINA Frango & Presunto,,450.0,g
7897512400632,Salgadinho de trigo sabor bacon,Allegritos,300.0,g
7897517205607,Maionese Vegana,Fugini,360.0,g
7897517205614,Maionese vegana,Fugini,200.0,g
7897517206086,Molho de tomate tradicional,Fugini,300.0,g
7897517206116,Molho bolonhesa,Fugini,300.0,g
7897517206727,Molho branco,Fugini,250.0,g
7897517206765,Molho madeira,Fugini,290.0,g
7897517207083,Amendocrem Power Fit,Fugini,400.0,g
7897517207571,Molho barbecue,Fugini,180.0,g
7897517209025,Milho em conserva,Fugini,200.0,g
7897517209056,Ervilha em conserva,Fugini,200.0,g
7897517209278,Seleta de legumes,Fugini,200.0,g
7897517209391,Milho Verde Fugini,Fugini,170.0,g
7897517209544,Milho verde Fugini,Fugini,260.0,g
7897517209643,Dueto,Fugini,260.0,g
7897517209667,Grão de bico cozido,Fugini,170.0,g
7897518201776,Flor de sal - premium / Mr. Maker,,180.0,g
7897520800103,Água lebrinha,,350.0,mL
7897534101180,Vinho Bella Aurora,,750.0,mL
7897534839472,PE DE MOLEQUE S/AÇÚCAR 66G C/3 LEVEN,LEVEN,66.0,g
7897535412674,Mel Florada de Eucalipto Qualitá Squeeze,Qualitá,300.0,g
7897548100124,açaí mix energético,polpa união,200.0,g
7897569614075,Manteiga com sal,kreminas,500.0,g
7897571108913,Pãozinho de Batata Doce com Frango,Artisan Foods,300.0,g
7897572101074,Polenta Recheada com Queijo,Blessed,1000.0,g
7897574148312,Palito Salgado Tradicional,Recanto Verde,150.0,g
7897575107011,Almôndega vegana recheada,D+ Vegan Food,440.0,g
7897580400206,Pão Integral,Di Napole,500.0,g
7897593105075,Farinha de Trigo Integral Orgânica Alvorada,Alvorada,400.0,g
7897593105129,Polvilho Azedo Orgânico Alvorada,Alvorada,500.0,g
7897594100086,Bananinha sem açucar,Tachao de ubatuba,200.0,g
7897626300347,Farinha de arroz,Olim,1000.0,g
7897646304325,Mel Silvestre Expressão Da Natureza Bisnaga,Expressão Da Natureza,300.0,g
7897646305056,Miel de fleurs tropicales,,300.0,g
7897664120037,Sabão de coco em pó,Minuano,500.0,g
7897670720016,PALLNI Aroma de Baunilha,PALLNI,30.0,mL
7897685910297,Mandolate Especial,"Santo Antônio,Doce Santo Antônio",150.0,g
7897685913175,Doce de Mocotó Marshmallow,"Santo Antônio,Doce Santo Antônio",200.0,g
7897685914516,Paçoca Rolha - Paçoquinha,"Santo Antônio,Doce Santo Antônio",135.0,g
7897685915414,Flocos de Arroz,"Santo Antônio,Doce Santo Antônio",100.0,g
7897685916183,Paçoquinha,Santo Antônio,15.0,g
7897685920326,Pasta de amendoim com whey,Santo Antônio,450.0,g
7897700070005,Bisc.nut Amaretto Pacte 150g,NUT,150.0,g
7897700070111,Nut Mini Pao De Mel 150g .,NUT,150.0,g
7897701100145,Crutones Integrales,Fhom,90.0,g
7897701100688,Torrada Natural Fhom Caixa 110g,FHOM,110.0,g
7897701100824,Torrada Integral Grãos Fhom Caixa 110g,FHOM,110.0,g
7897701100947,Torrada Natural Fhom Fiesta Caixa 110g,FHOM,110.0,g
7897701100954,Torrada Integral Fhom Fiesta Caixa 110g,FHOM,110.0,g
7897701101029,Torrada Vegetais Fhom Caixa 110g,FHOM,110.0,g
7897701101500,Chips De Batata Ondulada Bem Orgânico Pacote 30g,BEM ORGANICO,30.0,g
7897701101517,Batata Chips Lisa Orgânica Bem Orgânico Pacote 30g,BEM ORGANICO,30.0,g
7897701101708,Chips De Mandioquinha E Batata Doce Fhom Pacote 45g,FHOM,45.0,g
7897701101715,Chips De Batatas Doces Fhom Raízes Pacote 45g,FHOM,45.0,g
7897701101784,Biscoito de Tapioca com Cobertura Sabor Chocolate,FHOM,60.0,g
7897701101814,FHOM Batata Doce Palha,Phom,120.0,g
7897701101821,Chips Mandioquinha Chips Fhom Pacote 45g,FHOM,45.0,g
7897701101845,"Biscoito De Tapioca, Linhaça E Amaranto Fhom Caixa 100g",FHOM,100.0,g
7897701101906,Chips Batatas Doces Laranja Roxa Chips Fhom Pacote 45g,FHOM,45.0,g
7897701102347,Biscoito De Tapioca Cobertura Chocolate Vegano Fhom Caixa 30g 2 Unidades,FHOM ALIMENTOS,30.0,g
7897701102354,Biscoito De Tapioca Cobertura Coco Vegano Fhom Caixa 30g 2 Unidades,FHOM ALIMENTOS,30.0,g
7897701102361,Pack Biscoito De Tapioca Cobertura Morango Vegano Fhom Caixa 30g 2 Unidades,FHOM ALIMENTOS,30.0,g
7897701103382,Snack De Milho Cebola E Salsa,Fhom,55.0,g
7897711700014,Groselha,G'Nutre,900.0,mL
7897714904303,Barra de proteínas sabor chocolate com cobertura sabor chocolate ao leite sem adição de açúcar,PW10 probene,64.0,g
7897717800015,Waffle Guli Guli Pacote 290g 6 Unidades,GULI-GULI,290.0,g
7897717800022,Waffle Light Guli Guli Pacote 280g 4 Unidades,GULI-GULI,280.0,g
7897717800039,Waffle Guli Guli Pote 220g 2 Unidades,GULI-GULI,220.0,g
7897721410002,Espaguete Petybon N 8,PETYBON,500.0,g
7897721410057,Macarrão Petybon C/ovos 500gr Ninho,PETYBON,500.0,g
7897721410095,Macarrão com Ovos Penne PETYBON Pacote,PETYBON,500.0,g
7897749710016,General de Mocotó,Vitalidade,400.0,g
7897754200182,Doce de banana cremoso,Xodon,400.0,g
7897763530508,Sorvete Napolitano,"Paviloche,Sorvetes Paviloche",714.0,mL
7897765600032,Azeitonas verdes recheadas com pimentão,Diza,330.0,g
7897765601503,Azeitonas verdes descaroçadas,Diza,250.0,g
7897766200019,Feijao Car Taruma 1kg,TARUMÃ,1000.0,g
7897766200026,Feijão carioca,Tucumã,1000.0,g
7897771400770,Mel flores de eucaliptos,Florismel,300.0,g
7897773300245,Doce de Leite Barra,Doces Sao Lourenco,450.0,g
7897773302805,Cocada Cremosa com Maracujá,Doces São Lourenço,700.0,g
7897773306209,doce de nata,São Lourenço,680.0,g
7897773310893,Ambrosia,Doces Sao Lourenco,400.0,g
7897782100010,Pão Sueco Gergelim Schoenfelder Pacote 200g,SCHOENFELDER,200.0,g
7897782100027,Pão Sueco Centeio Schoenfelder Pacote 200g,SCHOENFELDER,200.0,g
7897782100096,Pão Sueco Linhaça Schoenfelder Pacote 200g,SCHOENFELDER,200.0,g
7897786200273,Manteiga,Sibele,200.0,g
7897809036018,Queijo cottage,Ana Luiza,400.0,g
7897812201120,Mel Lambertucci Eucalipto,Lambertucci,500.0,g
7897812233503,Mel Lambertucci com Favos,Lambertucci,500.0,g
7897814700034,Cebola Roxa Fugita 400g,FUGITA,400.0,g
7897814700041,Cebola Branca Fugita 400g,FUGITA,400.0,g
7897814700065,Cebola Para Tempero Fugita 400g,FUGITA,400.0,g
7897814700317,Cebola Roxa Selecionada Fugita 1kg,FUGITA,1000.0,g
7897817100046,ADE Labovet 250ml,LaboNet,250.0,mL
7897823800022,Cafe Luziânia Almof,,250.0,g
7897823800039,Cafe Luziânia Almof,,500.0,g
7897844399765,Polenta Palito Tradicional Congelada,Chef,1000.0,g
7897846900211,GRINGS Aveia em Flocos Graúdos,Grings,500.0,g
7897846900426,GRINGS Farinha de Trigo Integral Grings,GRINGS,1000.0,g
7897846900938,Grings Açúcar Mascavo Orgânico,Grings,500.0,g
7897846901232,Granola Banana & Cacau,Grings,800.0,g
7897846901393,Açúcar Demerara Grings Dourado GRINGS,Grings,500.0,g
7897846901539,GRINGS Matcha Gourmet,GRINGS,30.0,g
7897846901775,GRINGS Matcha Tangerina com Gengibre,GRINGS,100.0,g
7897846901782,GRINGS Matcha Cranberry,GRINGS,100.0,g
7897846902895,Açúcar Demerara Dourado - GRINGS,Grings,500.0,g
7897846902925,Açúcar mascavo orgânico,Grins,500.0,g
7897846903359,Aveia em Flocos Grossos Grings,Grings,180.0,g
7897846903366,Aveia Prezunic em Flocos Finos,Prezunic,500.0,g
7897859001004,Pão de queijo congelado,Duduxo,2000.0,g
7897866601471,Farofa Caseira Tradicional,Alimentos  Massalho,400.0,g
7897873010112,Azeite De Dendê,Talisca,950.0,mL
7897873011898,Pimenta Bode Amarelha,Talisca,70.0,g
7897877000256,Vigor Grego Ultracremoso,Vigor,90.0,g
7897886700048,Sembei,Phaza,200.0,g
7897886700055,Sembei Enrolado,Phaza,200.0,g
7897886900011,açúcar alegre,açúcar alegre,1000.0,g
7897900310604,Trio Light Banana com Aveia e Mel,"Trio,Trio Alimentos",22.0,g
7897900313070,Deli -  Mousse de Chocolate,Trio,20.0,g
7897903111888,Beb Lac Bio Lat,BIOLAT,850.0,g
7897903111901,Beb Lac Bio Lat,BIOLAT,850.0,g
7897907609916,Dudogs,,350.0,g
7897912000227,Iogurte integral com Morango,,1000.0,g
7897918200645,Mel Puro Apis Vida,Apis Vida,500.0,g
7897918201062,Mel Orgânico Apis Vida,Apis Vida,500.0,g
7897918203813,Mel,APISVIDA,300.0,g
7897928200574,Pé de Moleque,Gulosina,1500.0,g
7897928202066,Paçoca de Amendoim Rolha,Gulosina,15.0,g
7897932900149,Farinha de trigo tipo 1,Dona Laura,1000.0,g
7897935301226,Pastel de queijo com goiabada,Sequilhato,250.0,g
7897942100010,Macarrão Para Yakissoba Alfa 500g,ALFA,500.0,g
7897942100072,Alfa Macarrao De Arroz Mifum 500gr Mifun,ALFA,500.0,g
7897942100416,Mistura P/ Tempura 500g Alfa,ALFA,500.0,g
7897942100430,Mistura Flocada Alfa 200g Panko,PANKO,200.0,g
7897942100447,ALFA Farinha Panko,ALFA,400.0,g
7897946400208,Caninha,Chora Rita,490.0,mL
7897951610128,Leite Pasteurizado Integral Serramar Garrafa 1L,"SERRAMAR, COOPERATIVA AGROINDUSTRIAL SERRAMAR,",1000.0,mL
7897951610395,Queijo minas frescal,Serramar,400.0,g
7897951610623,Manteiga Extra Com Sal Serramar Pote 200g,SERRAMAR,200.0,g
7897951611040,Iogurte natural integral,Serramar,170.0,g
7897951615123,Milk mix,,180.0,g
7897951670627,Leite Pasteurizado Homogeneizado Semidesnatado Serramar Pacote 1l,SERRAMAR,1000.0,mL
7897951670641,iogurte Ameixa Serramar,,170.0,g
7897953700346,Goiaba Em Calda Metades Diet House Vidro 160g,DIET HOUSE,160.0,g
7897953700377,Doce Pastoso Banana Light Diet House Vidro 250g,DIET HOUSE,250.0,g
7897953700384,Doce Pastoso Abóbora Com Coco Light Diet House Vidro 250g,DIET HOUSE,250.0,g
7897953700414,Fondant De Leite Pastoso Diet House Vidro 250g,DIET HOUSE,250.0,g
7897953700421,Abacaxi Em Calda Metades Light Diet House Vidro 160g,DIET HOUSE,160.0,g
7897953700445,Figo Em Calda Metades Light Diet House Vidro 160g,DIET HOUSE,160.0,g
7897972000151,Kim Pão de Forma,"Kim, Kim Neto Indústria e Comércio de Alimento LTDA.",500.0,g
7897972000618,Bolo sabor Mesclado (sabor Coco e Chocolate) sem Lactose,"Kim,Masf Industria e Comércio de Panificação Limitada,Kim Neto Industria e Comércio de Panificação Limitada,MASF IND. E COM.,MASF IND. E COM. DE PANIFICAÇÃO LTDA,KIM NETO IND. E COM. DE PANIFICAÇÃO LTDA",250.0,g
7897972001103,Kim Bisnaguinhas,"Kim,Kim Neto Ind.Com.Panificação",300.0,g
7897972005392,Kim,Kim,400.0,g
7897972007686,Pão Macadâmia e Chia,Kim,400.0,g
7897974400041,Queijo Tipo Grana Ralado Gran Formaggio Pacote 100g,GRAN FORMAGGIO,100.0,g
7897974400249,Queijo Tipo Grana Ralado Gran Formaggio Pacote 100g,GRAN FORMAGGIO,100.0,g
7897974400676,Queijo Grana Lascas Gran Formaggio 300g,GRAN FORMAGGIO,300.0,g
7897974400720,Queijo Parmesão Fracionado,RAR,200.0,g
7897977909916,Doce abóbora amore c/coco,,250.0,g
7897977909923,Goiabada lisa amore pt,,250.0,g
7897977909930,Goiabada cascão amore pt,,250.0,g
7897977909947,Marrom glace amore pt,,250.0,g
7897977910042,Marr glace amore,,300.0,g
7897977910295,Pasta de amendoim integral,AMORE PROTEIN,1010.0,g
7897983000096,Torresmo Pronto para Comer Torresminas,,70.0,g
7897983000324,Torresmo Semi-Pronto Torresminas,,200.0,g
7897983000416,Torresmo Pronto para Comer Sabor Tradicional Torresminas,,180.0,g
7897983507335,Picolé sabor goiaba,,45.0,g
7897983507458,Picolé sabor manga,,45.0,g
7897983507687,Picolé sabor chiclete,Riacho,45.0,g
7898002470074,Geleia Homemade Premium 320gr Amora,HOMEMADE,320.0,g
7898002470104,Geleia Homemade Premium 320gr F Vermelhas,HOMEMADE,320.0,g
7898002470128,Geleia Homemade Premium 320gr F Silvestres,HOMEMADE,320.0,g
7898002470647,Geleia Purifruti T Monica 230gr Frutimix,PURIFRUTI,230.0,g
7898002470937,Geleia Homemade Zero 250gr Morango,HOMEMADE,250.0,g
7898002470944,Geleia Homemade Zero 250gr Damasco,HOMEMADE,250.0,g
7898002470951,Geleia Homemade Zero 250gr Amora,HOMEMADE,250.0,g
7898002471088,Geleia Purifruti T Monica 230gr Uva,PURIFRUTI,230.0,g
7898002471125,Geleia Homemade Goiaba Zero 250gr,HOMEMADE,250.0,g
7898002471231,Geleia Homemade 320g Frutas Amarelas,HOMEMADE,320.0,g
7898002471323,Geleia de Goiaba Casas Pedro,Casas Pedro,300.0,g
7898002471514,Geleia Homemade Morango Crawberry 170g,HOMEMADE,170.0,g
7898002471538,Geleia Ducopo Morango,Ducopo,230.0,g
7898002471569,Geleia Bacon Homemade Gourmet Vidro 180g,HOMEMADE,180.0,g
7898003280450,Doce De Leite Portão De Cambuí Pacote 200g,PORTÃO DE CAMBUÍ,200.0,g
7898003280467,Doce de Leite com Coco,Portão de Cambuí,200.0,g
7898003280474,Doce com Leite e Chocolate,,200.0,g
7898003280481,Doce De Leite Com Ameixa Portão De Cambuí Pacote 200g,PORTAO DE CAMBUI,200.0,g
7898003280580,Doce de leite,Portão de Cambuí,25.0,g
7898003280658,Doce De Leite Com Coco Portão De Cambuí Pacote 165g,PORTAO DE CAMBUI,165.0,g
7898003281167,Amor de Minas,Portão de Cambuí,47.0,g
7898003541902,Néctar de tangerina,Suvalan,1000.0,mL
7898005050204,Biscoito.trench 100gr Biju,100%,100.0,g
7898005050624,Palito Trench 160gr Ao Leite,TRENCH,160.0,g
7898005516175,Água mineral natural Ster Bom,Ster Bom,510.0,mL
7898005651029,Doce de Leite Rita,Cooper,400.0,g
7898005653504,Leite Integral Cooper Rita 1L,cooper rita,1000.0,mL
7898005653528,Milk,Cooper Rita,1000.0,mL
7898006950510,Top Sundae,Oggi,120.0,g
7898007290035,Feijão comum preto,Feijão da Serra,1000.0,g
7898012381759,SoyCream Brigadeiro,Trivialy,500.0,g
7898012780651,Queijo Parmesão Tropical (PJ LATICÍNIOS),PJ LATICÍNIOS,200.0,g
7898013350150,Feijão,Gibi,1000.0,g
7898013650038,Disco Italiany pastel,,500.0,g
7898013651004,Massa italiany folhada,,300.0,g
7898013651103,Massa Nonanella,,500.0,g
7898013651110,Massa pastel Nonanella 2kg,,2000.0,g
7898013651271,Massa Pastelão Italiany 300g,,300.0,g
7898014852813,Leite fermentado desnatado com preparado de fruta sabor baunilha,Unibaby,850.0,g
7898014940152,Peito Pato S/osso Germania,VILLA GERMANIA,480.0,g
7898016050262,Jamava Leite fermentado,,800.0,g
7898016050279,Leite fermentado,Jamava,120.0,g
7898016290385,mini broa de milho,girassol,300.0,g
7898016720431,"Iogurte Banana, Maçã e Mamão Top Milk 120g",,120.0,g
7898016720523,Iogurte Top Milk Fazenda Côco 170g,,170.0,g
7898017330868,Linguiça tipo calabresa,Friella,452.0,g
7898017430018,Café Zaire,Café Zaire,250.0,g
7898017920199,Cafè torrado e moído,,250.0,g
7898018080052,Nhoque De Batata Paola Di Verona 400g,PAOLA DI VERONA,400.0,g
7898018080069,Ravióli Ricota Paola Di Verona 400g,PAOLA DI VERONA,400.0,g
7898018080076,Ravioloni De Mozzarella De Búfala Paola Di Verona 400g,PAOLA DI VERONA,400.0,g
7898018080090,Torteloni Com Recheio De Alcachofra Paola Di Verona Cartucho 400g,PAOLA DI VERONA,400.0,g
7898018080304,Molho De Tomate Paola Di Verona Vidro 350g,PAOLA DI VERONA,350.0,g
7898018080311,Molho Quatro Formaggio Paola Di Verona Vidro 350g,PAOLA DI VERONA,350.0,g
7898018084081,Batata Palha Paola Di Verona Pote 120g,PAOLA DI VERONA,120.0,g
7898019061425,Ovos tipo extra vermelhos,Granja Marutani,1160.0,g
7898019861414,Plenipil,Ourofino,30.0,g
7898019861421,Plenipil snacks,Ourofino,84.0,g
7898019867263,Antipulga NeoPet 40kg,,4.02,mL
7898019868000,Nulli,Ourofino,10.0,mL
7898020213431,Ketchup Pramesa,Pramesa,400.0,g
7898022323053,Mel Composto Casas Pedro,Casas Pedro,220.0,g
7898022323343,Extrato de Própolis Verde Casas Pedro,Casas Pedro,30.0,mL
7898022323367,Spray de Extrato de Própolis Mel Romã e Hortelã Casas Pedro,Casas Pedro,30.0,mL
7898022323381,Extrato Aquoso de Própolis Casas Pedro,Casas Pedro,30.0,mL
7898022390079,Manteiga,Brasil Lácteos,200.0,g
7898024390107,caja  Ferrero Rocher,Ferrero Rocher,200.0,g
7898024394181,Nutella 350g,Ferrero,350.0,g
7898024395232,Nutella Ferrero,Ferrero,140.0,g
7898024395331,Ferrero rocher,"Ferrero Rocher,Ferrero",300.0,g
7898024395850,Kinder Ovo,Ferrero,40.0,g
7898024396529,Nutella,Ferrero,650.0,g
7898024396994,Bombom Ferrero Rocher Bandeja 150g 12 Unidades,Ferrero,150.0,g
7898024397090,Kinder Ovo Star Wars edição especial de páscoa,"Kinder,Ferrero",40.0,g
7898024397151,Bombom Ferrero Collection Caixa 77g 7 Unidades,FERRERO ROCHER,77.0,g
7898024397199,Ovo De Páscoa Ao Leite Ferrero Rocher 225g,FERRERO ROCHER,225.0,g
7898024397205,Ovo De Páscoa Ao Leite Ferrero Rocher 365g,FERRERO ROCHER,365.0,g
7898024397212,Ovo De Páscoa Ao Leite Ferrero Collection 241g,FERRERO COLLECTION,241.0,g
7898024397229,Ovo De Páscoa Ao Leite Ferrero Collection 354g,FERRERO COLLECTION,354.0,g
7898024397861,Ferrero Rocher,Ferrero,50.0,g
7898024397915,Nutella B-ready,Nutella,22.0,g
7898024450146,Queijo Minas Padrão,Três Marias,500.0,g
7898024871569,Geleia de Amora Casas Pedro,Casas Pedro,300.0,g
7898026260026,Pastel dough,Capelle,500.0,g
7898026260088,Douglas in a Roll,Capelle,500.0,g
7898026321659,Pingolitos Sabor Queijo,,120.0,g
7898027121050,Mel,Natucentro,470.0,g
7898027654145,jugo de manzana,camp,1000.0,mL
7898027658457,Granulado crocante camp,Camp,130.0,g
7898027890222,Manteiga com sal,Anila,200.0,g
7898028000156,Sal Light 500g - Neve,Neve,500.0,g
7898029210219,Doce de Leite LASERENISSIMA,LA SERENISSIMA,400.0,g
7898029651227,Leite em Pó Semidesnatado instantâneo,Itambé,300.0,g
7898033580100,Feijão Preto,Brehm,1000.0,g
7898034670022,Butter,Colgua,1.0,g
7898034770197,Pão de Sanduíche,Feiten,500.0,g
7898034922350,iogurte parcialmente desnatado natural,Isis,150.0,g
7898036491472,Sorvete Flocos Jundiá Pote 2l,JUNDIA,2000.0,mL
7898036491670,Sorvete Bombom Jundiá Pote 2l,JUNDIA,2000.0,mL
7898036492370,Sorvete Napolitano Jundiá Pote 2l,JUNDIA,2000.0,mL
7898036492738,Sorvete Cioccolato Jundiá Pote 2l,JUNDIA,2000.0,mL
7898036492820,Sorvete Coco Com Abóbora Jundiá Clássicos Sorveteria Pote 950ml,JUNDIA,950.0,mL
7898036492837,Sorvete Crocante Jundiá Clássicos Sorveteria Pote 950ml,JUNDIA,950.0,mL
7898036492844,Sorvete Paçoca Jundiá Clássicos Sorveteria Pote 950ml,JUNDIA,950.0,mL
7898036492851,Sorvete Tentação Jundiá Clássicos Sorveteria Pote 950ml,JUNDIA,950.0,mL
7898036493018,"Sorbet Açaí Com Guaraná Fuzzy Pote 1,5l",JUNDIA,1500.0,mL
7898036493056,"Sorvete Trufadinho Jundiá Fascino Collection Pote 1,5l",JUNDIA,1500.0,mL
7898036493063,"Sorvete Trufatine Jundiá Fascino Collection Pote 1,5l",JUNDIA,1500.0,mL
7898036493087,fascino torta de limão,JUNDIA,1500.0,mL
7898036493094,"Sorvete Caramelt Jundiá Fascino Collection Pote 1,5l",JUNDIA,1500.0,mL
7898036493100,"Sorvete Trufadinho Bianco Jundiá Fascino Collection Pote 1,5l",JUNDIA,1500.0,mL
7898036493117,"Sorvete Iogurte Cobertura Frutas Vermelhas Jundiá Fascino Collection Pote 1,5l",JUNDIA,1500.0,mL
7898037640220,suco isis frutas cítricas,,1000.0,mL
7898037640305,suco isis guaraná e açaí,,1000.0,mL
7898037640558,suco isis sabor uva e maçã,,1000.0,mL
7898038710755,Sobert de Açaí com Guaraná,Sorvebom,1000.0,mL
7898038730111,YAMAMOTOYAMA Chá Verde Orgânico,YAMAMOTOYAMA,30.0,g
7898039680095,Cheddar scala,Scala,400.0,g
7898039680187,Requeijão Cremoso Linha Profissional,Scala,400.0,g
7898039680286,Manteiga Scala 250g,Scala,200.0,g
7898039680316,Marg Scala 500g,,500.0,g
7898039680385,Requeijão Cremoso Reduzido em Gorduras Totais e Calorias,Scala,200.0,g
7898039680590,Requeijão Cremoso para Dietas com Restrição de Lactose,Scala,200.0,g
7898039680613,Cream Cheese Scala,,1200.0,g
7898039680620,Cream Cheese Scala,,400.0,g
7898039680774,Requeijão Cremoso Linha Profissional,Scala,1500.0,g
7898039680835,queijo coalho scala,,285.0,g
7898039680842,Queijo Provolone Fresco Defumado,Scala,300.0,g
7898040080778,Linguiça de frango com bacon,Super Frango,800.0,g
7898040080785,Linguiça de frango com queijo Super Frango,,800.0,g
7898040081829,Linguiça de frango com limão siciliano Super Frango,Super Frango,800.0,g
7898040380052,Bala De Coco Alfiniz,MARCA,120.0,g
7898041790546,Sequilhos sabor coco,Vale do Prata,350.0,g
7898041790577,Sequilhos sabor banana com canela,Valo do prata,350.0,g
7898043740761,Bolo formigueiro,De Panes,400.0,g
7898044350273,Pao Frances,Brico,260.0,g
7898044851077,Creme Gelado de Morango,Fruitming,240.0,mL
7898045700237,Geleia de Morango Turma Da Mônica Vidro,Turma Da Mônica,230.0,g
7898045700268,Doce de goiaba cremosa,,400.0,g
7898045700558,Extrato de Tomate Val Copo (190 g),VAL,190.0,g
7898045702057,Extrato de Tomate Val Sachê,Val,140.0,g
7898045702156,VAL Geleia de Morango Val Top Down,VAL,230.0,g
7898046240015,Queijo Minas Frescal,Camanducaia,500.0,g
7898049711086,Pentabiotico veterinario 2.400.000 UI,Zoetis,3.4,g
7898051672849,Mel Silvestre Orgânico Shambala,Shambala,500.0,g
7898051681001,Açúcar Demerara Orgânico Itajá Pacote 1kg,ITAJA,1000.0,g
7898051687775,Açúcar Cristal Orgânico Itajá Pacote 1kg,ITAJA,1000.0,g
7898053200019,Feijão Carioca Tipo 1 Nene Pacote 1kg,NENE,1000.0,g
7898053581668,Organew,Vetnil,1000.0,g
7898053586298,Alantol pomada,Vetnil,25.0,g
7898053594880,PELO Y DERME 1500,Vetnil,90.0,g
7898055420200,"Granola Cereais Crocantes, Passas E Mel Naturale Pacote 1kg",NATURALE,1000.0,g
7898055420330,"Pack Barra De Cereal Banana, Aveia Cobertura Chocolate Light Naturale Caixa 75g 3 Unidades",NATURALE,75.0,g
7898055420347,Pack Barra De Cereal Castanhas E Aveia Light Naturale Caixa 75g 3 Unidades,NATURALE,75.0,g
7898055420354,"Pack Barra De Cereal Morango, Aveia Cobertura Chocolate Light Naturale Caixa 75g 3 Unidades",NATURALE,75.0,g
7898055420422,Pack Barra De Cereal Brigadeiro Com Aveia Cobertura Chocolate Light Naturale Caixa 75g 3 Unidades,NATURALE,75.0,g
7898055420484,Granola Cereais Crocantes Com Frutas Naturale Pacote 1kg,NATURALE,1000.0,g
7898055421504,Aveia Em Flocos Grossos Naturale Somos Aveia Caixa 170g,NATURALE,500.0,g
7898055421511,Aveia Em Flocos Finos Naturale Somos Aveia Caixa 170g,NATURALE,170.0,g
7898055451624,SORVETE TOYA,TOYA,1000.0,mL
7898055453239,Manteiga Comum com Sal,Toya,500.0,g
7898055841319,Palmito Cultiverde Picado 300gr,CULTIVERDE,300.0,g
7898055841562,Palmito Pupunha Em Conserva Inteiro Cultiverde Vidro 270g,CULTIVERDE,270.0,g
7898055841586,Palmito Pupunha Em Conserva Inteiro Cultiverde Vidro 90g,CULTIVERDE,90.0,g
7898055841814,Palmito Pupunha Em Conserva Inteiro Cultiverde Vidro 300g,CULTIVERDE,300.0,g
7898056082605,"Sorvete sabor chocolate, creme e nata com cobertura sabor chocolate meio amargo",Cremoso,3000.0,mL
7898056230037,Mel Flora Néctar Squeeze 280g,FLORA NECTAR,280.0,g
7898056230587,Mel Ebia Pote 350g,EBIA,350.0,g
7898056230815,Mel Flora Néctar Pote 200g 50 Unidades,FLORA NECTAR,200.0,g
7898056231362,Mel Florada De Laranjeira Flora Néctar Squeeze 300g,FLORA NECTAR,300.0,g
7898056430444,BACON CALEMBA 200G FAT,CALEMBA,200.0,g
7898058580086,Nhoque De Batata Caseiro Dona Thereza 500g,DONA THEREZA,500.0,g
7898058580109,Rondelli Presunto E Queijo Dona Thereza Pacote 400g,DONA THEREZA,400.0,g
7898058580161,Canelone Quatro Queijos Dona Thereza 400g,DONA THEREZA,400.0,g
7898058580215,Massa Para Lasanha E Canelone Dona Thereza 500g,DONA THEREZA,500.0,g
7898058580321,Talharim Dona Thereza 400g,DONA THEREZA,400.0,g
7898058580383,"Rondelli Espinafre, Mussarela E Requeijão Dona Thereza Pacote 400g",DONA THEREZA,400.0,g
7898058581557,Capeletti De Carne Cozido Dona Thereza 400g,DONA THEREZA,400.0,g
7898058980145,goiabada cascão,Famoso,400.0,g
7898059230034,Doce de leite em Tablete,Doces Ensa,400.0,g
7898059340405,Pão integral,Rei do Pão,400.0,g
7898059851000,Verdura Salada Alface Amer.org. Rio De Una 200g,RIO DE UNA,200.0,g
7898059851079,Salada Garden Salad Orgânica Rio De Una Pacote 200g,RIO DE UNA,200.0,g
7898059851109,Salada Italiana Orgânica Rio De Una Pacote 200g,RIO DE UNA,200.0,g
7898061680575,Sal Grosso Tempero Especial,Bom Gosto,500.0,g
7898061708538,Iogurte de vitamina de frutas,Flamboyant,1250.0,g
7898061709566,Dia a Dia Vitamina de Frutas,Flamboyant,480.0,g
7898063760015,concentrado maracuja,Bela Ischia,1000.0,mL
7898063767007,Bela Ischia uva integral,,1000.0,mL
7898064011604,requeijão cremoso,Betânia,400.0,g
7898064011666,Bebida Láctea UHT sabor chocolate para dietas com restrição de lactose,Betânia,250.0,mL
7898064011673,BETÂNIA Leite em Pó Integral Betânia,Betânia,200.0,g
7898064016210,yobem whey cafe expresso,Betânia,250.0,mL
7898066622198,Bolo Americano Nozes E Damasco Fin Arte Pote 350g,FIN ARTE,350.0,g
7898066623119,Bolo Fubá Fin Arte Pote 300g,FIN ARTE,300.0,g
7898066623126,Bolo amanteigado sabor laranja,Fin arte,300.0,g
7898066625199,Brownie Chocolate E Nozes Fin Arte Bandeja 300g,FIN ARTE,300.0,g
7898066625298,Brownie Chocolate E Nozes Light Fin Arte Bandeja 200g,FIN ARTE,200.0,g
7898066626394,Bolo Americano Nozes E Damasco Light Fin Arte Pote 275g,FIN ARTE,275.0,g
7898067340404,Pão de alho,Santa Massa,400.0,g
7898067340527,Pão de Alho Baguete Levemente Picante,Santa Massa,240.0,g
7898067340671,Pururuca,Santa Massa,60.0,g
7898067740020,Ovos Brancos,Santa Maria,600.0,g
7898070110803,Geleia de morango,CASA MADEIRA,240.0,g
7898070110841,Grape juice,Casa Madeira,1000.0,mL
7898070111596,Grape Juice,Casa Madeira,250.0,mL
7898072690013,Queijo Mussarela De Búfala Bola No Soro Búfalo Dourado 500g,BÚFALO DOURADO,500.0,g
7898072690204,Queijo Mussarela De Búfala Cerejinha Búfalo Dourado 200g,BÚFALO DOURADO,200.0,g
7898072690280,Queijo Burrata De Búfala Zero Lactose Búfalo Dourado 120g,BÚFALO DOURADO,120.0,g
7898072690433,Queijo Burrata De Búfala Ao Pesto Búfalo Dourado 120g,BÚFALO DOURADO,120.0,g
7898072690464,Queijo Mussarela De Búfala Fatiado Búfalo Dourado 100g,BÚFALO DOURADO,100.0,g
7898073355416,Lisboa Blend Manteiga,,500.0,mL
7898075640732,Champignons inteiros em conserva,Campo Belo,170.0,g
7898075641180,azeitona,,170.0,g
7898077653099,Salada Americana Hiromi 170g,AMERICA,170.0,g
7898079240167,Cort-trat SM injetavel,,10.0,mL
7898079290025,Pimenta do reino em pó italianinho,Italianinho,10.0,g
7898079290063,Cravo da Índia italianinho,Italianinho,10.0,g
7898079290117,Erva doce italianinho,Italianinho,10.0,g
7898079292982,Geleia de mocotó,Italianinho,220.0,g
7898079293965,Queijo ralado,Italianinho,50.0,g
7898079294009,Tempero baiano italianinho,Italianinho,20.0,g
7898080640017,Leite Uht Integral 1l Com Tampa Italac,ITALAC,1000.0,mL
7898080640024,Leite Uht Desnatado 1 L Italac,ITALAC,1000.0,mL
7898080640185,Leite Uht Semidesnatado 1l Italac,ITALAC,1000.0,mL
7898080640222,Creme de Leite UHT Italac,Italac,200.0,g
7898080640239,Bebida Láctea Uht Sabor Chocolate 200ml Italac,ITALAC,200.0,mL
7898080640246,Creme de Leite Leve ITALAC,ITALAC,200.0,g
7898080640369,leite integral italac,Italac,400.0,g
7898080640376,Leite em Pó Integral,Italac,400.0,g
7898080640413,Leite Condensado,Italac,395.0,g
7898080640529,Leite cond italac tp,,270.0,g
7898080640611,Leite UHT Integral,Italac,1000.0,mL
7898080640635,Leite UHT Desnatado,Italac,1000.0,mL
7898080640673,achocolatado instant�neo Italac,Italac,500.0,g
7898080640765,Doce de Leite Italac 350g,Italac,350.0,g
7898080640826,Italac Mix de Frutas,Italac,200.0,mL
7898080640840,Achoc Po italac zr acuc,,210.0,g
7898080640925,Bebida Láctea UHT Chocolate,Italac,1000.0,mL
7898080640963,Pó para preparo de bebidas sabor morango,Italac,400.0,g
7898080641328,Leite Integral Nilza 1L,Nilza,1000.0,mL
7898080641380,Leite Condensado Semidesnatado,Nilza,395.0,g
7898080641557,Creme de Leite Zero Lactose,Italac,200.0,g
7898080641564,Leite condensado zero lactose - Italac,Italac,395.0,g
7898080641571,Mist bolo italac coco,,400.0,g
7898080641779,Mist bolo italac mil cr,,400.0,g
7898080642370,Leite Italac UHT Integral Zero Lactose 1L,Italac,1000.0,mL
7898080642646,Leite Condensado Integral Italac,Italac,395.0,g
7898080642660,Queijo Ralado,Italac,40.0,g
7898080642790,Farinha Láctea italac 180 g,Italac,180.0,g
7898080642806,Farinha de Aveia,Italac,165.0,g
7898080642813,Cer inf meu papa mil,,180.0,g
7898080642844,Sabor Morango,Italakinho,200.0,mL
7898080642882,Whey Chocolate,Italac,250.0,mL
7898080642899,Bebida láctea UHT sabor banana,Italac PRO PLAY,250.0,mL
7898080642936,Aveia em flocos,Italac,200.0,g
7898080642974,Mist láctea italac tp,,395.0,g
7898080643216,Bebida Láctea sabor chocolate Chocky,Italac,190.0,mL
7898080662262,Energético Baly Lata 250ml,BALY,250.0,mL
7898080662668,Energético Baly Garrafa 2l,BALY,2000.0,mL
7898080663733,Energético Baly Lata 473ml,BALY,473.0,mL
7898080664037,Energético Tropical Baly Lata 250ml,BALY,250.0,mL
7898080664112,Energético Tropical Baly Garrafa 2l,BALY,2000.0,mL
7898080664273,Energético Tropical Baly Lata 473ml,TROPICAL,473.0,mL
7898080664372,Energético Melancia Baly Lata 250ml,BALY,250.0,mL
7898080664389,Baly Energy Drink Melancia Garrafa 2L,Baly Energy Drink,2000.0,mL
7898080664402,Energético Melancia Baly Lata 473ml Leve Mais Pague Menos,LEVE MAIS,473.0,mL
7898080664563,Energético Maçã Verde Baly Garrafa 2l,BALY,2000.0,mL
7898080664570,Energético Maçã Verde Baly Lata 250ml,BALY,250.0,mL
7898080664747,Refrigerante de Fruta (Limão e Framboesa),bahamas,250.0,mL
7898080664815,Energético Maçã Verde Zero Açúcar Baly Lata 473ml,BALY,473.0,mL
7898080664839,Energético Melancia Zero Açúcar Baly Lata 473ml,BALY,473.0,mL
7898080664846,Energético Manga Baly Summer Loko Lata 473ml,SUMMER,473.0,mL
7898080664891,Energético Tangerina Baly Garrafa 2l,BALY,2000.0,mL
7898080664907,Energético Tangerina Baly Lata 250ml,BALY,250.0,mL
7898080664990,Energético Morango E Pêssego Das Galáxias Baly Lata 250ml,MORANGO,250.0,mL
7898080810113,Sorvete Leite Trufado Perfetto Variatta Single Pote 500ml,PERFETTO,500.0,mL
7898080810892,"Sorvete Banana Com Açaí Perfetto Variatta Pote 1,8l",PERFETTO,1800.0,mL
7898080810908,"Sorvete Chocolate Perfetto Variatta Pote 1,8l",PERFETTO,1800.0,mL
7898080810922,"Sorvete Mousse De Maracujá Perfetto Variatta Pote 1,8l",PERFETTO,1800.0,mL
7898080810939,"Sorvete Morango Perfetto Variatta Pote 1,8l",PERFETTO,1800.0,mL
7898080811004,Sorvete Abacaxi Perfetto,,2000.0,mL
7898080811363,"Sorvete Leite Trufado Perfetto Variatta Pote 1,8l",PERFETTO,1800.0,mL
7898080811721,Sorvete Zero Lactose Leite Trufado Perfetto,Del Valle,1000.0,mL
7898080811752,Sorvete Morango Perfetto Variatta Single Pote 500ml,PERFETTO,500.0,mL
7898080811868,"Sorvete Coco Trufado Perfetto Variatta Pote 1,8l",PERFETTO,1800.0,mL
7898080812070,Pack Picolé Baunilha Cobertura Chocolate Perfetto Fazendo Festa Caixa 400g 8 Unidades,PERFETTO,400.0,g
7898080812094,Sorvete Mousse De Maracujá Perfetto Variatta Single Pote 500ml,PERFETTO,500.0,mL
7898080812353,Sorvete Chocolate Perfetto Variatta Single Pote 500ml,PERFETTO,500.0,mL
7898080812957,"Sorvete Love Story Perfetto Variatta Special Pote 1,8l",PERFETTO,1800.0,mL
7898080813008,Sorvete Flocos Perfetto Pote 2l,PERFETTO,2000.0,mL
7898080815026,Sorvete Creme Perfetto Pote 2l,PERFETTO SORVETES,2000.0,mL
7898080817938,"Sorvete Brownie Das Galáxias Perfetto Variatta Special Pote 1,8l",PERFETTO,1800.0,mL
7898080818003,Sorvete Napolitano Perfetto Pote 2l,PERFETTO SORVETES,2000.0,mL
7898081291812,Moela Real,,800.0,g
7898081790025,Mel Amigos da Terra Laranjeiras,Amigos da Terra,500.0,g
7898081790049,Mel Amigos Da Terra Flores Silvestres Bisnaga,Amigos Da Terra,500.0,g
7898083070668,Ovos Vermelhos Grande Orgânico Taeq,Taeq,600.0,g
7898083840032,Ovo De Codorna Em Conserva Corbalan Pote 250g,CORBALAN,250.0,g
7898083840193,Espeto Muito Corbalan Conservas,,2400.0,g
7898087591206,Wrap,"Qualibread, Marsala",270.0,g
7898088103019,Glaceador sabor chocolate,Donelly,350.0,g
7898088792282,Salgadinho sabor requeijão,Point chips,200.0,g
7898091232331,MN FOOD Molho Shoyu Orgânico Tradicional,MN FOOD,500.0,mL
7898093190455,bananada de banana,,300.0,g
7898093190486,bananada com canela,,300.0,g
7898094761791,Bolibol,Ki-kakau,340.0,g
7898095317874,Açaí com Morango Toc Frio,,2000.0,mL
7898095317881,Açaí com Banana Toc Frio,,2000.0,mL
7898095318253,Sorvete Mesclado Toc Frio,,1500.0,mL
7898095318260,Sorvete Frutas Tropicais Toc Frio,,1500.0,mL
7898095318291,Sorvete Flocos Toc Frio,,1500.0,mL
7898095318307,Sorvete Creme Toc Frio,,1500.0,mL
7898095630034,Sorda,Perilima,20.0,g
7898096140105,Carne Bovina Em Espeto Resfriada Temperada Sem Osso La Serra Grill 500g,LA SERRA GRILL,500.0,g
7898096140112,Coxa De Frango Resfriada Temperada Em Espeto La Serra Grill 500g,LA SERRA GRILL,500.0,g
7898096140129,Linguiça De Carne Suína E Bovina Em Espeto La Serra Grill 500g,LA SERRA GRILL,500.0,g
7898096140136,Peito De Frango Resfriado Temperado Em Espeto La Serra Grill 500g,LA SERRA GRILL,500.0,g
7898096140143,Coração De Frango Resfriado Em Espeto Temperado La Serra Grill 500g,LA SERRA GRILL,500.0,g
7898097130051,Biscoito biscovilho,grannieri,80.0,g
7898097130099,biscoito de polvilho doce redondo,Biscovilho,80.0,g
7898097130273,biscoito de polvilho sabor queijo palito,Biscovilho,80.0,g
7898097891099,Suco misto de maçã e manga orgânico,Organovita,1000.0,mL
7898097891112,Suco Integral Orgânico Uva Uvasó Garrafa 300ml,UVA SO,300.0,mL
7898097891143,Suco Integral Orgânico Uva Uvasó Garrafa 1l,UVA SO,1000.0,mL
7898097891242,Vinagre Balsâmico Tradicional Orgânico Uvasó Vidro 250ml,UVA SO,250.0,mL
7898098172661,Pão de queijo tradicional,Fazenda de Minas,1000.0,g
7898098591080,Sorvete sabor leitinho mesclado com cobertura sabor chocolate,Sabory,715.0,g
7898099911160,Esfirra Aperitivo Carne Liban Foods Bandeja 350g,LIBAN FOODS,350.0,g
7898099911177,Esfirra Coquetel Carne Liban Foods Bandeja 350g,LIBAN FOODS,350.0,g
7898099914130,Pastel De Forno Carne Liban Foods Bandeja 480g,LIBAN FOODS,480.0,g
7898099917117,Esfirra E Pastel De Forno Liban Foods Bandeja 450g,LIBAN FOODS,450.0,g
7898101972530,Sorvete Napolitano,Gemelli,2000.0,mL
7898104900028,Banana Passa Cobertura Chocolate Ao Leite Banana Mania Pote 150g,BANANA MANIA,150.0,g
7898104900035,Banana Passa Cobertura Chocolate Branco Banana Mania Pote 150g,BANANA MANIA,150.0,g
7898104900066,Banana Passa Banana Mania Pacote 100g,BANANA MANIA,100.0,g
7898104900356,Banana Passa Cobertura Chocolate Ao Leite Diet Light Banana Mania Pote 150g,BANANA MANIA,150.0,g
7898104900363,Banana Passa Cobertura Chocolate Branco Diet Light Banana Mania Pote 150g,BANANA MANIA,150.0,g
7898104900622,Banana Passa Cobertura Chocolate Light Zero Lactose Banana Mania Pote 150g,BANANA MANIA,150.0,g
7898109640707,Pasta de Amendoim Crocante Casas Pedro,Casas Pedro,450.0,g
7898111260092,MANINHO Farinha de Arroz Integral,MANINHO,1000.0,g
7898111554351,Tony's Potato Crisps Sabor Original,Tony's Potato Crisps,160.0,g
7898113710410,Pão de Sanduíche,2 de setembro,400.0,g
7898113940299,Massa para Tapioca,Lopes,1000.0,g
7898113940305,Massa para Tapioca,Lopes,500.0,g
7898114420189,eu amo coco,griffus intense,1000.0,g
7898115750292,Granola - Tia Sônia - 350g,Tia Sônia,350.0,g
7898115752456,Granola Orgânica,Tia Sônia,450.0,g
7898115752470,Granola Premium TIA SONIA,TIA SONIA,200.0,g
7898115752555,Pasta de Amendoim,Tia Sônia,200.0,g
7898115900024,pao 1,,45.0,g
7898115901106,Bolinho Suavipan Zero Chocolate 12x40g,SUAVIPAN,40.0,g
7898115901335,Muffin Suavipan Organ Banana 12x40g,SUAVIPAN,40.0,g
7898115901403,Bolo Integral Castanha Do Pará Zero Lactose Suavipan Pacote 40g,SUAVIPAN,40.0,g
7898115901410,Bolinho Int Sete Graos 40g,SUAVIPAN,40.0,g
7898116880028,Feijão Premium,Ubirama,1000.0,g
7898117960903,salgadinhos reizinho,Rei de Ouro,65.0,g
7898118390372,Bom leite chocolate,,200.0,mL
7898118560058,batata palha premium 200g,,200.0,g
7898119782817,Farofa Gourmet Cassava Flour Mix,Mabiju,350.0,g
7898121690100,Barquinha Para Rechear Colela Caixa 120g 40 Unidades,COLELA,120.0,g
7898123802570,massa para PASTEL 500g MASSA DA FEIRA,,500.0,g
7898124830039,Arroz tio Lino,tio Lino alimentos,1000.0,g
7898125166748,"Sorvete Grand Nevado Nata Trufada Eskimó1,5L","Eskimó,Eskimó Sorvetes",675.0,mL
7898125760250,Doce de Abobora com Coco,Reserva de Minas,650.0,g
7898125764845,doce de leite com coco diet,reserva de minas,210.0,g
7898125765965,Goiabada cremosa,Reserva de Minas,400.0,g
7898125768706,Doce de Leite com Coco,Reserva de Minas,650.0,g
7898126320071,Mandubim 500g,,500.0,g
7898126320361,Amendoim Pimenta mexicana,,60.0,g
7898126320842,Pasta de amendoim integral tradicional,Mandubim,1000.0,g
7898126320859,Pasta de amendoim integral,Mandubim,1000.0,g
7898126320866,Pasta de Amendoim Integral Mandubim,Mandubim,1000.0,g
7898126320873,Pasta de Amendoim Integral Granulado,Mandubim,450.0,g
7898126320941,Pasta de amendoim,Mandubim,1020.0,g
7898127930040,Refripet Abacaxi,Refripet,2000.0,mL
7898130990093,queijo búfalo,bom destino,550.0,g
7898130990239,Burrata de Búfala Produto Forneável,Bom Destino,200.0,g
7898130990468,Queijo Mozzarela de Búfala Bom Destino,,550.0,g
7898130990512,Manteiga de búfala bom destino,bom destino,200.0,g
7898130990666,Queijo Mozzarella de Búfala Bom Destino,Bom Destino,380.0,g
7898130990673,CREME DE RICOTA DE BÚFALA,Bom Destino,200.0,g
7898130990703,Queijo Mussarela De Búfala Bola Cereja Bom Destino 1kg,BOM DESTINO,1000.0,g
7898130990840,Queijo Mussarela De Búfala Bola Média Bom Destino 1kg,BOM DESTINO,1000.0,g
7898130991021,Burrata de Búfala com ervas finas,Bom Destino,200.0,g
7898130991083,Creme De Leite De Búfala Pasteurizado Bate Chantilly Bom Destino Garrafa 500g,BOM DESTINO,500.0,g
7898130991335,Queijo burrada de búfala,Bom Destino,120.0,g
7898131492091,Katchup Hanks,Hanks,320.0,g
7898132770013,Pó guanara,,50.0,g
7898132842116,Amazoo Açaí,Amazoo,1000.0,mL
7898133620232,Manteiga De Primeira Qualidade Com Sal Tourinho Lata 200g,TOURINHO,200.0,g
7898133621604,Manteiga Extra Com Sal Zero Lactose Tourinho 200g,TOURINHO,200.0,g
7898136380065,Goma de Mandioca,,1000.0,g
7898137063387,Biscoito Enrolado de Morango,Origem de Minas,400.0,g
7898137930764,Cogumelo Champignon em Conserva,Ting,160.0,g
7898137934168,Azeitonas - Ting,,210.0,g
7898141090034,chcodog 50g,,50.0,g
7898141490032,Pipoca Doce de Milho,Maroca,90.0,g
7898141550163,morango light,natugurt,900.0,g
7898141552419,Iogurte parcialmente desnatado com whey Isis,Ísis,180.0,g
7898142850019,Chocolate Amargo 70 Cacau Crunchy Arcor Pacote 80g,AMARGO,80.0,g
7898142856707,Chokko Snack Black,"Arcor,Arcor do Brasil",48.0,g
7898142860919,Chocolate ao leite Arcor,Arcor,85.0,g
7898142861190,Ovo De Páscoa Ao Leite Com Confeitos Tortuguita Arcor 45g,ARCOR,45.0,g
7898142861671,Barra de Chocolate Arcor Meio Amargo 40% Cacau,Arcor,80.0,g
7898142861787,Chocolate amargo 53%,Arcor,100.0,g
7898142861800,Chocolate amargo 70%,Arcor,100.0,g
7898142862548,Bon O Bon coco,Arcor,450.0,g
7898142862623,Ovo De Páscoa Ao Leite Rocklets Arcor 205g,ARCOR,205.0,g
7898142862630,Ovo De Páscoa Ao Leite Arcor 150g,ARCOR,150.0,g
7898142862692,Ovo De Páscoa Ao Leite Tortuguita Arcor 120g Vem Com Tortuguita Baunilha,ARCOR,120.0,g
7898142862937,Ovo De Páscoa Ao Leite Tortuguita Arcor 100g Vem Com Exclusivo Headphone,ARCOR,100.0,g
7898142863712,7898142863712,Arcor,270.0,g
7898142863798,Chocolate Ao Leite Arcor Pacote 80g,ARCOR,80.0,g
7898142863835,TABLETE AMENDOIM 80G ARCOR,ARCOR,80.0,g
7898142863859,Chocolate Amargo 53%,Arcor,80.0,g
7898142863873,Meio Amargo 40%,Arcor,80.0,g
7898142863897,Inspiration 70%,Arcor,80.0,g
7898142863910,Brigadeiro,Arcor,80.0,g
7898142863972,Chocolate Ao Leite Rocklets Arcor Pacote 80g,ARCOR,80.0,g
7898142864047,Ovo De Páscoa Ao Leite Com Confeitos Tortuguita Arcor 120g,ARCOR,120.0,g
7898142864054,Ovo De Páscoa Ao Leite Tortuguita Brigadeiro Arcor 120g,TORTUGUITA,120.0,g
7898142864061,Ovo De Páscoa Bon O Bon Morango E Creme Arcor 150g,BON O BON,150.0,g
7898142864078,Ovo De Páscoa Amargo 70 Cacau Bon O Bon Arcor 150g,BON O BON,150.0,g
7898142864252,Chubi,"Arcor,Chubi",15.0,g
7898142864771,Ovo De Páscoa Ao Leite Tortuguita Arcor 120g Vem Com Tortuguita Baunilha,ARCOR,120.0,g
7898142864788,Ovo De Páscoa Branco Tortuguita Arcor 120g Vem Com Tortuguita Cabeça Maluca,ARCOR,120.0,g
7898142864900,Ovo De Páscoa Ao Leite Com Confeitos Unicórnio Arcor 100g Vem Com Slime,ARCOR,100.0,g
7898142865044,"Chocolate Recheio Baunilha Tortuguita Pacote 15,5g",TORTUGUITA,15.5,g
7898142865082,"Chocolate Ao Leite Recheio Brigadeiro Tortuguita Pacote 15,5g",TORTUGUITA,15.5,g
7898142865143,"Chocolate Sortido Tortuguita Vibes Caixa 134,5g",TORTUGUITA,134.5,g
7898142865259,Ovo De Páscoa Ao Leite Masha E O Urso Arcor 100g Vem Com Boneco Articulado,ARCOR,100.0,g
7898142865266,Ovo De Páscoa Ao Leite Luccas Neto Arcor 100g Vem Com Boneco Projetor,LUCCAS NETO,100.0,g
7898142865358,Ovo De Páscoa Ao Leite Tortuguita Arcor 100g Vem Com Exclusivo Headset,TORTUGUITA,100.0,g
7898142865372,Ovo De Páscoa Ao Leite Free Fire Arcor 100g Vem Com Caneca,ARCOR,100.0,g
7898142865440,"Chocolate Branco Recheio 7 Belo Tortuguita Pacote 15,5g",TORTUGUITA,15.5,g
7898142865464,Chocolate Branco Rocklets Arcor Pacote 80g,ROCKLETS,80.0,g
7898142865624,Ovo De Páscoa Show Crante Arcor Chokko 120g,CHOKKO,120.0,g
7898142865631,Ovo De Páscoa Branco Tortuguita Arcor 120g Vem Com Tortuguita Branca,TORTUGUITA,120.0,g
7898142865648,Ovo De Páscoa Branco Rocklets Arcor 205g,ROCKLETS,205.0,g
7898142865655,Ovo De Páscoa Branco Framboesa Arcor 120g,ARCOR,120.0,g
7898142865662,Ovo De Páscoa Ao Leite Com Confeitos Princesas Aventureiras Arcor 120g Vem Com Jogo Digital,PRINCESAS,120.0,g
7898142865679,Ovo De Páscoa Ao Leite Com Confeitos Dinovo Arcor 120g Vem Com 1 Jogo Digital,ARCOR,120.0,g
7898142865709,Ovo De Páscoa Branco Com Confeitos Unicórnio Arcor 120g Vem Com Jogo Digital,ARCOR,120.0,g
7898142865730,TABLETE TORTUGUITA BCO COOKIES 80G ARCOR,Arcor,80.0,g
7898142865761,Barra de chocolate Tortuguita ao Leite Crocante,Arcor,80.0,g
7898142865785,Tortuguita ao Leite,Arco,80.0,g
7898142865808,Tortuguita ao Leite com confeitos,Arcor,80.0,g
7898142865860,Ovo De Páscoa Ao Leite Mulher Maravilha Arcor 100g Vem Com Copão,MULHER MARAVILHA,100.0,g
7898144020076,Leite De Cabra Integral Capprys,CAPPRYS,1000.0,mL
7898144110029,Biscoito Caseiro Ellen Pacote 150g,ELLEN,150.0,g
7898144110036,Palito Com Queijo Ellen Pacote 150g,ELLEN,150.0,g
7898144110081,Biscoito Mantecal Ellen Pacote 150g,ELLEN,150.0,g
7898144560374,ARENA PROGATO SUPER PREMIUM,Progato,4000.0,g
7898144560381,ARENA PROGATO CLASSICA PERFUMADA,Progato,4000.0,g
7898144560442,ARENA PROGATO CLASSICA,Progato,4000.0,g
7898144560459,ARENA PROGATO CLASSICA,Progato,10000.0,g
7898146040393,Queijo Balkis Coalho 400gr Chur Ore,BALKIS,400.0,g
7898147940609,Heinz Mostarda Amarela,Heinz,395.0,g
7898149203863,Porção Certa Coxinha da Asa Rivelli,,800.0,g
7898150190268,Batata palha frita extra fina,Aliança Alimentos Ltda,12.0,g
7898152990026,Azeite De Oliva Extra Virgem Italiano Paganini Vidro 500ml,PAGANINI,500.0,mL
7898152990040,Polpa De Tomate Tradicional Paganini Vidro 690g,PAGANINI,690.0,g
7898152990149,PAGANINI Macarrão Rigatoni Paganini,PAGANINI,500.0,g
7898152990392,Vinagre Balsâmico Modena Paganini Vidro 500ml,PAGANINI,500.0,mL
7898152991474,Vinagre Balsâmico Modena Envelhecido Paganini Vidro 250ml,PAGANINI,250.0,mL
7898152992129,PAGANINI Arroz Arbório Italiano Paganini,Paganni,1000.0,g
7898152992174,PAGANINI Macarrão Fettuccine Nidi,Paganini,500.0,g
7898152996431,Antepasto Bruschetta Azeitonas Verdes Paganini Vidro 170g,PAGANINI,170.0,g
7898152996448,Antepasto Bruschetta Tomate Paganini Vidro 170g,PAGANINI,170.0,g
7898152996455,Antepasto Bruschetta Pimentão Paganini Vidro 170g,PAGANINI,170.0,g
7898152996462,Antepasto Azeitonas Pretas Paganini Vidro 130g,PAGANINI,130.0,g
7898152996745,LA CUMPARSITA - Arroz Basmati La Cumparsita,La Cumparsita,1000.0,g
7898152996875,Vinagre De Vinho Branco Paganini Vidro 500ml,PAGANINI,500.0,mL
7898152997131,Azeite de Oliva Extravirgem com Aroma Natural de Pimenta Vermelha,Paganini,250.0,mL
7898153932193,Calmisyn TP,Konig,15.0,g
7898156061241,Pão de forma integral 40%,TriMais,500.0,g
7898156622985,Picolé Sabor Chiclete,Kaskin,65.0,g
7898158492425,Energético Birthday Cake,Roxx,280.0,g
7898161870685,Brownie Chocolate Com Nozes Mr. Bey Sobremesas Premium Caixa 240g 4 Unidades,MR BEY,240.0,g
7898161870692,Petit Gâteau Congelado Chocolate Mr. Bey Sobremesas Premium Caixa 360g 6 Unidades,MR BEY,360.0,g
7898161870708,Torta Holandesa Congelada Mr. Bey Sobremesas Premium Caixa 360g 6 Unidades,MR. BEY,360.0,g
7898161870845,Petit Gâteau Congelado Chocolate Mr. Bey Sobremesas Premium Caixa 160g 2 Unidades,MR. BEY,160.0,g
7898161870852,Petit Gâteau Congelado Doce De Leite Mr. Bey Sobremesas Premium Caixa 160g 2 Unidades,MR. BEY,160.0,g
7898161870890,Petit Gâteau Congelado Chocolate Recheio Diamante Negro Lacta Caixa 160g 2 Unidades,DIAMANTE NEGRO,160.0,g
7898161870906,Petit Gâteau Congelado Chocolate Recheio Diamante Negro E Laka Lacta Caixa 160g 2 Unidades,DIAMANTE NEGRO,160.0,g
7898161870920,Mousse Congelado Laka Cobertura Oreo Lacta Caixa 160g 2 Unidades,LACTA,160.0,g
7898161870944,Torta Holandesa Oreo Caixa 500g,MR BEY,500.0,g
7898161871323,Petit Gâteau Congelado Doce De Leite Havanna Caixa 160g 2 Unidades,HAVANNA,160.0,g
7898161871361,Torta Holandesa,Mr. Bey,140.0,g
7898164662669,Néctar Abacaxi Del Valle Caixa 1l,DEL VALLE,1000.0,mL
7898167466004,Palmito de pupunha intero,Bonduelle,520.0,g
7898167870054,Goma para tapioca,Raiz do Brasil,500.0,g
7898171340017,Biscoito De Polvilho Salgado Biscoitone Pacote 100g,BISCOITONE,100.0,g
7898171340024,Biscoito De Polvilho Salgado Biscoitone Pacote 200g,BISCOITONE,200.0,g
7898171340185,Biscoito De Polvilho Doce Biscoitone Pacote 100g,BISCOITONE,100.0,g
7898171340321,Salgadinho De Trigo De Bacon Biscoitone Pacote 90g,BISCOITONE,90.0,g
7898171340635,Suspiro Biscoitone Caseiro 100g,BISCOITONE,100.0,g
7898171340659,Biscoitone,,80.0,g
7898171340789,Biscoito de Polvilho Sabor Queijo,Biscoitone,80.0,g
7898171341106,Biscoito de Polvilho Salgado,Biscoitone,40.0,g
7898171341120,Biscoito Polvilho Salgado,Biscoitone,150.0,g
7898171341281,Biscoito Polvilho Salgado,Biscoitone,40.0,g
7898171341304,Biscoitone biscoito polvilho salgado 150g,,150.0,g
7898171341342,Suspiro biscoitone,,50.0,g
7898174850445,Tio Paco - Azeitonas fatiadas,,175.0,g
7898174850841,Cogumelos Champignon em conserva,Tio Paco,320.0,g
7898176070025,Doce De Leite Pingo Gotas De Leite Pote 230g,GOTAS DE LEITE,230.0,g
7898176070643,Doce De Leite Tradicional Gotas De Leite Pouch 100g,GOTAS DE LEITE,100.0,g
7898176070650,Doce De Leite Pingo Gotas De Leite Pouch 85g,GOTAS DE LEITE,85.0,g
7898176070667,Doce De Leite Com Coco Gotas De Leite Pouch 100g,GOTAS DE LEITE,100.0,g
7898176580210,Barra De Nuts Castanha Com Coco Zero Lactose Bio2 7nuts Pacote 25g,BIO2,25.0,g
7898176580227,Barra De Nuts Castanha Com Damasco Zero Lactose Bio2 7nuts Pacote 25g,BIO2,25.0,g
7898176580234,Barra De Nuts Castanha Com Maçã Zero Lactose Bio2 7nuts Pacote 25g,BIO2,25.0,g
7898176580296,Suplemento Alimentar Pó Maca Peruana Bio2 Nutraceutic Pote 100g,BIO2,100.0,g
7898176580418,BIO2,,75.0,g
7898176580470,Barra De Nuts Castanha Com Cranberry Zero Lactose Bio2 7nuts Pacote 25g,BIO2,25.0,g
7898176580593,Mix De Castanha Bio2 Snack Pacote 50g,BIO2,50.0,g
7898176580616,Mix De Frutas E Sementes Cranberry Amêndoa Bio2 Snack Pacote 50g,BIO2,50.0,g
7898176580685,Alfarroba Pó Bio2 Protein Pote 300g,BIO2,300.0,g
7898176580692,Proteína Vegetal Pó Baunilha Bio2 Protein Pote 300g,BIO2,300.0,g
7898176580715,"HERBAL TEA Chá Capim-Cidreira, Camomila e Erva-Doce Orgânico",HERBAL TEA,30.0,g
7898176580784,"Mix De Frutas E Sementes Uva Passa, Damasco E Castanha Do Pará Zero Lactose Bio2 Snack Pacote 50g",BIO2,50.0,g
7898176580876,Barra De Proteína Vegana Alfarroba E Pasta De Amendoim Cobertura Chocolate Meio Amargo Bio2 Protein Pacote 45g,BIO2,45.0,g
7898176581187,bio2 juice tangerina,bio2,330.0,mL
7898176581507,Barra De Nuts Castanhas E Cacau Bio2 7nuts Pacote 25g,BIO2,25.0,g
7898176581675,Proteína Vegetal Açaí E Banana Bio2 Protein Pote 300g,BIO2,300.0,g
7898176581729,"Barra De Proteína Vegana Cacau, Maca Peruana E Pasta De Amendoim Cobertura Chocolate Meio Amargo Bio2 Protein Pacote 45g",BIO2,45.0,g
7898176581743,Suplemento Alimentar Pó Cacau E Maca Peruana Bio2 Protein Pote 300g,BIO2,300.0,g
7898176581873,Barra De Sementes Salted Caramel Bio2 Seeds Pacote 38g,BIO2,38.0,g
7898176581880,Barra De Sementes Mocha Coffee Bio2 Seeds Pacote 38g,BIO2,38.0,g
7898176581941,Mix De Sementes Bio2 Snack Pacote 50g,BIO2,50.0,g
7898176581958,Mix De Sementes Pimenta Bio2 Snack Pacote 50g,BIO2,50.0,g
7898176581989,Grão De Bico Assado Cúrcuma Bio2 Snack Pacote 40g,BIO2,40.0,g
7898176582009,Grão De Bico Assado Chilli Bio2 Snack Pacote 40g,BIO2,40.0,g
7898176582023,Noz Pecã Bio2 Snack Pacote 40g,BIO2,40.0,g
7898176582047,Noz Pecã Caramelizada Bio2 Snack Pacote 40g,BIO2,40.0,g
7898176582139,Salgadinho Orgânico Ervas Bio2 Vegan Chips Pacote 40g,BIO2,40.0,g
7898176582146,Salgadinho Orgânico Lemon Pepper Bio2 Vegan Chips Pacote 40g,BIO2,40.0,g
7898176582153,Barra De Cereal Cenoura E Cacau Cobertura Chocolate Meio Amargo Bio2 Vegan Crunchy Pacote 28g,BIO2,28.0,g
7898176582191,BIO2 Cereal Matinal Orgânico Saudável Cacau e Caramelo Vegan Crunchy,BIO2,200.0,g
7898176582207,"Cereal Matinal Orgânico Cenoura, Beterraba, Cacau E Caramelo Bio2 Vegan Crunchy Caixa 200g",BIO2,200.0,g
7898176582214,Barra De Nuts Castanhas E Coco Queimado Cobertura Chocolate Meio Amargo Bio2 Outdoor Nutrition Pacote 40g,NUTRITION,40.0,g
7898176582245,Barra De Frutas Orgânica Banana Com Nibs De Cacau Bio2 Outdoor Nutrition Pacote 38g,BIO2,38.0,g
7898176582313,Pasta de Amendoim Pura BIO2,BIO2,500.0,g
7898176582320,"Salgadinho Orgânico Cebola, Salsa E Cúrcuma Bio2 Vegan Chips Pacote 40g",BIO2,40.0,g
7898176582337,Salgadinho Orgânico Tomate E Manjericão Bio2 Vegan Chips Pacote 40g,BIO2,40.0,g
7898176582467,biO2 Nutraceutic Matchá,biO2,150.0,g
7898177540091,Far arroz moinho pedra integr,,500.0,g
7898177540466,Far trigo moinho pedra,,500.0,g
7898177540480,Semente chia moinho pedra,,200.0,g
7898177540718,Quinoa moinho pedra,,100.0,g
7898177682838,Mix de Cereais Integrais Taeq Caixa,Taeq,200.0,g
7898177980972,Alfajor de Doce de Leite sabor Chocolate Branco,Doces Hamburguesa,50.0,g
7898178711421,Mel Expressão da Natureza c/ Pedaços de Favo,Expressão da Natureza,350.0,g
7898180903524,Sal Rosa Do Himalaia Moído Mundo Verde 500g,Mundo Verde,500.0,g
7898181470063,Polpa De Caju,Polpanorte,100.0,g
7898181470988,Mirtilo,Polpanorte,400.0,g
7898184030110,Cogumelo Seco,Casa Forte,50.0,g
7898184232354,Leite pasteurizado integral homogeneizado,DuCampo,1000.0,mL
7898184532973,Lentilha Seca,Euro Foods,200.0,g
7898184832905,Lombo Suíno Resfriado Pedaço 500g,,500.0,g
7898185690085,Pizza Cong. Sabores Variados Master Pizza,,750.0,g
7898185690177,Pizza Master Pizza (Hexágono),,550.0,g
7898185881018,Hambúrguer De Soja Com Legumes Zero Lactose Mr. Veggy Caixa 400g 6 Unidades,PERDIX,400.0,g
7898185881100,Almôndega vegetariana,Mr. Veggy,325.0,g
7898185881131,Coxinha Congelada Pré Frita Vegetariana Zero Lactose Mr. Veggy Caixa 360g 10 Unidades,PERDIX,360.0,g
7898185881148,Quibe Congelado Abóbora Zero Lactose Mr. Veggy Caixa 350g 6 Unidades,MR VEGGY,350.0,g
7898185881155,Hambúrguer De Grão De Bico Zero Lactose Mr. Veggy Caixa 400g 6 Unidades,PERDIX,400.0,g
7898185881216,Coxinha Congelada Pré Frita Recheio Jaca Zero Lactose Mr. Veggy Caixa 296g 8 Unidades,MR VEGGY,296.0,g
7898186560059,ECOBIO Farinha de Trigo Branca Orgânica,ECOBIO,1000.0,g
7898186560356,ECOBIO Pipoca Produto Orgânico Alto Vácuo,ECOBIO,500.0,g
7898186560547,ECOBIO Arroz 7 Grãos Produto Orgânico,Ecobio,500.0,g
7898186560776,Farinha de Trigo Integral Sarraceno,Sabor Alternativo,500.0,g
7898186560783,ECOBIO Farinha de Arroz Orgânica,ECOBIO,500.0,g
7898186560899,Pipoca Orgânica,Ecobio,70.0,g
7898186560912,Farinha Integral de Aveia Ecobio,Ecobio,180.0,g
7898186560929,Fubá de milho,ecobio,400.0,g
7898186561032,ECOBIO Fermento Não Transgênico Para Bolos,ECOBIO,100.0,g
7898187730697,Ovos tipo jumbo vermelhos,Carminatti,660.0,g
7898187830014,Açúcar cristal branco,Santa Isabel,1000.0,g
7898188630026,Chocolates 70% com Nibs de cacau,Marcos Palmeira,80.0,g
7898192030072,Bebida Adoçada Uva Sufresh Caixa 1l,SUFRESH,1000.0,mL
7898192030157,Bebida Adoçada Maracujá Sufresh Caixa 200ml,CAFERAZZI,200.0,mL
7898192030201,Bebida Adoçada Uva Sufresh Caixa 200ml,SUFRESH,200.0,mL
7898192030485,Bebida Adoçada Caju Sufresh Caixa 1l,SUFRESH,1000.0,mL
7898192030591,Bebida Adoçada Laranja Sufresh Caixa 200ml,SUFRESH,200.0,mL
7898192030614,Sú Fresh Nectar de Uva,Su Fresh,1000.0,mL
7898192032069,Alimento com soja sabor de maçã,Soyos,1000.0,mL
7898192032564,Chá Verde Laranja E Gengibre Feel Good Caixa 1l,SUFRESH,1000.0,mL
7898192033325,Chá Branco Lichia Feel Good Caixa 1l,SUFRESH,1000.0,mL
7898192034339,Bebida Adoçada Morango Sufresh Caixa 200ml,SUFRESH,200.0,mL
7898192039907,Chá Branco Pitaya Feel Good Caixa 1l,FEELGOOD,1000.0,mL
7898192039914,Bebida Adoçada Morango Sufresh Caixa 1l,SUFRESH,1000.0,mL
7898192257547,Barra de Chocolate Branco com Cookies,Cacau Show,85.0,g
7898193870011,Queijo Mussarela,Szura,4000.0,g
7898194091316,Bebida Láctea de Frutas Vermelhas,Vidativa,800.0,g
7898194160036,Queijo Tipo Cottage,Lac Lélo,200.0,g
7898194160081,Queijo Mussarela Fatiado,Lac Lélo,150.0,g
7898194160319,Requeijão Cremoso Tradicional,Lac Lélo,180.0,g
7898194160340,Requeijão Cremoso Light,Lac Lélo,180.0,g
7898194160708,Queijo Provolone Defumado Fatiado,Lac Lélo,150.0,g
7898194161958,Manteiga de Primeira Qualidade com Sal,Lac Lélo,200.0,g
7898194162719,Queijo minas Fresco Lac Leo,Lac Lélo,200.0,g
7898194163440,Queijo mussarela fatiado,Cruzília,300.0,g
7898194600082,Ovos Extra Brancos 20 unidades,"KATAYAMA, Katayama Alimentos LTDA.",1260.0,g
7898195862021,Benature Carne Bovina 300gr,,0.3,g
7898201580604,Tapioca,Satélite,500.0,g
7898204620048,Picolé de Morango,Bapka,60.0,g
7898204620185,Sorvete de Morango na Casquinha com cobertura sabor chocolate,Bapka,70.0,g
7898204621243,Sorvete de Morango colorido Artificialmente  com Polpa de Fruta,"Bapka, Sorvetes Bapka",125.0,mL
7898205076202,Kiwi,"Pomar Bennassi, Benassi SP Importação e Exportação LTDA.",600.0,g
7898205920215,Queijo tipo Cottage Verde Campo,verde campo,200.0,g
7898205920222,Creme De Leite Pasteurizado Bate Chantilly Verde Campo Garrafa 500g,VERDE CAMPO,500.0,g
7898205920239,LacFree Zero Lactose Cottage,Verde Campo,200.0,g
7898205923643,Coco LacFree,Verde Campo,500.0,g
7898205923650,Iorgute Morango LacFree Verde Campo,,500.0,g
7898205923858,Requeijão Cremoso LacFree zero lactose,Verde Campo,180.0,g
7898205923896,VERDE CAMPO Queijo Minas Lacfree Padrão,VERDE CAMPO,400.0,g
7898205923919,iogurte Lacfree Morango Verde Campo 140 g,"Verde Campo, Trop Frutas do Brasil LTDA",140.0,g
7898205923940,"Lactose Free Drink with Apple, Banana and Passion Fruit",Verde Campo,500.0,g
7898205924060,iogurte desnatado LacFree Maçã Banana e Mamão Verde Campo,Verde Campo,140.0,g
7898205924183,Queijo Cottage Com Sal Do Himalaia Verde Campo Pote 200g,VERDE CAMPO,200.0,g
7898205924220,Iorgute Morango Natural Whey 14g Verde Campo,Verde campo,250.0,g
7898205924312,Iorgute Baunilha Natural Whey 14g Verde Campo,Verde Campo,250.0,g
7898205924398,Natural Whey,Verde Campo,250.0,mL
7898205924435,Natural Whey Verde Campo sabor cookies & cream,verde campo,250.0,g
7898205924466,Iorgute Frutas LacFree,Verde Campo,170.0,g
7898205924480,Iorgute Morango LacFree Verde Campo,,170.0,g
7898205924671,Natural Whey,Verde Campo,250.0,g
7898205924688,Iorgute Pasta de Amendoim Natural Whey 21g Verde Campo,Verde Campo,250.0,g
7898205924725,Iogurte Natural Whey Morango,Verde Campo,500.0,g
7898205924732,Iorgute Cookies & Cream Natural Whey 28g,verde campo,500.0,g
7898205924909,queijo mussarela fatiado,"Verde Campo,Lacfree",150.0,g
7898205924992,Iogurte Desnatado Tradicional Zero Lactose Verde Campo Lacfree,Verde Campo,140.0,g
7898205925128,Iorgute Coco Natural Whey 21g,verde campo,250.0,g
7898205925142,Iogurte Desnatado Jabuticaba Zero Lactose Verde Campo Natural Whey Frasco 250g,Verde Campo,250.0,g
7898205925180,Iorgute Coco LacFree Verde Campo,,500.0,g
7898205925203,Iorgute Natural Whey Sabor Torta de Limão,Verde Campo,250.0,g
7898205925357,Iogurte Desnatado Tradicional Zero Lactose Verde Campo Natural Whey,Verde Campo,140.0,g
7898205925449,Iogurte Natural Desnatado Verde Campo,Verde Campo,140.0,g
7898205925739,Requeijão Cremoso Reduzido em Gorduras Totais,verde campo,180.0,g
7898206500003,Azúcar moreno,Native,1000.0,g
7898206500010,Sucre Crystal,Native,1000.0,g
7898206500027,Açúcar Demerara Native Orgânico (1 kg),Native,1000.0,g
7898206500102,Café Expresso Em Grão Orgânico Native 500g,NATIVE,500.0,g
7898206500119,Café Torrado E Moído Orgânico Native Caixa 250g,NATIVE,250.0,g
7898206500225,Suco De Laranja Orgânico Native 1 Litro,NATIVE,1000.0,mL
7898206500362,Azeite De Oliva Extravirgem Orgânico Chileno Native Vidro 250ml,NATIVE,500.0,mL
7898206500683,Suco De Maracujá Orgânico Native 1 Litro,NATIVE,1000.0,mL
7898206500706,Suco De Maracujá Orgânico Native 200ml,NATIVE,200.0,mL
7898206500874,Café Solúvel Liofilizado Orgânico Native Vidro 90g,NATIVE,90.0,g
7898206501116,Granola Orgânica Cacau Native,Native,500.0,g
7898206501161,Café Em Grãos Orgânico Extraforte Native Caixa 250g,NATIVE,250.0,g
7898206501192,Aveia em Flocos Orgânica Native,Native,180.0,g
7898206501253,Cereal Native 300gr Fibras Organicas,NATIVE,300.0,g
7898206501475,Suco De Manga Orgânico Native 1 Litro,NATIVE,1000.0,mL
7898206501499,Suco De Goiaba Orgânico Native 1 Litro,NATIVE,1000.0,mL
7898206501628,Nectar Native 1lt Organica Uva,NATIVE,1000.0,mL
7898206501932,NATIVE Aveia Em Flocos Finos Orgânica Native,Native,250.0,g
7898206501956,Farinha De Aveia Orgânica Native Caixa 300g,NATIVE,300.0,g
7898206502236,Nectar Native Org.1lt Limonada,NATIVE,1000.0,mL
7898206502342,Café Em Cápsula Torrado E Moído Orgânico One Native 50g Com 10 Unidades,NATIVE,50.0,g
7898206502373,Achocolatado Orgânico Native,Native,400.0,g
7898206502489,Native Açúcar Mascavo Orgânico,Native,500.0,g
7898206502649,Suco Native Maca E Maracuja Org 200ml,NATIVE,200.0,mL
7898206502656,Suco Eco Friends Maca Tangerina Org 200ml,NATIVE,200.0,mL
7898206502663,Suco Native Maca E Uva Org 200ml,NATIVE,200.0,mL
7898206502717,Cookies Orgânicos,Native,40.0,g
7898206502731,Açúcar Orgânico Demerara Native em Sachês,Native,200.0,g
7898206502786,NATIVE Macarrão Talharim Orgânico Tradicional,Native,500.0,g
7898206502793,Native Talharim Orgânico Integral,Native,400.0,g
7898206502915,Cafe Espresso Org Native Select 50g,NATIVE,50.0,g
7898206502922,NATIVE Massa para Lasanha Orgânica,NATIVE,200.0,g
7898206930138,"salsicha Tony 2,5",Tony,2500.0,g
7898207010136,Cenoura Ralada Mill Green 300g,GREEN,300.0,g
7898207010198,Mesclan Mill Green 350g,GREEN,350.0,g
7898207010211,Mistinha Mill Green 350g,GREEN,350.0,g
7898207010266,Salada Completa Mill Green 500g,GREEN,500.0,g
7898207010273,Salada Holandesa Mill Green 350g,GREEN,350.0,g
7898207010327,Tabule De Trigo E Legumes Mil Green 250g,GREEN,250.0,g
7898207010334,Vinagrete Mil Green 250g,GREEN,250.0,g
7898207010402,Cebola Picada Mill Green 250g,GREEN,250.0,g
7898207010433,Yakisoba Peq Mill Green 450g,GREEN,450.0,g
7898207010570,Coco Ralado Congelado Mil Green 150g,GREEN,150.0,g
7898207010785,Salada Completa Mill Green Baixela 500g,GREEN,500.0,g
7898207011461,Salada Mil Green Mista Mill Green 350g,GREEN,350.0,g
7898207011539,Alface Americana Atm Mill Green 200g,GREEN,200.0,g
7898207275030,Massa FOLHADA Congelada Laminada Massa para Assados,,500.0,g
7898209649006,Tofu Macio,KODILAR,270.0,g
7898209651214,Wafles Caricia,La Francesa,100.0,g
7898215150343,Queijo Parmesão Ralado Piracanjuba,Piracanjuba,60.0,g
7898215150480,Doce de Leite Piracanjuba Zero Lactose,Piracanjuba Zero Lactose,350.0,g
7898215151043,queijo coalho,Piracanjuba,500.0,g
7898215151203,Leite Condensado Desnatado Light Piracanjuba Caixa 405g,Piracanjuba,405.0,g
7898215151302,Manteiga com sal,Piracanjuba,200.0,g
7898215151708,Leite Integral Piracanjuba,Piracanjuba,1000.0,mL
7898215151722,Leite Desnatado Caixa,PIRACANJUBA,1000.0,mL
7898215151760,Leite UHT Semidesnatado,Piracanjuba,1000.0,mL
7898215151784,Creme de Leite Piracanjuba,Piracanjuba,200.0,g
7898215151807,Bebida Láctea Uht Chocolate Pirakids Caixa 200ml,Piracanjuba Pira Kids,200.0,mL
7898215151814,Bebida Láctea Uht Chocolate Pirakids Caixa 1l,PIRACANJUBA,1000.0,mL
7898215151890,Leite UHT integral,,1000.0,mL
7898215151937,Leite UHT Semidesnatado Piracanjuba,Piracanjuba,1000.0,mL
7898215151975,Creme De Leite Uht Homogeneizado Piracanjuba Gourmet Caixa Com Tampa 200g,PIRACANJUBA,200.0,g
7898215151982,Creme De Leite Uht Homogeneizado Zero Lactose Piracanjuba Caixa 200g,Piracanjuba,200.0,g
7898215151999,Leite Condensado Zero Lactose Piracanjuba,Piracanjuba,395.0,g
7898215152002,leite condensado Piracanjuba,Piracanjuba,395.0,g
7898215152019,Leite Condensado Semidesnatado,PIRACANJUBA,395.0,g
7898215152224,Leite Pó Integral Piracanjuba Pacote 800g,PIRACANJUBA,800.0,g
7898215152255,Leite Pó Instantâneo Integral Piracanjuba Sachê 800g,PIRACANJUBA,800.0,g
7898215152279,Leite Pó Instantâneo Desnatado Piracanjuba Sachê 600g,PIRACANJUBA,600.0,g
7898215152422,Leite em pó,Piracanjuba,200.0,g
7898215152439,Leite em pó integral instantâneo,Piracanjuba,400.0,g
7898215152477,Leite em Pó Desnatado Instantâneo Piracanjuba,Piracanjuba,500.0,g
7898215152484,Leite Em Pó Desnatado Instantâneo,Piracanjuba,400.0,g
7898215152712,Leite Uht Desnatado Piracanjuba Cálcio Caixa Com Tampa 500ml,PIRACANJUBA,500.0,mL
7898215152729,Leite Uht Desnatado Piracanjuba Fibras Caixa Com Tampa 500ml,PIRACANJUBA,500.0,mL
7898215152774,"Bebida Láctea Uht Banana Com Quinoa, Linhaça E Chia Piracanjuba Caixa 200ml",PIRACANJUBA,200.0,mL
7898215152798,"Bebida Láctea Uht Mamão Maçã Com Quinoa, Linhaça E Chia Piracanjuba Caixa 200ml",PIRACANJUBA,200.0,mL
7898215152811,Leite Longa Vida Semidesnatado Zero Lactose Piracanjuba,Piracanjuba,1000.0,mL
7898215152866,"Bebida Láctea Uht Mamão Maçã Com Quinoa, Linhaça E Chia Sem Adição De Açúcar Piracanjuba Caixa 200ml",PIRACANJUBA,200.0,mL
7898215152880,Bebida Láctea Uht Chocolate Zero Lactose Pirakids Caixa 200ml,PIRACANJUBA,200.0,mL
7898215152897,7898215152897,,200.0,mL
7898215153108,PIRACANJUBA Leite Integral Piracanjuba Pirakids Zero Lactose 1 L,Piracanjuba,1000.0,mL
7898215153207,Bebida Whey Frutas Vermelhas Zero Lactose,PIRACANJUBA,250.0,mL
7898215153214,Bebida Láctea Uht Banana Zero Lactose Piracanjuba Whey Caixa 250ml,PIRACANJUBA,250.0,mL
7898215157106,Bebida à Base De Amêndoa Original Blue Diamond Almond Breeze Caixa 1l,BLUE DIAMOND,1000.0,mL
7898215157113,Almond Breeze Chocolate,"Almond Breeze,Blue Diamond",1000.0,mL
7898215157120,Bebida à Base De Amêndoa Baunilha Blue Diamond Almond Breeze Caixa 1l,BLUE DIAMOND,1000.0,mL
7898215157175,BLUE DIAMOND ALMONDS Leite de Amêndoas Original Zero Açúcar 1 L,Blue Diamond Growers,1000.0,mL
7898215157205,Leite Uht Integral Piracanjuba Caixa Com Tampa 1l,PIRACANJUBA,1000.0,mL
7898215157212,Leite Uht Desnatado Piracanjuba Caixa Com Tampa 1l,PIRACANJUBA,1000.0,mL
7898215157229,Leite Uht Semidesnatado Piracanjuba Caixa Com Tampa 1l,PIRACANJUBA,1000.0,mL
7898215157304,Leite Ninho Integral,Nestle,1000.0,mL
7898215157311,Leite Ninho Integral Zero Lactose,Nestle,1000.0,mL
7898215157403,Leite Ninho Integral,"Ninho, Nestlé",1000.0,mL
7898215157427,Leite Ninho,Nestlé,1000.0,mL
7898215157458,Zero Lactose,"Nestlé,Molico",1000.0,mL
7898215157472,Leite Uht Integral Ninho Caixa Com Tampa 1l,NINHO,1000.0,mL
7898215157489,Leite Uht Semidesnatado Zero Lactose Ninho Levinho Caixa Com Tampa 1l,NINHO,1000.0,mL
7898215157496,Leite Uht Desnatado Molico Caixa Com Tampa 1l,MOLICO,1000.0,mL
7898215157526,Protein Pasta De Amendoim,Piracanjuba,250.0,mL
7898215157694,BLUE DIAMOND ALMONDS Almond Breeze Amêndoas e Coco 1 L,Blue Almond,1000.0,mL
7898215157700,Creme Culinário Com Amêndoas Blue Diamond Almond Breeze Caixa 200g,Blue Diamonds (laticinios Boa Vista),200.0,g
7898215157786,Leite Uht Tipo A2a2 Semidesnatado Piracanjuba Caixa Com Tampa 1l,PIRACANJUBA,1000.0,mL
7898215157816,PIRACANJUBA Leite Desnatado +Cálcio Piracanjuba 1L,Piracanjuba,1000.0,mL
7898215157823,PIRACANJUBA Leite Desnatado +Fibras Piracanjuba,Piracanjuba,1000.0,mL
7898215157830,Leite sem Lactose 0% de Gordura,Piracanjuba,1000.0,mL
7898215157908,Levinho,"Ninho,Nestlé",1000.0,mL
7898215157915,Composto Lácteo com Maltodextrina para Dietas com Restrição de Lactose,Piracanjuba,380.0,g
7898215157953,Leite em Pó Desnatado,Piracanjuba,300.0,g
7898215157991,Leite em Pó Integral Instantâneo Piracanjuba,Piracanjuba,400.0,g
7898215158448,Leite em pó,Piracanjuba,380.0,g
7898215158851,Leite Em Pó Integral Instantâneo,Piracanjuba,380.0,g
7898215159063,zquad choco loud,piracanjuba,250.0,mL
7898215159094,milky moo,Piracanjuba,250.0,mL
7898215510048,Balas de Goma,Marques,200.0,g
7898215510215,Manjar Frutas,Doces Marques,250.0,g
7898215606505,Puratos Cobertura Fracionada Norcau Premium Branco,Puratos,1000.0,g
7898216312467,Pão doce com frutas cristalizada,Santa Marta,240.0,g
7898217001872,Queijo Processado sabor Requeijão,Supremo,400.0,g
7898218030017,Corn Tortilla Chips,Sequóia,120.0,g
7898219120915,milho de pipoca,Prontu,500.0,g
7898219131034,grão-de-bico,Prontu,500.0,g
7898219651327,Bebida Láctea Fermentada Frutas Vermelhas Qualitá Frasco 160g,Qualitá,160.0,g
7898223320479,Queijo mussarela fatiado,Real Lacto,150.0,g
7898224530037,TRISANTI Fermento Químico em Pó,TRISANTI,100.0,g
7898224530778,Paio de queijo,,250.0,g
7898224532215,Farinha de Linhaça Dourada,Nutri Santi,150.0,g
7898225280054,Ovo Caipira,Freelar,1100.0,g
7898225521751,GO! Energy Now! Gel Guaraná com Açaí,Atlhetica Nutrition,30.0,g
7898225527036,Best Whey Duo Bianco Al Latte,Atlhetica Nutrition,49.0,g
7898225527104,Barra de proteína,Best whey,49.0,g
7898225527159,BEST WHEY,Atlhetica Nutrition,49.0,g
7898225527265,BEST WHEY,Atlhetica Nutrition,49.0,g
7898225527289,BEST WHEY PÃO DE MEL,DAHEIR SURKINS NUTRITION,49.0,g
7898226931313,Calabresa (Nosso Tempero),,150.0,mL
7898227280618,Leite Godam Integral,Godam,1000.0,mL
7898227281417,Requeijão Godam Zero lactose,Godam,200.0,g
7898229380217,"Filé Mignon Suíno Congelado Bandeja 1,5kg",,1500.0,g
7898229384550,banco saudali,saudali,1000.0,g
7898229386349,presunto,saborear,1000.0,g
7898230710201,baden Golden,,600.0,mL
7898230715213,Cerveja Witbier Coentro E Laranja Baden Baden Garrafa 600ml,BADEN BADEN,600.0,mL
7898230716630,Cerveja witbier,Baden baden,350.0,mL
7898230716654,Ipa,Baden Baden,350.0,mL
7898231200329,leite,Nenê,1000.0,mL
7898231487362,Chocolate com Whey,Chokolah,40.0,g
7898231489472,Chocolate Amargo 70 Cacau Orgânico Zero Lactose Chokolah Caixa 80g 2 Unidades,CHOKOLAH,80.0,g
7898231489489,Chocolate Amargo 80 Cacau Orgânico Zero Lactose Chokolah Caixa 80g 2 Unidades,CHOKOLAH,80.0,g
7898231880019,Bananada chinezinha,,800.0,g
7898231880026,Bananada Chinezinha,,800.0,g
7898231880262,Bananada chinezinha,,900.0,g
7898234850576,Farinha Nita,Nita,1000.0,g
7898234852150,Farinha de Trigo,Nita,1000.0,g
7898234852174,NITA ALIMENTOS Fermento em Pó Químico Refil,NITA ALIMENTOS,100.0,g
7898235671095,Massa Tagliarini Caseiro,"Le Sorelle, Koene",400.0,g
7898235984683,Kombucha Sweet Pink Lemonade Supernova Garrafa 300ml,SWEET,300.0,mL
7898236720211,Amido de milho,Monopol,500.0,g
7898238020128,iogurte integral com polpa de abacaxi,lacdan delicioso,200.0,g
7898238020135,iogurte integral com polpa de Ameixa,lacdan delicioso,200.0,g
7898238020159,iogur integral com polpa de abacaxi,lacdan delicioso,900.0,g
7898238020166,iogur Lacdan Delicioso,lacdan,900.0,g
7898238020173,iogurte integral com polpa de frutas sabor ameixa,lacdan delicioso,900.0,g
7898238020180,iogur integral com granola,Lacdan Delicioso,900.0,g
7898239260745,marilú,alibra,400.0,g
7898239800736,amendoim torrado granulado -tipo Xerém,,500.0,g
7898240320902,Real Lacto Ameixa,Real,800.0,g
7898240321176,Real Lacto Ameixa açai banana,Real Lacto,800.0,g
7898240950048,Petit bontle morango 320g,,320.0,g
7898240951113,Leite pasteurizado integral,DaChacara,1000.0,mL
7898242031820,Special Dog Light RP,,1000.0,g
7898242034265,"Al. Cães Special Dog 10,1kg Adultos RP",,10100.0,g
7898244220161,Pão hambúrguer servenpan 400g,,400.0,g
7898246068006,STUTTGART Xarope de Mapple,STUTTGART,250.0,mL
7898246068150,STUTTGART Xarope De Maple Syrup Escuro,STUTTGART,250.0,mL
7898246940050,Avocado Baby 800gr,JAGUACY,800.0,g
7898247262717,Doce de amendoim tipo caseiro,Nbonn,45.0,g
7898247262816,Pé de moça,Nbonn,52.0,g
7898247263745,Doce de abóbora,Mbonn,40.0,g
7898247310845,EMPÓRIO DO MEL Mel Eucalipto,EMPÓRIO DO MEL,300.0,g
7898247311323,EMPÓRIO DO MEL Mel Laranjeira,Empório do mel,300.0,g
7898247313198,EMPÓRIO NUTS Cacau em Pó 100% Cacau,EMPÓRIO NUTS,200.0,g
7898247313501,PHYTONATUS Mel Silvestre,PHYTONATUS,300.0,g
7898247316007,EMPÓRIO NUTS Óleo de Coco sem Cheiro e Sabor,EMPÓRIO NUTS,500.0,mL
7898247780075,Óleo de soja,Concórdia,900.0,mL
7898247780297,vitaliv,Vitaliv,900.0,mL
7898249281259,Biscoito de polvilho,,100.0,g
7898250471182,Pellet Bacon,Delma,50.0,g
7898253130055,feijão pérola extra,perola,1000.0,g
7898253581000,pão integral,linear,400.0,g
7898253589433,Pão para hamburger tradicional,Limiar,200.0,g
7898256301254,Al. Cães  Quatree Gourmet 15kg AD.RMG,,15000.0,g
7898257600059,Feijão,Manolinho,1000.0,g
7898258812246,Sandubom Sabor Cheddar American Cheese Style,,120.0,g
7898258950313,BALDONI Mel Baldoni Chef,Baldoni,300.0,g
7898258950542,Mel de Flores Silvestres Baldoni Bisnaga 300g,BALDONI,300.0,g
7898258950849,Mel Florada Laranjeira Baldoni Squeeze 300g,BALDONI,300.0,g
7898258951037,Mel Florada De Cipó Uva Chico Bento Baldoni Squeeze 300g,BALDONI,300.0,g
7898258951099,BALDONI Mel Holanda,Baldoni,300.0,g
7898258951150,Mel Org Silvestre Bisnaga 300g Baldoni,BALDONI,300.0,g
7898258951754,Mel Orgânico Baldoni Vidro 300g,BALDONI,300.0,g
7898258952294,Organic Honey,,300.0,g
7898258952621,Mel Orgânico,Baldoni,550.0,g
7898258952751,Geleia de morango com mel,Baldoni,500.0,g
7898258952782,Geleia de Abacaxi e Pimenta com Mel Baldoni,"Baldoni, BALDONI AGROINDÚSTRIA LTDA, BALDONI AGROINDÚSTRIA LIMITADA",270.0,g
7898261660056,Cajuína Sabor Tropical,natvita,310.0,mL
7898264987006,Alho Cebola e Ervas,,50.0,g
7898266070102,Queijo Mussarela De Búfala Bola Búfala Almeida Prado 250g,BÚFALA ALMEIDA PRADO,250.0,g
7898266070133,Queijo Mussarela De Búfala Bolinha Búfala Almeida Prado 200g,ALMEIDA PRADO,200.0,g
7898267590067,Bananada Zélia,Zélia,500.0,g
7898268393476,Queijo Ralado,Campa Nella,40.0,g
7898268910451,pure ghee,AIRON,200.0,g
7898269630877,Óleo de Gergelim,Sésamo Real,250.0,mL
7898269630990,Óleo de Gergelim Sésamo Real,Sésamo Real,500.0,mL
7898269631539,SÉSAMO REAL Óleo de Gergelim,SÉSAMO REAL,500.0,mL
7898269632277,Tahine Tradicional Sesamo Real 220g,SESAMO REAL,220.0,g
7898269632345,Tahine Integral Orgânico Sésamo Real Vidro 220g,INTEGRAL,220.0,g
7898270960550,Pipoca gourmet,Ponzan,500.0,g
7898270963506,Alga marinha desidratada,Karui,130.0,g
7898270967511,Macarrão para Udon,Karui,500.0,g
7898270967535,Yakisoba noodles,Karui,500.0,g
7898270969621,Flocão,,500.0,g
7898274522488,Requeijão Cremoso Light Da Matina,Da Matina,200.0,g
7898274522495,Requeijão Cremoso Da Matina Tradicional,Da Matina,200.0,g
7898274524109,já castanha-de-caju torrada e salgada,frutt'Oro,50.0,g
7898274525540,Mel Assa Peixe Da Matina,Matina,500.0,g
7898274525564,Mel Laranjeiras Da Matina,Matina,500.0,g
7898274525571,Mel Silvestre Da Matina,Matina,500.0,g
7898275251073,Energético Tsunami Garrafa 2l,TSUNAMI,2000.0,mL
7898276520741,Torta Holandesa Congelada Mr. Bey Pote 80g,MR. BEY,80.0,g
7898276522332,Petit Gâteau Congelado Chocolate Mr. Bey Sobremesas Premium Caixa 240g 4 Unidades,MR. BEY,240.0,g
7898276522554,Torta Holandesa Mr. Bey Sobremesas Premium Caixa 500g,MR. BEY,500.0,g
7898276556122,Torta Mousse De Chocolate Mr. Bey Sobremesas Premium Caixa 500g,MR. BEY,500.0,g
7898276556825,Petit Gâteau Congelado Leitinho Chocolate Mr. Bey Sobremesas Premium Caixa 120g 2 Unidades,MR. BEY,120.0,g
7898276600108,Feijão Caldo Nobre - Feijão Tradicional,Comércio de Cereais Good Ltda,1000.0,g
7898276600122,Feijão Caldo Nobre - Classe Preto,Caldo Nobre,1000.0,g
7898277230083,Ravióli De Carne La Vera Pasta 500g,LA VERA PASTA,500.0,g
7898277230168,Ravióli Aos 4 Queijos La Vera Pasta 500g,LA VERA PASTA,500.0,g
7898277230618,Rondelli Queijo E Presunto La Vera Pasta Pacote 500g,LA VERA PASTA,500.0,g
7898277230632,Molho Champagne La Vera Pasta Vidro 500g,LA VERA PASTA,500.0,g
7898277230649,Molho De Tomate à Bolonhesa La Vera Pasta Vidro 500g,LA VERA PASTA,500.0,g
7898277230656,Molho Funghi La Vera Pasta Vidro 500g,LA VERA PASTA,500.0,g
7898277230731,Molho De Tomate La Vera Pasta Vidro 500g,LA VERA PASTA,500.0,g
7898277230762,Molho De Tomate Fresco La Vera Pasta Vidro 500g,LA VERA PASTA,500.0,g
7898277230793,Capelli Vitela La Vera Pasta 500g,LA VERA PASTA,500.0,g
7898277230977,Molho 4 Queijos La Vera Pasta Vidro 500g,LA VERA PASTA,500.0,g
7898277231387,Ravióli De Queijo Brie Com Amêndoas La Vera Pasta 500g,LA VERA PASTA,500.0,g
7898277231776,Ravióli De Queijo La Vera Pasta 500g,LA VERA PASTA,500.0,g
7898279710910,LeitinhoTrufado,Sloop Sorvetes,1800.0,mL
7898279790394,Balas de Gelatina Sabor Banana,Fini,90.0,g
7898279790431,Bala Gelat Fini Amoras,FINI,90.0,g
7898279790974,Gomitas,Fini Gelatinas,500.0,g
7898279791162,Marshmallow Torcao x 60Gr,FINI,60.0,g
7898279792077,Finiburguers,Fini,90.0,g
7898279794521,Marshmallows Corazón x 80Gr,Fini,80.0,g
7898279797911,Fini Marshmallows flor,Fini,80.0,g
7898279798567,Algodão Doce de Framboesa,Fini,35.0,g
7898279799823,Regaliz ácido tubes fresa,Fini,17.0,g
7898286190064,vinagre de frutas maçã,maratá,750.0,mL
7898286190149,Vinagre de álcool Maratá,Maratá,750.0,mL
7898286190316,Molho de Pimenta,"Gota, Marata",150.0,mL
7898286808181,Gelatina zero azucares,,12.0,g
7898286830540,Pamonha,,210.0,g
7898288540027,Torresmo Sabor de Minas Frito Pronto para Consumo,,100.0,g
7898288540034,Torresmo Para Fritar Sabor de Minas,,60.0,g
7898288540065,Torresmo Frito Sabor de Minas Pronto para Consumo,,30.0,g
7898288740892,Malagueta,,50.0,g
7898290430910,Leite Uht Integral Colônia Holandesa Caixa 1l,COLÔNIA HOLANDESA,1000.0,mL
7898290430934,Leite Uht Semidesnatado Colônia Holandesa Caixa 1l,COLÔNIA HOLANDESA,1000.0,mL
7898290430958,Leite Uht Desnatado Colônia Holandesa Caixa 1l,COLÔNIA HOLANDESA,1000.0,mL
7898290432686,Leite Uht Desnatado Colônia Holandesa Naturalle Caixa 1l,COLÔNIA HOLANDESA,1000.0,mL
7898291162063,Cogumelo Porto Belo Funzionale,PORTO,200.0,g
7898291163039,Cogumelo Shimeji Organico Zucca Funzionale 200gr,ZUCCA,200.0,g
7898291163053,Shitake Funz Org 200g,,200.0,g
7898291163077,Cogumelo Duo Salutare Org. Funzionale 200gr,FUNZIONALE,200.0,g
7898292883868,Granulado tradicional,Visconti,130.0,g
7898292884063,Creme Choco Io Iô Pote 180g,HERSHEY S,180.0,g
7898292884070,Creme Duo Io Iô Pote 180g,HERSHEY S,180.0,g
7898292884629,"Creme Choco Io Iô Mix Pote 63,6g",HERSHEY S,63.6,g
7898292886760,Hershey's Cocada,Hershey's,30.0,g
7898292887354,Hershey‘s Maisminis,,100.0,g
7898292888245,Special Milk Castanha-do-Pará,Hershey's,100.0,g
7898292888269,Special Dark Hershey's Laranja,"Hersheys,Hershey's",100.0,g
7898292888764,hershey cookies creme,,20.0,g
7898292888993,Kisses chocolate ao leite,Hershey's,200.0,g
7898293560034,pastry dough,Landarini,1000.0,g
7898293560058,massa de pastel landarini disco,Landarini,500.0,g
7898295032010,amendoim torrada moido,Balsamo,1050.0,g
7898295032140,amendoim Rockitos 24 g,Balsamo,24.0,g
7898295038104,Balsamo crocanty amendoim crocante sabor churrasco 24 g,Balsamo,24.0,g
7898295300256,Guaraná Conti,Conti,2000.0,mL
7898295300584,Refrigerante de guaraná,Taubaiana,2000.0,mL
7898295301505,Cerveza Burguesa,Burguesa,473.0,mL
7898297650021,Massa de pastel Florença (pequena),,480.0,g
7898297650069,Massa para pizza Florença,,360.0,g
7898298216172,Cebolinha Higienizada Suguimoto 80g,HIGI,80.0,g
7898298290035,Azeite de Pequi Extra Virgem Naiak,Naiak,500.0,mL
7898298360059,Chá de Abacaxi Hortelã e cha Verde com gengibre,,15.0,g
7898298360066,CHÁ MAIS Chá de Boldo,CHÁ MAIS,10.0,g
7898298360073,Chá de Camomila,Chá Mais,10.0,g
7898298360080,Chá de Cidreira,Chá Mais,12.0,g
7898298360097,Chá de Carqueja,Chá Mais,13.0,g
7898298360127,Chá Erva-Doce,Chá mais,15.0,g
7898298360219,Chá de Hortelã,Chá Mais,10.0,g
7898298360257,Chá Maçã com Gengibre Canela e Cravo,Chá Mais,15.0,g
7898298360790,Chá Melissa,Chá Mais,12.0,g
7898298364569,Chá de Hibisco,Chá Mais,13.0,g
7898300632075,Mel,Floresta Verde,700.0,g
7898302292093,Schweinefilet,,500.0,g
7898306102596,Paçoca Caseira,"Qdoce Sabor,Qdoce,Q Doce,Q Doce Sabor,Q Doce Sabor Ltda.,Alimentos do Paraná",80.0,g
7898307063421,Proteína de Soja,Wellvin,250.0,g
7898308432981,Biscoito Beijinho De Freira Quero Mais Pote 170g,QUERO MAIS,170.0,g
7898308432998,Biscoito Casadinho Goiabada Quero Mais Pote 160g,QUERO MAIS,160.0,g
7898308433001,Biscoito Leite Condensado Quero Mais Pote 160g,QUERO MAIS,160.0,g
7898308433018,Biscoito Rosquinha Nata Quero Mais Pote 130g,QUERO MAIS,130.0,g
7898308433025,Biscoito Enroladinho Goiabada Quero Mais Pote 160g,QUERO MAIS,160.0,g
7898308433032,Biscoito Palito Cobertura Chocolate Quero Mais Pote 170g,QUERO MAIS,170.0,g
7898310270977,Castanha De Caju Assada S/ Sal 100g Marambaia,MARAMBAIA,100.0,g
7898311580310,Tapioca,,1.0,g
7898311850208,Doce de Leite Casas Pedro,Casas Pedro,400.0,g
7898312041247,Asa BJ Avivar,,1000.0,g
7898312041254,Coxa e Sobrecoxa BJ Avivar,,1000.0,g
7898312041605,Fígado BJ Avivar,,1000.0,g
7898312042909,Pão de Queijo Congelado Avivar,,300.0,g
7898312044071,Coxinha da Asa Hot Levemente Picante Avivar,,1000.0,g
7898312045139,Coxinha da Asa Mostarda e Mel,,1000.0,g
7898312045177,Coxinha da Asa c/Pimenta tipo Mexicana Avivar,,1000.0,g
7898312045207,Carne de Frango Defumada Sabor Bacon,,250.0,g
7898312045238,Sambiquira Belavida,,1000.0,g
7898312045443,Frango a Passarinho Temperado Rara,,800.0,g
7898312045658,Coxinha da Asa Temperada,Swift,1000.0,g
7898312310145,picolé com cobertura de chocolate branco suíço,Chapinha,65.0,g
7898313920558,BEIJUBOM Tapioca Granulada Beijubom,BEIJUBOM,500.0,g
7898313920619,Tapioca Beijubom Orgânica,Beijubom,500.0,g
7898314204527,Aveia Prezunic em Flocos,Prezunic,500.0,g
7898317273124,Poly Fresk Cobertura Chocolate,,300.0,g
7898319870062,Café Torrado E Moído Mescla Astro Café Especiais Pacote 250g,ASTRO,250.0,g
7898320010129,Batata Palha,QDlícia,200.0,g
7898320190043,Mel Apiário Só Mel Pote,Só Mel,350.0,g
7898322980031,Kit Parmesão Ralado Parmíssimo 100 Unidades,Parmíssimo,50.0,g
7898324770197,turtle baby,,0.1,g
7898324771804,"Al. Peixe Nutricon Sticks Food Mixb1,5kg",,1500.0,g
7898324771811,"Al. Peixe Nutricon Sticks Food Mix 1,5kg",,3000.0,g
7898324771897,"nutricon carnívoros fundo 1,3kg",,1300.0,g
7898324772726,Al. Peixe Nutriocon Carnívoros superfície 275g,,275.0,g
7898324772801,Al. Reot. Nutricon Jabuti 315gr,,0.135,g
7898328991413,Mandioca Descascada Fazendinha Premiada - Mandioca de Minas,,800.0,g
7898330150044,ALL nutri aveia,,180.0,g
7898330150129,Allnutri Multicereais,,180.0,g
7898330150723,Allnutri Arroz e aveia,,180.0,g
7898330380052,Panetone,PANURE,500.0,g
7898331012358,Flocos De Cereais Ovomaltine Rocks Sachê 110g,OVOMALTINE,110.0,g
7898331012402,Flocos De Cereais Ovomaltine Mesclado Rocks Pacote 40g,OVOMALTINE,40.0,g
7898331012532,Mistura Para Bolo Cremoso Limão Fleischmann Sachê 390g,FLEISCHMANN,390.0,g
7898331012549,Mistura Para Bolo Cremoso Milho Fleischmann Sachê 390g,FLEISCHMANN,390.0,g
7898331012556,Mistura Para Bolo Cremoso Coco Fleischmann Sachê 390g,FLEISCHMANN,390.0,g
7898331012563,Mistura Para Bolo Cremoso Laranja Fleischmann Sachê 390g,FLEISCHMANN,390.0,g
7898331012570,Mistura Para Bolo Extracremoso Chocomousse Fleischmann Sachê 390g,FLEISCHMANN,390.0,g
7898331012655,Gran Finale Creme tipo Chantilly,Fleischmann,200.0,mL
7898331012761,Mistura Para Bolo Cremoso Chocomousse Fleischmann Sachê 400g,FLEISCHMANN,400.0,g
7898331012815,Mistura Para Bolo Aerado Fubá Fleischmann Sachê 390g,FLEISCHMANN,390.0,g
7898331012822,Mistura Para Bolo Festa Aerado Baunilha Fleischmann Sachê 390g,FLEISCHMANN,390.0,g
7898331012914,Super Fermento Biológico Pó Fleischmann Pacote 13g,FLEISCHMANN,13.0,g
7898331012938,Melhorador De Farinha Para Panificação Fleischmann Mais Macio Envelope 10g,FLEISCHMANN,10.0,g
7898331012969,Mistura Para Bolo Brownie Chocolate Fleischmann Sachê 400g,FLEISCHMANN,400.0,g
7898331013072,Mistura Para Bolo Cookie Cremoso Baunilha Fleischmann Sachê 400g,FLEISCHMANN,400.0,g
7898331014291,chocolate  adoce do seu jeiti,Fleischmann,230.0,g
7898331014314,Bolo Fleischmann chessecake,Fleischmann,390.0,g
7898331014321,Torta de limão,Fleischmann,390.0,g
7898334600200,Molho De Pequi C/ Pimenta,Rio Claro Alimentos,145.0,mL
7898335133189,HEMA Aveia em Flocos Médios,Hema,250.0,g
7898336200194,Suco Tangerina 300ml Ecocitrus,ECOCITRUS,300.0,mL
7898337980149,Pão Bolinha Recheio Catupiry Zinho Pacote 300g,ZINHO,300.0,g
7898337980248,Pão De Alho Baguete Recheio Queijo Zinho Pacote 300g,ZINHO,300.0,g
7898337980262,Pão De Alho Baguete Picante Recheio Queijo Zinho Pacote 300g,ZINHO,300.0,g
7898337980286,Pão Bolinha Recheio Linguiça E Queijo Zinho Pacote 300g,ZINHO PETISCOS,300.0,g
7898337980668,pão de alho bolinha tradicional,reservar one,300.0,g
7898337980699,pan de ajo,,300.0,g
7898337980774,Pan de Ajo Picante con Queso,"Noly, Zinho",300.0,g
7898340500495,DUTRA Geisha – Café Dutra Orgânico Raro & Exótico – Torrado em Grãos 200 g,Dutra,200.0,g
7898340510128,DUTRA Moka Peaberry – Café Dutra Orgânico Microlote – Torrado em Grãos 250 g,Dutra,250.0,g
7898340510333,Red Catuaí Coffee,Dutra,250.0,g
7898340610675,Biscoito Amanteigado Rosquinha 2 Castanhas Brasileiras Empório Do Cerrado Pacote 250g,EMPORIO DO CERRADO,250.0,g
7898340610828,Polpa De Pequi Em Conserva Empório Do Cerrado Vidro 140g,EMPORIO DO CERRADO,140.0,g
7898340612549,Castanha De Baru Torrada Orgânica Empório Do Cerrado Pouch 90g,,90.0,g
7898340612556,Castanha De Baru Torrada E Salgada Orgânica Empório Do Cerrado Pouch 90g,,90.0,g
7898341430012,Nectar de Manga de baixa caloria,Del Valle,1000.0,mL
7898341430036,Néctar Pêssego Del Valle Caixa 1l,DEL VALLE,1000.0,mL
7898341430043,Néctar Pêssego Del Valle Caixa 1l,DEL VALLE,1000.0,mL
7898341430074,Néctar Maracujá Del Valle Caixa 1l,DEL VALLE,1000.0,mL
7898341430081,Néctar Caju Del Valle Caixa 1l,DEL VALLE,1000.0,mL
7898341430098,Néctar Uva Del Valle Caixa 1l,DEL VALLE,1000.0,mL
7898341430111,Néctar Laranja Del Valle Caixa 1l,DEL VALLE,1000.0,mL
7898341430142,Bebida Adoçada Pêssego Del Valle Nutri Caixa 200ml,DEL VALLE,200.0,mL
7898341430180,Bebida Adoçada Maracujá Del Valle Nutri Caixa 200ml,DEL VALLE,200.0,mL
7898341430203,Bebida Adoçada Uva Del Valle Nutri Caixa 200ml,DEL VALLE,200.0,mL
7898341430777,Néctar Uva Del Valle Caixa 1l,DEL VALLE,1000.0,mL
7898341432627,Laranja Caseira,del Valle,250.0,mL
7898342050851,"NAUTIQUE Atum Nautique Ralado em Óleo,",NAUTIQUE,180.0,g
7898344176221,new suco laranja,,200.0,mL
7898344176245,New suco uva,,200.0,mL
7898344320389,Torrada Integral Sem Glúten Zero Lactose Aminna Caixa 90g,AMINNA,90.0,g
7898344320556,Torrada Sem Glúten Zero Lactose Zero Açúcar Aminna Caixa 90g,AMINNA,90.0,g
7898344320563,Torrada Abóbora Sem Glúten Zero Lactose Zero Açúcar Aminna Caixa 90g,AMINNA,90.0,g
7898344320716,Farinha de Arroz Sem Glúten - Aminna,Aminna,500.0,g
7898344320730,Fécula de Batata,AMINNA,300.0,g
7898345050223,Dubom Pudin,,800.0,g
7898345051282,dutella,,800.0,g
7898345051381,Duo Nuts,,500.0,g
7898345051565,Duffaello,,800.0,g
7898347310219,Sorvete Napolitano Extra Cremoso Ygloo,,2000.0,mL
7898347310240,Sorvete Mania Ygloo,,950.0,g
7898347310882,Sorvete Açaí Premium Morango Ygloo,,430.0,g
7898347310912,Sorvete Açaí Guaraná Premium Ygloo,,190.0,g
7898347310929,Sorvete Açaí Banana Premium Ygloo,,500.0,mL
7898347311735,Sorvete Açaí Premium Guaraná Ygloo,,430.0,g
7898347311759,Sorvete Napolitano Speciale Ygloo,,2000.0,mL
7898347311797,Sorvete Soberan Iogurte Grego c/Amora Premium Ygloo,,1000.0,mL
7898347311803,Sorvete Soberano Sonho de Bombom Especial Ygloo,,1000.0,mL
7898347312015,Sorvete Açaí Guaraná Premium Ygloo,Ygloo,2000.0,mL
7898347312206,Sorvete Grand Magia Mousse de Maracujá Ygloo,,1800.0,mL
7898347312213,Sorvete Ninho Trufado Ygloo,,1800.0,mL
7898347312893,Sorvete Maltine Crocante Grand Magia,,870.0,g
7898347313012,Sorvete GoodLife Napolitano Zero Açúcar Ygloo,,1000.0,mL
7898347350185,Camarão Congelado Descascado 7 Barbas FrigoLemos,,400.0,g
7898347350475,Filé de Surubim FrigoLemos,,800.0,g
7898347350581,Filé de Merluza FrigoLemos,,500.0,g
7898347350598,Filé de Piramutaba Cubos FrigoLemos,,500.0,g
7898347350789,Camarão Congelado Descascado Vermelho Médio FrigoLemos,,400.0,g
7898347350918,Batata Palito Frigolemos,Frigolemos,400.0,g
7898347350932,Filé de Tilápia FrigoLemos,,400.0,g
7898349703200,Al. Cães  Monello  15kg AD.Frango é Carne,,15000.0,g
7898349703248,Al. Cães  Monello Dog 15kg R.Pequenas FGO,,15000.0,g
7898352040316,RUZENE Arroz Arbório Ruzene,Ruzune,1000.0,g
7898360483167,Biacoitos Petit Four,Super Muffato,150.0,g
7898363315489,Al. Cães Origens AD.GD CNE/CER,,20000.0,g
7898364280298,Doce de goma com banana,,1400.0,g
7898364280359,Pe de moca,Clamel,55.0,g
7898364280403,Maria mole,,110.0,g
7898366001860,Uva Red Globe Reserva Gourmet 500g,RESERVA DE MINAS,500.0,g
7898366930016,Farinha de milho pré-cozida Sem adição de ferro e ácido fólico,,500.0,g
7898366930023,Farinha de Milho,Vitamilho,500.0,g
7898366930344,Goiabada,Palmeiron,250.0,g
7898367980010,Eisenbahn Pilsen ln,Eisenbahn,355.0,mL
7898367983790,Cerveja Pilsen Puro Malte,Eisenbahn,350.0,mL
7898367984377,Unfiltered,"Eisenbahn, Heineken",350.0,mL
7898370105219,Coco Ralado Úmido e Adoçado - COCO DO VALE,COCO DO VALE,100.0,g
7898370780072,Café Torrado Em Grãos Espresso Santa Lúcia Pacote 500g,SANTA LÚCIA,500.0,g
7898372013086,Mostarda Konsumo Sachês 7g,mostarda Sachês,7.0,g
7898372100373,Amendoim Recoberto Sabor Alho,Reserva Suíça,300.0,g
7898372440967,Pimenta Cumari,Saborelle,140.0,g
7898372441001,Pimenta Bode,Saborelle,140.0,g
7898372620017,SANTA MONICA Café Gourmet em Grão,Santa Monica,1000.0,g
7898372620161,SANTA MÔNICA Achocolatado 32% Cacau Gourmet,SANTA MÔNICA,400.0,g
7898373581508,Café Torrado E Moído Tradicional Moka Pacote 500g,MOKA,500.0,g
7898373582505,Café Torrado E Moído Extraforte Moka Pacote 500g,MOKA,500.0,g
7898373960020,Mel,Pimel,270.0,g
7898373960068,Mel de abelha,Pinel - florada silvestre,300.0,g
7898373960570,Mel pimel,,200.0,g
7898374661124,Hygipart alcool,,440.0,g
7898375380017,Banana Passa Organica 100g .,ORGANICA,100.0,g
7898375380024,Banana Passa Organica Bio Da Terra 200gr,BIODATERRA,200.0,g
7898375380239,Barra Frutas Tripack Banana Maca Amaranto 81g Banana Power,,81.0,g
7898375380390,"Bar Ban, Lin, Qui 3 Unid 27gr",,27.0,g
7898375380475,Banana Power Pura 81g Banana Brasil,BANANA BRASIL,81.0,g
7898376450177,Café Torrado Em Grãos Espresso Café Toledo Gourmet Sachê 500g,TOLEDO,500.0,g
7898376450214,Café Torrado E Moído A Vácuo Café Toledo Gourmet Pacote 250g,TOLEDO,250.0,g
7898377662050,Energético Zero Açúcares Maçã Verde,TNT,473.0,mL
7898377662425,REFRIGERANTE IT! GUARANÁ PET 2L,it,2000.0,mL
7898377662487,It Refrigerante Laranja 2L,It,2000.0,mL
7898380410020,Pão de Mel sabor Original,Belive,45.0,g
7898380410372,snack good Soy bacon,good soy,25.0,g
7898380410822,salgadinho belive churrasco,,35.0,g
7898380410938,Brownie Chocolate,Belive,40.0,g
7898380411553,Protein Brownie Double Chocolate,Belive,40.0,g
7898380412420,Salgadinho Sabor Queijo com Milho e Quinoa,Belive,25.0,g
7898380412437,Salgadinho sabor presunto com milho e quinoa,Believe,25.0,g
7898383870104,Mel Silvestre,Natureza MIX,300.0,g
7898384808649,Creatina Monohidratada e Micronizada,Soldiers Nutrition,600.0,g
7898387216205,SOLST Arroz Longo Fino Branco Orgânico Solst,Solst,1000.0,g
7898387224095,Farinha Orgânica Integral de Trigo Ecobio,Ecobio,400.0,g
7898391410095,Lasanha e Canelone Cesabela,,500.0,g
7898391410118,Massa de pastel Cesabela (grande),,500.0,g
7898392380397,Óleo de linhaça marrom,Pazze,250.0,mL
7898392380434,óleo De Gergelim Extra Virgem Pazze Vidro 250ml,DUOM,250.0,mL
7898393750908,Auritec,Syntec,100.0,mL
7898393751639,Diaziprim oral,Syntec,20.0,mL
7898393751660,Tobrasyn,Syntec,5.0,mL
7898393752421,Maxitec,Syntec,20.0,mL
7898393770029,Arroz Tio Miro,,5000.0,g
7898399030042,Café da Montanha Gourmet,,500.0,g
7898403780031,Bebida láctea chocolate,Betânia,1000.0,mL
7898403780062,Manteiga de primeira qualidade com sal,Betânia,500.0,g
7898403780291,requeijão cremoso light,Betânia,200.0,g
7898403780499,Chocolate betânia kids,,200.0,g
7898403780666,Betânia Morango,,170.0,g
7898403780673,Natural Fat Free Yogurt,Betânia,170.0,g
7898403780680,Natural Yogurt,Betânia,170.0,g
7898403781298,Leite Condensado Semidesnatado,Betânia,395.0,g
7898403782387,Leite Betânea integral,Betânia,1000.0,mL
7898403782394,Leite UHT Desnatado,BETÂNIA,1000.0,mL
7898403910230,Crema cocinero,Gran,1000.0,g
7898407010127,CHAMEL Chá de Camomila,CHAMEL,10.0,g
7898407010790,CHAMEL Chá de Boldo do Chile,CHAMEL,100.0,g
7898407015610,CHAMEL Chá Hortelã,CHAMEL,15.0,g
7898408734046,Biscoito De Anjo,Biscoito De Anjo,190.0,g
7898409400988,erva doce,,20.0,g
7898409401091,maçã seca,,70.0,g
7898409402784,gengibre moído,,25.0,g
7898409404474,endro,,20.0,g
7898409405488,camomila,,10.0,g
7898409950056,Chantilly Tradicional,Fleischmann,1000.0,mL
7898409950322,Fermento Biológico Seco Instantâneo Massa Doce Fleischmann,Fleischmann,125.0,g
7898409950643,Mistura Para Bolo Cremoso Coco Fleischmann Pacote 450g,AB BRASIL,450.0,g
7898409950667,Mistura Para Bolo Festa Aerado Baunilha Fleischmann Pacote 450g,AB BRASIL,450.0,g
7898409950698,Chocolate em pó solúvel 32% cacau,Fleischmann,200.0,g
7898409950742,MAVALÉRIO Aroma Idêntico ao Natural de Baunilha Branca,MAVALÉRIO,30.0,mL
7898409950919,Molho Agridoce Com Pimenta Sweet Chilli Blue Dragon Squeeze 220g,BLUE DRAGON,220.0,g
7898409950926,Mistura Para Pão Caseiro Fleischmann Pacote 450g,FLEISCHMANN,450.0,g
7898409950940,Mistura Para Pão Integral Fleischmann Pacote 450g,FLEISCHMANN,450.0,g
7898409951039,Mistura Para Pão De Batata Fleischmann Pacote 450g,FLEISCHMANN,450.0,g
7898409951046,Fermento em pó,Fleischmann,100.0,g
7898409951084,Creme Chantilly Fleischmann Caixa 200ml,FLEISCHMANN,200.0,mL
7898409951107,Fermento Químico em pó,Fleischmann,250.0,g
7898409951329,Mistura Para Bolo Aerado Fubá Fleischmann Sachê 450g,AB BRASIL,450.0,g
7898409951367,Mistura Para Bolo Cremoso Chocomousse Fleischmann Sachê 450g,AB BRASIL,450.0,g
7898409951404,Achocolatado Em Pó Ovomaltine 300G Flocos Sache Unit (240991),Ovomaltine,300.0,g
7898409951602,Mist bolo fleischmann petit gate,,350.0,g
7898409951701,Mistura Para Pão Australiano Mel Fleischmann Pacote 450g,FLEISCHMANN,450.0,g
7898409951763,Creme Chantilly Spray Baunilha Fleischmann Frasco 232ml,FLEISCHMANN,232.0,mL
7898409951824,Ovomaltine Flocos Crocantes,"Associated British Foods, Liotécnica Alimentos, Ovomaltine, Pandurata Alimentos",400.0,g
7898409951848,Achocolatado Flocos Crocantes Ovomaltine Pacote 190g,Ovomaltine,190.0,g
7898409952159,FLEISCHMANN FERMENTO,,500.0,g
7898409952173,Gelatina Pó Sem Sabor Fleischmann Pacote 2 Unidades De 12g Cada,FLEISCHMANN,12.0,g
7898409957970,FLEISCHMANN Fermento Biológico Seco Instantâneo,Fleischmann,125.0,g
7898414311071,Doce cremoso sabor doce de leite,Frireggio,400.0,g
7898416520723,KISABOR Pipoca Premium Kisabor,Kisabor,100.0,g
7898416520860,KISABOR Tempero para Churrasco,KISABOR,500.0,g
7898416521003,Flocos de milho com açúcar,KiCereal,270.0,g
7898416521065,Mistura para Pão de Queijo,Kisabor,250.0,g
7898416521072,Farinha de mandioca seca fina,Kisabor,1000.0,g
7898416521119,Toasted Cassava Flour,KiSabor,500.0,g
7898416521478,Bolinhas de cereal de milho sabor chocolate,KiCereal,220.0,g
7898416521508,Fruit rings,KiCereal,220.0,g
7898416522093,milho para pipoca,ki sabor,500.0,g
7898416523427,Folhas de Louro,KiSabor,4.0,g
7898416523489,Orégano,KiSabor,100.0,g
7898416523892,Coentro em folhas,Kisabor,8.0,g
7898416524523,Molho de pimenta calabresa,Ki Sabor,150.0,mL
7898416525094,KISABOR Aroma de Baunilha,KISABOR,30.0,mL
7898416526855,D'CHEFF Sal Grosso Tempero Gaúcho,D'CHEFF,500.0,g
7898416527616,Batata Palha,Kisabor,120.0,g
7898416529559,KISABOR Farinha de Mandioca,KISABOR,500.0,g
7898416529771,KISABOR Fermento em Pó,KISABOR,100.0,g
7898416529832,KISABOR Molho Shoyu,KISABOR,150.0,mL
7898416780028,Biscoito de polvilho Cassini,Cassini,100.0,g
7898416780042,Biscoito de polvilho,Cassini,200.0,g
7898416780301,BISC POLVILHO CHURRASCO CASSINI,CASSINI,80.0,g
7898418140905,Pepino em conserva,Divina mesa,300.0,g
7898418146204,Batata palha extra fina,Divina mesa,100.0,g
7898419631327,Carpaccio bovino piccolo,San Gennaro,220.0,g
7898420000655,Suspiro Leite Condensado,Caseirinho,200.0,g
7898422543754,biscoito de batata doce,Ceifeiro,200.0,g
7898422543808,Granola Tradicional 8 Grãos,Ceifeiro,200.0,g
7898430861093,paleta friboi,,44000.0,g
7898430867361,Linguiça de Frango Swift,Swift,700.0,g
7898434400014,VINAGRE DE FRUTA maçã,Rosani,500.0,mL
7898434400199,Vinagre de Fruta Maçã,Rosani,250.0,mL
7898438680030,Jalon Multicereais,,180.0,g
7898438680078,0-Lac Lactose Free Rice Infant Cereal,Jalon,200.0,g
7898441000153,Granola QUALITÁ Tradicional com Mel Pacote,QUALITÁ,400.0,g
7898453417154,Sal Rosa Do Himalaia Fino Bombay Herbs Spices Pouch 500g,HIMALAIA,500.0,g
7898453460846,Chilli Code 10 Habanero Bombay 60 Ml 7898453460846,BOMBAY,60.0,mL
7898453460853,Molho De Pimenta Bhut Jolokia Bombay Herbs Spices Chilli Code Vidro 60ml,BOMBAY,60.0,mL
7898453460891,Chilli Code 5 Chipotle Bombay 60ml,BOMBAY,60.0,mL
7898453460945,Molho De Pimenta Dedo De Moça Bombay Herbs Spices Chilli Code Vidro 60ml,BOMBAY,60.0,mL
7898453460976,Molho De Pimenta Sriracha Bombay Herbs Spices Squeeze 330g,SRIRACHA,330.0,g
7898453461089,Geleia Morango Com Pimenta Bombay Herbs Spices Vidro 250g,MORANGO,250.0,g
7898453461164,Geleia Abacaxi Com Pimenta Bombay Herbs Spices Vidro 235g,BOMBAY,235.0,g
7898453461379,Sweet Chilli Vd Bombay 385g,Bombay,385.0,g
7898453461386,Molho Madeira Bombay 350 G 7898453461386,BOMBAY,350.0,g
7898453465568,Sal de Parrilla Gourmet 600g - Bombay,Bombay,600.0,g
7898453466879,Fumaça Líquida Bombay Herbs & Spices,Herbs & Spices,60.0,mL
7898453480486,Molho De Pimenta Chipotle Bombay Herbs Spices Chilli Code Vidro 60ml,BOMBAY,60.0,mL
7898453480493,Molho De Pimenta Habanero Bombay Herbs Spices Chilli Code Vidro 60ml,BOMBAY,60.0,mL
7898453480615,Molho Barbecue Original Bombay Herbs Spices Vidro 350g,ORIGINAL,350.0,g
7898453480646,Molho Madeira Para Carne Bombay Herbs Spices Vidro 350g,BOMBAY,350.0,g
7898457608473,Fécula De Batata Vitao 300g,,300.0,g
7898462240552,Palmito Pupunha Espaguete Palmito Da Fazenda Bandeja 210g,DA FAZENDA,210.0,g
7898469470372,Salgadinho de bacon,,120.0,g
7898475355526,Carne moída de frango,Ave  Serra,500.0,g
7898481720721,ovinhos de amendoim,Roldão,400.0,g
7898481751718,Nhoque de batata,Preciato,1000.0,g
7898481779538,Hipercalórico,Red,3000.0,g
7898483533640,Biodream SHAKE DIET,Unilife Vitamins,400.0,g
7898483537389,UNILIFE Matcha Puro,UNILIFE,100.0,g
7898489770780,tolete,,540.0,g
7898489770803,pupunha palmito,,540.0,g
7898495891950,Mel Silvestre,Miromel,300.0,g
7898496681666,Alecrim Supra,Supra,15.0,g
7898496688894,Farofa Pronta Picanha,Supra,300.0,g
7898501600033,Fusili de Milho Sabor Original,tivva,500.0,g
7898501600897,Penne de Milho com Chia,tivva,500.0,g
7898506323692,Filé de peito de frango,Mar,1000.0,g
7898506323715,Filé de Peito Nat.,,1000.0,g
7898506329205,Nat,Na9ane9,340.0,g
7898510460086,Chá de Menta Orgânico,Vale Ecológico,15.0,g
7898511802212,Chocolate com pedaço,O Sorvetão,525.0,g
7898512301103,Formix Gel,Insetimax,10.0,g
7898512301233,Scorpmax spray,Insetimax,500.0,mL
7898514060121,"Drumett (Coxa da Asa) de Frango Congelado 1,5kg",,1500.0,g
7898520570669,Carolina Acucarada Minas E Companhia 150gr,MINAS E CIA,150.0,g
7898520570676,Samanta Minas E Companhia 150gr,MINAS E CIA,150.0,g
7898524190269,Massa de Pizza Coquetel,Siberiann Alimentos,300.0,g
7898527430133,Creme De Ervilhas,Substância,450.0,g
7898530840394,Exclusividades Sortidos,Doce Sabor,150.0,g
7898530840479,Dadinho Receita Original 600 g,Dadinho,600.0,g
7898530841186,Dadinho Tribombom,Dadinho,30.0,g
7898530841254,Dadinho Bitz Chocolate Ao Leite Recheio de Creme de Amendoim,Dadinho,9.0,g
7898530841261,Wafer Dadinho Bitz Pacote 105g,DADINHO,105.0,g
7898530841537,Bombom Wafer Dadinho Lovers Pacote 413g,DADINHO,413.0,g
7898530841551,Dadinho Bombom Recheado de Amendoim Ao Leite,Dadinho,16.5,g
7898530842138,Wafer Recheio Amendoim Cobertura Chocolate Ao Leite Dadinho Roll Caixa 512g 16 Unidades,DADINHO,512.0,g
7898530842145,Bala Dadinho Zero Acucar 180g,DADINHO,180.0,g
7898530842176,Caixa de Chocolates Família Dadinho Exclusividades 185g,"Dadinho,Família Dadinho",185.0,g
7898530842299,"Dadinho Bombom Black + Cacau Wafer Recheado de Amendoim, Chocolate meio amargo",Dadinho,16.5,g
7898530842404,Paçoquinha Dadinho Pote 352g,DADINHO,352.0,g
7898530842428,Kit 10 Paçoquinhas Dadinho 162g Grátis 2 Dadinhos Tradicionais De 6g Cada,DADINHO,162.0,g
7898530842435,Pack Paçoquinha Cremosa Dadinho Pacote 160g 8 Unidades,DADINHO,160.0,g
7898541230801,Apresentado,Produtos da Fazenda,400.0,g
7898541230917,Linguiça Tipo Calabresa Fatiada,Produtos da Fazenda,1000.0,g
7898541231082,Bacon Extra pernil sem pele fatiado,Produtos da Fazenda,1000.0,g
7898542023310,Hambúrguer de Carne Bovina Swift,Swift,672.0,g
7898542027172,Pedaços de Filé de Salmão Swift 500g,Swift,500.0,g
7898542028605,Batata Frita,Swift,400.0,g
7898542029473,Hambúrguer de Carne Bovina Sabor Picanha,,480.0,g
7898542029879,Charque,Friboi,500.0,g
7898549750059,Caninus protein,Avert,100.0,g
7898549750684,Seniox 500,Avert,21.0,g
7898549750691,Seniox 1000,Avert,1000.0,g
7898549750745,Condroplex LB 60 comp,Avert,120.0,g
7898552950545,Pasta de amendoim integral,Da Nona,1010.0,g
7898553442933,Orange 100% Juice (Refrigerated),Natural One,900.0,mL
7898553442940,Apple 100% Juice,"SUSTAIN, Natural One",900.0,mL
7898553442957,Sweetened Lemonade,"SUSTAIN, Natural One",900.0,mL
7898553443862,Orange Mango Apple Passionfruit 100% Juice,"SUSTAIN, Natural One",900.0,mL
7898553445613,Grape and Apple Fruits 100% Juice (Refrigerated),Natural One,900.0,mL
7898553446023,Caipirinha Cocktail,Natural One,220.0,mL
7898553446979,"Apple, Kale, Spinach, Lemon, Ginger and Lemongrass blended Juice (Veggie Lemon)","SUSTAIN, Natural One",900.0,mL
7898553446986,"Mixed Beetroot, Orange, Apple, Ginger and Lemon blended Juice (Veggie Beet)","SUSTAIN, Natural One",900.0,mL
7898555419506,gira mist papagaio C fruta 400,,400.0,g
7898555419551,giba calopsita 500g,,500.0,g
7898555419605,giba periq,,500.0,g
7898556013406,maionese,Pramesa,500.0,mL
7898557010053,"Chips Mandioca, Batatas Doces E Mandioca Com Beterraba Original Roots To Go Pacote 100g",ROOTS TO GO,100.0,g
7898557010077,Chips Mandioca E Batata Doce Original Roots To Go Pacote 45g,ROOTS TO GO,45.0,g
7898557010084,Chips De Batata Doce Roots To Go Pacote 45g,ROOTS TO GO,45.0,g
7898557010169,Chips Batatas Doces Roxas Roots To Go Pacote 45g,ROOTS TO GO,45.0,g
7898557010268,Chips De Pipoca Manteiga Roots To Go Pacote 35g,ROOTS TO GO,35.0,g
7898557010275,Chips De Pipoca Queijo Nacho Roots To Go Pacote 35g,ROOTS TO GO,35.0,g
7898557010626,Chips De Batata Doce Azeite E Manjericão Roots To Go Pacote 45g,ROOTS TO GO,45.0,g
7898557010633,Chips De Batata Doce Especiarias Roots To Go Pacote 45g,ROOTS TO GO,45.0,g
7898557010640,Chips De Batata Doce Mostarda Dijon Roots To Go Pacote 45g,ROOTS TO GO,45.0,g
7898557010657,Chips De Batata Doce Teriyaki Roots To Go Pacote 45g,ROOTS TO GO,45.0,g
7898557010718,Batata Doce Palha Original Roots To Go Pacote 100g,ROOTS TO GO,100.0,g
7898557010725,Batata Doce Palha Alecrim Roots To Go Pacote 100g,ROOTS TO GO,100.0,g
7898557431292,Sorbet de açaí com guaraná sabor morango,Gebon,1020.0,g
7898566782309,Oleo BTOX Recontructor Progresivo,Mary Life,60.0,mL
7898568900039,Farinha De Amaranto Orgânico Vitalin Pouch 120g,VITALIN,120.0,g
7898568900350,Quinoa Em Grãos Integral Vitalin Pouch 250g,VITALIN,250.0,g
7898568900688,Aveia Em Flocos grossos Vitalin Pouch 200g,VITALIN,500.0,g
7898568900855,Aveia Em Flocos Finos Vitalin Pouch 200g,VITALIN,500.0,g
7898568900886,Quinoa Real Em Flocos Orgânica Vitalin Pouch 120g,VITALIN,120.0,g
7898568900893,Linhaça Dourada,vitalin,150.0,g
7898568900916,Farinha De Quinoa Real Orgânica Vitalin Pouch 150g,VITALIN,150.0,g
7898568900923,Farinha De Linhaça Dourada Integral Vitalin Pouch 150g,VITALIN,150.0,g
7898568900930,Farinha De Chia Integral Vitalin Pouch 150g,VITALIN,150.0,g
7898568900961,Quinoa Real Mista Em Grãos Orgânica Vitalin Pouch 150g,VITALIN,150.0,g
7898568900978,Linhaça dourada,Vitalin,120.0,g
7898568900992,Linhaça Marrom,Vitalin,120.0,g
7898568901012,Quinoa Real Vermelha Em Grãos Orgânica Vitalin Pouch 200g,VITALIN,200.0,g
7898568901036,Chia Em Grãos Orgânica Vitalin Pouch 120g,VITALIN,120.0,g
7898568901043,White Chia Seeds,"Vitalin, Vitalin Alimentos Ltda",120.0,g
7898568901081,Gergelim Branco Em Grãos Sem Casca Integral Vitalin Pouch 120g,VITALIN,120.0,g
7898568901265,Cereal Matinal Com Açúcar Mascavo Integral Tradicional Sem Glúten Vitalin Pouch 200g,VITALIN,200.0,g
7898568901272,Cereal Matinal Com Açúcar Mascavo Integral Chocolate Sem Glúten Vitalin Pouch 200g,VITALIN,200.0,g
7898568901296,Risoto Orgânico De Quinoa Cenoura E Mandioquinha Sem Glúten Vitalin Pouch 150g,VITALIN,150.0,g
7898568901302,Risoto Orgânico De Quinoa Funghi Sem Glúten Vitalin Pouch 150g,VITALIN,150.0,g
7898568901401,Mix De Farinhas Multiuso Integral Sem Glúten Vitalin Pouch 500g,VITALIN,500.0,g
7898568901463,Farelo De aveia Sem Glúten ( Brasil ),Vitalin,200.0,g
7898568901470,VITALIN Cereal Matinal Zero Adição de Açúcares,Vitalin,300.0,g
7898568901562,Villatin Açúcar Mascavo Orgânico,Villatin,500.0,g
7898568901586,Quinoa Em Grãos Integral Vitalin Pouch 200g,INTEGRAL,200.0,g
7898570390101,Bolacha de milho,,115.0,g
7898571520101,Iogurte Desnatado Grego Natural Yorgus,Yorgus,130.0,g
7898571520439,Iogurte Grego de Morango,Yorgus,130.0,g
7898571520521,Iogurte Integral Grego Yorgus Pote 500g,Yorgus,500.0,g
7898571520675,Iogurte Desnatado Grego Natural Zero Lactose Yorgus Pote 500g,Yorgus Grego,500.0,g
7898571520934,Iogurte Integral Morango Yorgus Kyds Squeeze 100g,YORGUS,100.0,g
7898571520941,Iogurte Integral Baunilha Yorgus Kyds Squeeze 100g,YORGUS,100.0,g
7898571521009,Iogurte Desnatado Grego Morango Zero Lactose Yorgus Pote 500g,YORGUS,500.0,g
7898571521160,Iogurte Desnatado Morango Zero Lactose Yorgus Completo Frasco 250g,COMPLETO,250.0,g
7898571521207,Iogurte Desnatado Ameixa Zero Lactose Yorgus Completo Frasco 250g,COMPLETO,250.0,g
7898571521627,Cottagy (queijo tipo cottage),Yorgus,400.0,g
7898571521634,Cottagy,Yorgus,200.0,g
7898571521702,YORGUS COMPLETO,YORGUS,150.0,g
7898572491172,Castanha de Caju Moída Vila Oliva,,150.0,g
7898572491219,Mix Aperitivo Vila Oliva,,220.0,g
7898572491226,Abacaxi Cristalizado,,400.0,g
7898573450017,Sorvete Abacate Rochinha Sorvetes Pote 470ml,ROCHINHA SORVETES,470.0,mL
7898573450024,Sorvete Abacate Rochinha Sorvetes Pote 150ml,ROCHINHA,150.0,mL
7898573450031,Sorvete Coco Branco Rochinha Sorvetes Zero Pote 470ml,ROCHINHA SORVETES,470.0,mL
7898573450932,Sorvete Vanilla Rochinha Sorvetes Zero Pote 470ml,ROCHINHA SORVETES,470.0,mL
7898573450956,Sorvete Amendoim Com Chocolate Rochinha Sorvetes Pote 470ml,ROCHINHA SORVETES,470.0,mL
7898573459171,Sorvete Chocolate Rochinha Sorvetes Zero Pote 470ml,ROCHINHA,470.0,mL
7898573459232,Sorvete Coco Com Doce De Leite Rochinha Sorvetes Pote 470ml,ROCHINHA,470.0,mL
7898573459423,Pack Picolé Chocolate Rochinha Sorvetes Caixa 220g 4 Unidades,ROCHINHA SORVETES,220.0,g
7898573459430,Pack Picolé Coco Branco Rochinha Sorvetes Pacote 220g 4 Unidades,ROCHINHA SORVETES,220.0,g
7898573459515,Pack Picolé Coco Branco Rochinha Sorvetes Caixa 220g 4 Unidades,ROCHINHA SORVETES,220.0,g
7898573459522,Pack Picolé Chocolate Sem Adição De Açúcar Rochinha Sorvetes Caixa 220g 4 Unidades,ROCHINHA SORVETES,220.0,g
7898573459713,Sorvete Coco Branco Rochinha Sorvetes Pote 470ml,ROCHINHA,470.0,mL
7898573459737,Sorvete Milho Verde Rochinha Sorvetes Pote 470ml,ROCHINHA,470.0,mL
7898573459843,Sorvete Iogurte Com Morango Rochinha Sorvetes Pote 470ml,ROCHINHA SORVETES,470.0,mL
7898573459898,Sorvete Chocoduo Rochinha Sorvetes Pote 470ml,ROCHINHA SORVETES,470.0,mL
7898574607373,Aveia Sem Glúten Flocos Médios Leve Croc 200g,Leve Croc,200.0,g
7898574780366,Raisin,,454.0,g
7898576130053,Aquim Rio de Janeiro,Q chocolate,50.0,g
7898576891459,Molho de Tomate Temperado,"HF Carraro,Indústria e Comércio de Doces e Conservas Carraro Limitada",580.0,g
7898580031117,"Aveia, Chia & Linhaça",Lugen,200.0,g
7898584742187,Pasta de Amendoim Integral Vitapower,VitaPower,450.0,g
7898586610675,Paçoca Rolha,,360.0,g
7898586660199,Mel Orgânico Mundo Verde Seleção,Mundo Verde,350.0,g
7898586661240,Cacau em pó,Mundo verde,150.0,g
7898586665118,Farinha De Aveia Sem Glúten Mundo Verde 200g,Mundo Verde,200.0,g
7898586665125,Farinha de Aveia Sem Glúten Casas Pedro,Casas Pedro,200.0,g
7898586666320,Condensado de Soja Mundo Verde 330g,,330.0,g
7898586667686,Vinagre de Maçã Orgânico Mundo Verde,Mundo Verde,500.0,mL
7898589097145,MONCLOA Chá Preto True Magic Moncloa Lata,MONCLOA,100.0,g
7898591450600,Dentaduras,Fini,15.0,g
7898591451546,ursinhos,Fini,250.0,g
7898591452352,Balas de Gelatina com Colageno Zero Açúcares,Fini,18.0,g
7898591453137,TUBOS GELES DULCES SABOR FRUTILLA,Fini,80.0,g
7898591453168,TUBOS,Fini,80.0,g
7898591453212,DENTADURAS,Fini,90.0,g
7898591453274,GUSANOS ÁCIDOS,Fini,30.0,g
7898591454592,Marshmallow,Fini,250.0,g
7898591455001,Tubes UVA Regaliz,Fini,80.0,g
7898591457777,Marshmallows Camping Ao Estilo Americano x 80Gr,Fini,80.0,g
7898591459511,Tubes Canudinhos Doces Sabor Morango e Nata,Fini,15.0,g
7898591459955,fini,,18.0,g
7898592254368,GOBECHE Gotas Chocolate 50% Cacau sem Açúcar e sem Adoçante,GOBECHE,2000.0,g
7898592942265,Mel Lambertucci Café Bisnaga,Lambertucci,500.0,g
7898593686588,Jabon Intimo,jayluc,200.0,mL
7898596080192,Açúcar de Coco,Copra,350.0,g
7898596080291,Leite de Coco,"Coco Show,Copra",500.0,mL
7898596080574,Óleo de Coco Sem Cheiro/Sabor - Copra - 200ml,Copra,200.0,mL
7898596080994,néctar de coco,copra,250.0,mL
7898596081670,Leite de coco light,Copra,500.0,mL
7898596081946,Óleo de coco sem sabor,Cocoshow,500.0,mL
7898596082196,óleo De Coco Spray Sem Sabor Copra Frasco 100ml,COPRA,100.0,mL
7898598186595,Ameixa,Benassi,500.0,g
7898598189954,Amendoim Torrado com Casca,Benassi,1010.0,g
7898598213055,Molho de Tomate Refogado Trad.,Minas+,340.0,g
7898598710080,Tapioca Okker C/ Cenoura 500g,OKKER,500.0,g
7898598710097,Tapioca Okker C/ Beterraba 500g,OKKER,500.0,g
7898598710103,Tapioca Okker C/ Espinafre 500g,OKKER,500.0,g
7898598750062,Creme de Queijo,Quatá,180.0,g
7898598750109,Fondue De Queijo Gorgonzola Quatá Reserva Caixa 400g,RESERVA,400.0,g
7898598750420,Leite Com Chocolate,Quatá,180.0,mL
7898598750437,Leite UHT Integral Quatá,quatá,1000.0,mL
7898598871279,poytara marinhos bk line,,30.0,g
7898599210466,Creatina Monohidratada Nutrata,Nutrata,150.0,g
7898599213603,Bar Whey Grego Brigadeiro Nutrata 40g,NUTRATA,40.0,g
7898599218394,Barra de proteína Pistacchio,"Nutrata, Bacio di Latte",40.0,g
7898601948813,Maçã Escolinha,Cantu,1000.0,g
7898603210277,Molho de pimenta,Lanchero Alimentos,1010.0,g
7898604431251,VETLIFE HEPATIC CANINE FORMUMA,Vetlife,2000.0,g
7898604431404,N&D OCEAN SALMON Y MELON,N&D,100.0,g
7898604435099,Ocean Salmão e melão Filhote,,800.0,g
7898604435105,Ocean Salmão e Melão Filhote,,2500.0,g
7898604437031,Al. Gatos ND Spirulina 7kg AD. Cast. Cord,,7000.0,g
7898604437055,Al. Gatos ND Spirulina 7kg AD. Tilapia,,7000.0,g
7898604860297,Pasta de Amendoim com Cacau Qualitá Pote,Qualitá,500.0,g
7898604880011,LOTUS Ghee Tradicional,LOTUS,200.0,g
7898605010240,Nibs De Cacau Mesmo!,Mesmo!,100.0,g
7898605251827,Cerveja Puro Malte Ribeirão Lager - Lager com casca de Laranja,Colorado,600.0,mL
7898605253272,Lager,Colorado,350.0,mL
7898605253852,Cerveja Indica India Pale Ale Colorado 350 mL,"Colorado, Cervejaria ZX S.A.",350.0,mL
7898606181222,Chocolate 70% de Cacau Zero Açucares 75g - Mendoá,Mendoá,75.0,g
7898608071651,Chá Verde Limão e Gengibre TAEQ,Taeq,24.0,g
7898608851697,Polvilho Azedo 500g - Sabor Alternativo,Sabor Alternativo,500.0,g
7898608854179,Fécula de Batata 500g - Sabor Alternativo,Sabor Alternativo,300.0,g
7898612670277,Bombom recheado,Mastig,100.0,g
7898612670499,Matig palito flexivel menta,Mastig,200.0,g
7898612670956,Mastig palito flexivel,Mastig,200.0,g
7898612671762,Mastig surtido natural,Mastig,100.0,g
7898613100469,Pasta de Amendoim com Alfarroba Amendozen Zenfoods,Zenfoods,450.0,g
7898613770358,Chocolate Orgânico 100%,Amma,5.0,g
7898613840136,Alcaparras,Vero,170.0,g
7898614670282,Proteína texturizada de soja,Sora,400.0,g
7898614670299,carne de soja,sora alimentos,400.0,g
7898614670343,Queijo Ralado Vegetal Sabor Parmesão Sora,Sora,50.0,g
7898614670664,Queijo Ralado Vegetal Sabor Mussarela Sora,Sora,50.0,g
7898616880016,Farofa De Mandioca Tradicional Dalena Pacote 400g,DALENA,400.0,g
7898616880023,Farofa d'alena apimentada,,400.0,g
7898616880030,Farofa De Mandioca Vegetariana Dalena Pacote 400g,DALENA,400.0,g
7898617281332,suco em pó sabor cupuaçu Maratá,Maratá,25.0,g
7898617450973,Pasta de Amendoim Super Creamy,VitaPower,600.0,g
7898617451024,Pasta de Amendoim Chocotine Trufada Com Chocolate,Mandubim,1000.0,g
7898617581172,Coco,Maratá,400.0,g
7898617581318,suco em pó sabor caja Maratá,Maratá,25.0,g
7898617581370,suco em pó sabor guaraná e açai Maratá,Maratá,25.0,g
7898617581431,suco em pó sabor salada de fruta Maratá,Maratá,25.0,g
7898617581448,suco em pó sabor tangerina Maratá,Maratá,25.0,g
7898618520064,Tábua De Frios Fatiados Ceratti 150g,CERATTI,150.0,g
7898618520422,Presunto Cozido E Defumado Fatiado Ceratti 100g,CERATTI,100.0,g
7898618520545,Salame Napolitano Fatiado Giovanni Ceratti 100g,GIOVANNI,100.0,g
7898618520552,Salame Spianata Romana Fatiado Giovanni Ceratti 100g,GIOVANNI,100.0,g
7898618520613,Salsicha Viena Ceratti 200g,CERATTI,200.0,g
7898618520668,Linguiça TIPO Calabresa Ceratti,Ceratti,370.0,g
7898618520712,Mortadela Italiana Giovanni Ceratti 100g,GIOVANNI,100.0,g
7898618520750,Salame Italiano Defumado Fatiado Ceratti 100g,CERATTI,100.0,g
7898618520767,Salame Hamburguês Defumado Ceratti 100g,CERATTI,100.0,g
7898618520804,Linguiça Calabresa Fininha Ceratti 400g,CERATTI,400.0,g
7898618520828,Linguiça De Pernil Suíno Pimenta Mexicana Chipotle Ceratti 400g,CERATTI,400.0,g
7898618520859,Lombo Canadense Defumado Em Fatias Ceratti 100g,CERATTI,100.0,g
7898618520958,Presunto Cru Fatiado Italiano Ceratti 80g,CERATTI,80.0,g
7898618520965,Presunto Cru Fatiado Espanhol Ceratti 80g,CERATTI,80.0,g
7898618521009,Linguiça De Frango Fininha Ceratti 400g,CERATTI,400.0,g
7898618521054,Linguiça De Pernil Suíno Com Pimenta Biquinho Ceratti 400g,CERATTI,400.0,g
7898618521061,Linguiça De Pernil Suíno Limão Siciliano Ceratti 400g,CERATTI,400.0,g
7898618521115,Linguiça Calabresa Ceratti 460g,CERATTI,460.0,g
7898618749199,Creme de Pimenta Calabresa Premium,Delícias d'Minas,200.0,mL
7898618749274,Azeite De Dendê,Delícias d'Minas,150.0,mL
7898618749335,Pimenta Bico,Delícias d' Minas,300.0,g
7898618749434,Pimenta Dedo De Moça,Delícias d'Minas,300.0,g
7898618749458,Pimenta Malagueta,Delicias d'Minas,300.0,g
7898618749533,Molho de Alho Cremoso,Delicias d' Minas,150.0,mL
7898618749595,Pequi Fatiado,Delícias d'Minas,300.0,g
7898621151118,Pepinos em conserva,Vale dos Lagos,560.0,g
7898623830042,pas do vale canário 500g,,500.0,g
7898625000016,Leite UHT Integral,Latvida,1000.0,mL
7898626090504,Pernil Suino Temp Gran Corte 700g,,700.0,g
7898626090573,Costela Suina Temp Cong Gran Corte 700g,,700.0,g
7898626190495,Óleo de coco,Vitorena,900.0,mL
7898626400914,Snack Cães Petitos Health 85gr Active,,0.85,g
7898626400921,Snack Cães Petitos Health 85gr Fit,,0.85,g
7898626401249,Snack Cães Petitos 1kg CNE,,1000.0,g
7898626401256,Snack Cães Petitos 1kg FGO,,1000.0,g
7898626401409,Snack Cães Nats 75gr NatAlmondegas Cordeiro,,0.65,g
7898626401799,Snack Cães Nats Cream 120gr Mini Browm,,0.12,g
7898626402567,Snack Cães Longcare Fit 50g,,0.5,g
7898626402574,snack Cães Longcare Fit 250gr,,0.25,g
7898626402727,Snack Cães Longcare Cordeiro 50gr,,0.5,g
7898626448374,Isolate Protein Mix,ProFit Laboratórios,1800.0,g
7898628500780,Polvilho Doce 500g - Sabor Alternativo,Sabor Alternativo,500.0,g
7898629570225,Marshmallow Baunilha Cables Haribo Chamallows Pacote 80g,HARIBO,80.0,g
7898629570294,Marshmallow Baunilha Barbecue Haribo Chamallows Pacote 80g,HARIBO,80.0,g
7898629570348,Marshmallow Barbecue,Haribo,250.0,g
7898629570461,Bala De Gelatina Sweet Bananas Haribo Pacote 90g,HARIBO,90.0,g
7898629570485,Bala De Gelatina Morango E Nata Cream Kiss Haribo Pacote 90g,HARIBO,90.0,g
7898629570508,Bala De Gelatina Morango E Framboesa Dentinhos Haribo Pacote 90g,HARIBO,90.0,g
7898629570904,Bala Morango Haribo Balla Sticks Pacote 80g,HARIBO,80.0,g
7898629570911,Bala Morango ácido Haribo Balla Sticks Pacote 80g,MORANGO,80.0,g
7898629571031,Bala De Gelatina Frutas Aviões Haribo Pacote 90g,HARIBO,90.0,g
7898629571048,Bala De Gelatina Frutas Letrinhas Haribo Pacote 90g,HARIBO,90.0,g
7898629571086,Bala De Gelatina Frutas Ursinhos De Ouro Haribo Pacote 50g,HARIBO,50.0,g
7898629571093,Bala De Gelatina Sweet Bananas Haribo Pacote 50g,HARIBO,50.0,g
7898629571109,Bala De Gelatina Framboesa Dentinhos Haribo Pacote 60g,HARIBO,60.0,g
7898629571154,Bala De Gelatina Morango ácido Haribo Balla Sticks Mini Pacote 80g,MORANGO,80.0,g
7898629571215,Balla Sticks Sabor Framboesa,Haribo,80.0,g
7898629571246,Bala De Gelatina Frutas Barbie E Ursinhos De Ouro Haribo Pacote 80g,HARIBO,80.0,g
7898629571253,Barbie,Haribo,80.0,g
7898629571260,Bala De Gelatina Frutas Hot Wheels Haribo Pacote 80g,HARIBO,80.0,g
7898629571291,Haribo Barbie,Haribo,80.0,g
7898629571307,Balas de Gelatina Sabor Tutti-Frutti,Haribo,80.0,g
7898629571376,Bala De Gelatina Melancia Haribo Pacote 80g,HARIBO,80.0,g
7898629571406,Bala De Gelatina Pink Lemonade ácida Haribo Balla Sticks Pacote 80g,HARIBO,80.0,g
7898629571680,Bala De Gelatina Frutas Do Brasil Ursinhos De Ouro Haribo Pacote 80g,HARIBO,80.0,g
7898629572021,Bala De Gelatina Frutas Mix Haribo Pacote 80g,HARIBO,80.0,g
7898631270038,Esfirra Congelada Ricota Arabia Bandeja 140g,ARABIA,140.0,g
7898631270052,Esfirra Congelada Aberta Carne Arabia Bandeja 260g,ARABIA,260.0,g
7898631270069,Esfirra Congelada Fechada Carne Arabia Bandeja 260g,ARABIA,260.0,g
7898631270076,Esfirra Congelada Ricota Arabia Bandeja 260g,ARABIA,260.0,g
7898631270113,Quibe Congelado Frito Arabia Bandeja 150g,ARABIA,150.0,g
7898631270489,Esfirra Congelada Fechada Assada Carne Arabia Gourmet Bandeja 180g 2 Unidades,ARABIA,180.0,g
7898631270496,Kit Esfirra Congelada Integral Ricota Verdura Arabia 160g,ARABIA,160.0,g
7898633330853,Panetone com gotas de chocolate,Romanato,300.0,g
7898633330952,Bolo De Páscoa Frutas Cristalizadas Romanato Pascale Caixa 350g,ROMANATO,350.0,g
7898633330969,Bolo De Páscoa Com Gotas De Chocolate Romanato Pascale Caixa 350g,ROMANATO,350.0,g
7898633332055,Salgadinho Cebola,Romanato,80.0,g
7898633332390,Salgadinho de Bacon,D'elicce,40.0,g
7898633332413,Salgadinho de Cebola,D'elicce,50.0,g
7898633333601,Chocottone / Panettone com Gotas de Chocolate Romanato 400 g,"Romanato, Romanato Alimentos Ltda., Romanato Alimentos Limitada",400.0,g
7898633333656,Tortilha Cebola e Salsa,D'elicce,80.0,g
7898633410302,Chocolate ao Leite de Coco,Espírito Cacau,80.0,g
7898633430065,Risole de Milho e Requeijão,Diviníssimo,500.0,g
7898633430096,Churros Doce de Leite,Diviníssimo,500.0,g
7898633430218,Quibe com Requeijão,Diviníssimo,500.0,g
7898633430829,Pão de Queijo Frango Diviníssimo,,1000.0,g
7898633431482,Pão de Queijo Palito 3 Queijos,,1000.0,g
7898634261606,Farinha de Aveia sem Glúten,Cereal Crock,200.0,g
7898634261682,LEVE CROCK Granola Salgada Low Carb,Leve Crock,200.0,g
7898634261873,Leve Croc Granola sem Glúten Low Carb Salgada Oliva e Páprica,Leve Croc,200.0,g
7898634262757,LEVE CROC Granola com Aveia sem Adição Açúcar - Linhaça e Tâmaras,Leve Croc,200.0,g
7898634810170,Doce cremoso sabor doce de leite,Lampione,350.0,g
7898635640066,BR SPICES Sal Rosa Himalaia Grosso,BR SPICES,100.0,g
7898635640202,Sal De Parrilla Para Churrasco Br Spices Frasco 330g,BR SPICES,330.0,g
7898635640424,Sal Do Atacama Grosso Com Moedor Br Spices Salt Selection Vidro 100g,BR SPICES,100.0,g
7898635640738,BR SPICES Sal Parrilla Clássico,BR SPICES,1100.0,g
7898635640752,"Sal De Parrilla Com Chimichurri Para Churrasco Br Spices Frasco 1,01kg",BR SPICES,1010.0,g
7898635640806,Tempero Pó Dry Rub Para Carnes Br Spices Frasco 500g,BR SPICES,500.0,g
7898635642305,"Sal De Parrilla Com Alho Para Churrasco Br Spices Frasco 1,015kg",BR SPICES,1015.0,g
7898635642312,"Sal De Parrilla Com Pimenta Do Reino Para Churrasco Br Spices Frasco 1,04kg",BR SPICES,1040.0,g
7898635642725,BR SPICES Tempero para Arroz Segredo de Expert,BR SPICES,120.0,g
7898635642848,Tempero Para Pipoca Br Spices Segredo De Expert Pote 110g,BR SPICES,110.0,g
7898635643463,Condimento Para Suínos Br Spices Segredo De Expert Pote 90g,BR SPICES,90.0,g
7898635643470,"Sal De Parrilla Uruguaio Com Salsa Criolla Para Churrasco Br Spices Frasco 1,01kg",BR SPICES,1010.0,g
7898635643500,Sal De Parrilla Com Alho Para Churrasco Br Spices Frasco 370g,BR SPICES,370.0,g
7898635643524,Sal De Parrilla Com Chimichurri Para Churrasco Br Spices Frasco 300g,BR SPICES,300.0,g
7898635643586,"Sal Marinho Para Costela Br Spices Frasco 1,01kg",BR SPICES,1010.0,g
7898635643609,"Sal De Parrilla Para Churrasco Br Spices Frasco 1,01kg",BR SPICES,1010.0,g
7898635643623,BR SPICES Sal Parrilla para Churrasco,BR SPICES,1010.0,g
7898635644095,Cebola Pó Com Tampa Dosadora Br Spices Essencial Vidro 45g,BR SPICES,45.0,g
7898635644118,Cúrcuma Pó Com Tampa Dosadora Br Spices Essencial Vidro 60g,BR SPICES,60.0,g
7898635644125,Gengibre Pó Com Tampa Dosadora Br Spices Essencial Vidro 35g,BR SPICES,35.0,g
7898635644132,Orégano Com Tampa Dosadora Br Spices Essencial Vidro 10g,BR SPICES,10.0,g
7898635644149,Páprica Defumada Com Tampa Dosadora Br Spices Essencial Vidro 45g,BR SPICES,45.0,g
7898635644156,Páprica Doce Com Tampa Dosadora Br Spices Essencial Vidro 45g,BR SPICES,45.0,g
7898635644163,Páprica Picante Com Tampa Dosadora Br Spices Essencial Vidro 45g,BR SPICES,45.0,g
7898635644170,Pimenta Calabresa Flocos Com Tampa Dosadora Br Spices Essencial Vidro 35g,BR SPICES,35.0,g
7898635644187,Pimenta Caiena Com Tampa Dosadora Br Spices Essencial Vidro 45g,BR SPICES,45.0,g
7898635644194,Sal Do Atacama Fino Com Tampa Dosadora Br Spices Salt Selection Vidro 100g,BR SPICES,100.0,g
7898635644200,Sal Rosa Do Himalaia Fino Com Tampa Dosadora Br Spices Salt Selection Vidro 100g,BR SPICES,100.0,g
7898635644231,BR SPICES Tempero Pote BR Spices Dry Rub 90g,BR SPICES,90.0,g
7898635644255,Canela Pó Com Tampa Dosadora Br Spices Essencial Vidro 50g,BR SPICES,50.0,g
7898635644590,BR SPICES Sal Rosa Himalaia Fino,BR SPICES,250.0,g
7898635644699,Cacau em pó em vidro,BR Spices,200.0,g
7898636660018,Farinha de Tapioca Mani Premium,Mani,500.0,g
7898637353025,"Sobrecoxa assada com ervilhas, purê de batata e cenoura assada",LivUP,300.0,g
7898637354640,"Coxa De Frango Desossada, Arroz, Feijão E Farofa",LivUp,370.0,g
7898637355388,"Estrogonofe de camarão, arroz branco e batata assada com páprica",Liveup,300.0,g
7898637355807,Lasanha à bolonhesa,Livup,340.0,g
7898638060458,Suco de Açaí e Uva Integral,Hugo Pietro,1000.0,mL
7898638065903,Suco de Uva Integral Casas Pedro,Casas Pedro,300.0,mL
7898638066313,Suco Plenno Maçã Integral,Hugo Pietro,1350.0,mL
7898638930461,Queijo Prato (Bola),Mil Campos,500.0,g
7898638930478,Queijo Minas Padrão,Mil Campos,240.0,g
7898641070024,Hydrolite,Dux,1000.0,g
7898641070123,Palatinose,Dux,400.0,g
7898641070888,Whey Protein Concentrado,DUX,900.0,g
7898641071861,Fresh Whey Chocolate e Avelã,DUX Human Health,900.0,g
7898641072479,Fresh whey coco abacaxi,Dux,29.0,g
7898641073247,Whey Protein Isolado Cookies - Dux,Dux,30.0,g
7898641073261,Whey protein concentrate,Dux nutrition,27.0,g
7898641073407,Fresh Whey Coco e Abacaxi,Dux,450.0,g
7898641073735,Whey Protein Concentrado Dux Baunilha - 900g,Dux,900.0,g
7898641073759,Whey Protein Concentrado Sabor Chocolate,Dux,450.0,g
7898641077795,Whey protein,Dux,30.0,g
7898641077894,whey protein concentrado dux caramelo salgado,DUX,900.0,g
7898641570982,Ratonil,Haxea,25.0,g
7898641870747,água mineral Barbosa com gás,,510.0,mL
7898642540380,Pudim de Leite Condensado,Madame,110.0,g
7898643250158,Cacau Oner Gourmet,Oner Gourmet,100.0,g
7898644310554,Creme de açai tradicional com guaraná e recheio de leitinho,"Gelaboca, Carmel",800.0,mL
7898646130082,Bebida Uva Do Bem Caixa 1l,DO BEM,1000.0,mL
7898646130099,Bebida Uva Do Bem Do Benzinho Caixa 200ml,DO BEM,200.0,mL
7898646130693,Refresco Morango Dois Irmãos Do Bem Do Benzinho Caixa 200ml,MORANGO,200.0,mL
7898646130709,Refresco Maracujá Do Bem Do Benzinho Caixa 200ml,DO BEM,200.0,mL
7898647491458,OakBar,,50.0,g
7898647491496,Açaí Banana Bar,Oakberry,50.0,g
7898647601079,café,Café Pelé,100.0,g
7898649350333,Pimenta do Reino,Smart,50.0,g
7898649350425,Pimenta Calabresa Com Moedor Smart Vidro 35g,SMART,35.0,g
7898649351026,Veggie Chips,FitFood,40.0,g
7898649351248,Pasta De Amendoim Crocante Integral Fit Food Pote 450g,FIT FOOD,500.0,g
7898649351255,Pasta De Amendoim Cremosa Integral Fit Food Pote 450g,FIT FOOD,500.0,g
7898649351361,Tortilha Chips De Milho Com Sal Frontera Tex Mex Pacote 125g,FRONTERA,125.0,g
7898649351378,Tortilha Chips De Milho Picante Frontera Tex Mex Pacote 125g,FRONTERA,125.0,g
7898649351385,Tortilha Chips De Milho Queijo Frontera Tex Mex Pacote 125g,FRONTERA,125.0,g
7898649351767,Macarrão De Arroz Com Feijão Fusilli Fit Food Pacote 200g,FIT FOOD,200.0,g
7898649351804,Biscoito De Arroz Integral Multigrãos Fit Food Pouch 90g,FIT FOOD,90.0,g
7898649351811,Biscoito De Arroz Integral Cobertura Chocolate Meio Amargo Zero Açúcar Fit Food Pacote 60g,Fit food,60.0,g
7898649351828,Biscoito De Arroz Integral Cobertura Chocolate Ao Leite Zero Açúcar Fit Food Pacote 60g,FIT FOOD,60.0,g
7898649352054,Mix De Frutas E Castanhas Immune Nuts Fit Food Pacote 30g,FIT FOOD,30.0,g
7898649352061,Biscoito De Arroz Integral Fit Food Pacote 90g,FIT FOOD,90.0,g
7898649352078,Biscoito De Milho Fit Food Pacote 130g,FIT FOOD,130.0,g
7898650680368,Pé crocante 800g,,800.0,g
7898651400309,Bebida Cranberry Zero Açúcar Yaí Caixa 1l,,1000.0,mL
7898651400316,Bebida Maçã Verde Zero Açúcar Yaí Caixa 1l,,1000.0,mL
7898651400408,Chá Verde Limão Siciliano Com Hortelã Zero Açúcar Yaí Caixa 1l,YAÍ,1000.0,mL
7898651400538,Chá Verde Frutas Vermelhas Zero Açúcar Yaí Caixa 1l,YAÍ,1000.0,mL
7898651400545,Chá Verde Lichia Zero Açúcar Yaí Caixa 1l,YAÍ,1000.0,mL
7898651400569,Chá Verde Jabuticaba Zero Açúcar Yaí Caixa 1l,YAÍ,1000.0,mL
7898651510190,Castanha Do Pará,Güds,160.0,g
7898654863057,Farofa Pronta,Rede Krill,400.0,g
7898655575935,espirulina - health labs,health labs,30.0,g
7898656140668,Noz Cobertura Chocolate Ao Leite Belga Hand Fruit Pote 120g,,120.0,g
7898656140675,Castanha Do Pará Cobertura Chocolate Ao Leite Belga Hand Fruit Pote 120g,,120.0,g
7898656141856,Farinha De Amêndoa Hand Fruit Green Pote 150g,GREEN,150.0,g
7898656144475,Mix De Frutas Desidratadas Hand Fruit Pote 100g,,100.0,g
7898657380025,Leite Uht Desnatado Orgânico Timbaúba Caixa Com Tampa 1l,TIMBAUBA,1000.0,mL
7898657380049,Leite UHT Semidesnatado Orgânico Zero Lactose Timbaúba,Timbaúba,1000.0,mL
7898657831558,FUTURINHOS BEM CASADO,,113.0,g
7898657831848,Amanteigado sabor côco,Capricche,288.0,g
7898658060025,Pasta De Amendoim Integral,"BeNature, Be Nature",1000.0,g
7898661010611,"Chocolate com Avelãs 60% cacau orgânico, 25% avelã",PURAVIDA,80.0,g
7898661011366,Puravida Coconut Granola,Puravida,180.0,g
7898661012509,Whey Protein Isolated,Pura Vida,450.0,g
7898661012783,Whey Protein 100% Iso Dark Choco Puravida 450g,Pura Vida,450.0,g
7898661150096,Açúcar Demerara (1 kg) VIVA SALUTE,VIVA SALUTE,1000.0,g
7898663950229,SANTO GRÃO Café Descafeinado Swiss Water Santo Grão,Santo Grão,250.0,g
7898665432884,Isofort Beauty Neutro Vitafor 450g,,450.0,g
7898665433751,Whey Fort 3W Neutro Vitafor 900g,Vitafor,900.0,g
7898665434543,VITAFOR Achocolatado Choco Family Vitafor,Vitafor,400.0,g
7898665434765,Isofort Beauty Neutro Vitafor 450g,Vitafor,450.0,g
7898665680025,Pinati Nuts,Super saude,25.0,g
7898665680353,Barra De Nuts Banana E Aveia Zero Sódio Super Saúde Pinati Manhã Pacote 20g,PINATI,20.0,g
7898665680377,Barra De Nuts Cacau E Coco Zero Sódio Super Saúde Pinati Tarde Pacote 20g,SUPER SAUDE,20.0,g
7898665680490,Barra De Nuts Brigadeiro Zero Sódio Super Saúde Pinati Sweet Pacote 20g,PINATI,20.0,g
7898665680506,Barra De Nuts Cookies Zero Sódio Super Saúde Pinati Sweet Pacote 20g,PINATI,20.0,g
7898665680544,Barra De Nuts Coco E Amendoim Cobertura Chocolate Meio Amargo Sem Açúcar Zero Lactose Super Saúde Pinati Double Bar Pacote 35g,AMENDOIM,35.0,g
7898665680667,Paçoquinha com Chocolate Meio Amargo Sem Açúcar,Pinati,14.0,g
7898665830499,Orfeu bourbona amarelo,,50.0,g
7898665830536,ORFEU Café Orfeu em Grãos Bourbon Amarelo 250g,Orfeu,250.0,g
7898665832509,Orfeu acauã,,50.0,g
7898665832516,Orfeu Arara,,50.0,g
7898665832523,Orfeu,,50.0,g
7898665832721,Orfeu Arara,,250.0,g
7898665832738,Orfeu Arara,,250.0,g
7898665832752,Orfeu acauã,,250.0,g
7898665832769,Orfeu acauã,,250.0,g
7898665832783,Orfeu japy,,250.0,g
7898665832790,Orfeu japy,,250.0,g
7898666220084,Sanduíche Resfriado Salame Sodebo Meu Especial Bandeja 150g,SODEBO,150.0,g
7898666220114,Sanduíche Resfriado Integral Peito De Peru Sodebo Simples Bom Bandeja 150g,INTEGRAL,150.0,g
7898666220206,Capeletti Com Molho Parmesão Recheio Ricota E Espinafre Sodebo Pasta Box Caixa 310g,PASTA BOX,310.0,g
7898666220220,Pasta Box Pipe Rigate Carbonara,Sodebo,310.0,g
7898666220237,Pipe Rigate Calabresa Sodebo Pasta Box Caixa 310g,PASTA BOX,310.0,g
7898666220244,Pipe Rigate 4 Queijos Sodebo Pasta Box Caixa 310g,PASTA BOX,310.0,g
7898666220251,Pipe Rigate Bolonhesa Sodebo Pasta Box Caixa 310g,PASTA BOX,310.0,g
7898666220268,Pasta Box Pipe Rigate Frango e Requeijão,Sodebo,310.0,g
7898666220275,Pipe Rigate Funghi Sodebo Pasta Box Caixa 310g,PASTA BOX,310.0,g
7898666220572,Pizza Muçarela Sodebo Do Chef Caixa 200g,SODEBO,200.0,g
7898666220589,Pizza Calabresa Sodebo Do Chef Caixa 200g,SODEBO,200.0,g
7898666220596,Pizza Pepperoni Com Pimentões Assados Sodebo Do Chef Caixa 200g,SODEBO,200.0,g
7898666220664,Pipe Rigate Cheddar Com Bacon Sodebo Pasta Box Caixa 310g,PASTA BOX,310.0,g
7898666220671,Capeletti Recheio 4 Queijos Sodebo Pasta Do Chef Pouch 300g,SODEBO,300.0,g
7898666220688,Capeletti Recheio Carne Sodebo Pasta Do Chef Pouch 300g,SODEBO,300.0,g
7898666220695,Capeletti Recheio Frango Com Alecrim Sodebo Pasta Do Chef Pouch 300g,ALECRIM,300.0,g
7898666240013,Doce de Leite de Cabra,Cajeta,440.0,g
7898666240068,Doce de leite de cabra com Coco,Cajeta,300.0,g
7898666240082,Doce de leite de cabra com Canela e Run,Cajeta,300.0,g
7898666240556,Molho Pesto,Cajeta,250.0,g
7898666240655,Pate de Pimenta Mexicana com Bacon,Cajeta,220.0,g
7898666240716,Doce de leite de cabra com Nozes,Cajeta,300.0,g
7898666240822,Geleia de Damasco,Cajeta,260.0,g
7898666240846,Geleia de Morango,Cajeta,260.0,g
7898666241072,Cookie de Baunilha com gotas de chocolate,Cajeta,100.0,g
7898666241201,Geleia de Vinho,Cajeta,280.0,g
7898666241287,Geleia de goiaba com pimenta,Cajeta,280.0,g
7898666241294,HOT CHIMICHURRI,Cajeta,240.0,g
7898666241300,Geleia de Frutas Vermelhas,Cajeta,260.0,g
7898666241560,Cebola caramelizada,Cajeta,260.0,g
7898668192419,Açúcar Demerara Orgânico,ORGAN ALIMENTOS,1000.0,g
7898668193409,ORGANU Matcha Latte Orgânico Hype,ORGANU,200.0,g
7898668196011,ORGAN ALIMENTOS Achocolatado Orgânico Zero Açúcar Organ,ORGAN ALIMENTOS,400.0,g
7898669307409,Pasta de Amendoim Brownie C Whey - 500g Absolut,Absolut nutrition,500.0,g
7898672431399,Pão de Forma 9 Grãos,Supermercado Pinheiro,400.0,g
7898675808396,Banoffee,"Choklers,Mix Nutri",40.0,g
7898675840020,Ovos extra vermelhos,Carminatti,348.0,g
7898677310255,puro coco manteiga de coco,ohana,200.0,g
7898677570017,PSYLLIUM HUSK,"WeNutri,WeNutri Natural Foods & Supplements",1000.0,g
7898677570185,WENUTRI Hibisco em Pó Solúvel,WENUTRI,200.0,g
7898677570666,WE NUTRI - Castanha de Caju W1 Sem Sal Crua,We nutri,150.0,g
7898677570680,WENUTRI Flor de Hibisco Desidratada,WENUTRI,50.0,g
7898677572707,WENUTRI Cacau Black Alcalino em Pó,WENUTRI,100.0,g
7898677572745,WENUTRI Cacau em Pó Alcalino Leve Barry Callebaut,WENUTRI,200.0,g
7898677577740,Turmeric,"WeNutri, Wenutri Natural Foods & Supplements",250.0,g
7898678660014,Futuro Burger,Fazenda Futuro,230.0,g
7898678660069,Carne moída de plantas,Fazenda futuro,270.0,g
7898678660168,Almôndega vegetal,Fazenda Futuro,275.0,g
7898678660458,Future mince,,250.0,g
7898678660519,Linguiça vegetal,fazenda futuro,250.0,g
7898678660700,Future Sausage,Future Farm,250.0,g
7898678660717,Future Burger,Future Farm,230.0,g
7898678660724,Future Mince carne macinata,,250.0,g
7898678660793,Tiras Frango Vegetal Fazenda Futuro 200g,fazenda futuro,200.0,g
7898678660816,Embutido sucedaneo de longaniza vegano,,250.0,g
7898678660908,future mince,,270.0,g
7898678661028,Future chick’n,,200.0,g
7898678661172,Futuro burger defumado,fazenda futuro,230.0,g
7898678661240,Future Burger,Future Farm,230.0,g
7898678661257,Future Burger,Future Farm,230.0,g
7898678661370,Future Hack,,250.0,g
7898678661455,Future Bratwurst,,250.0,g
7898678661547,Saucisses végétarienne,,1000.0,g
7898678661554,Haché végétarien,,1000.0,g
7898678661691,Future mince,,250.0,g
7898678661714,Future burger,,115.0,g
7898678661721,Future Sausage saucisses vegan,,250.0,g
7898678661776,Future Mince,,250.0,g
7898678661790,Future Sausage,Future Farm,250.0,g
7898678661806,Future Burger,Future Farm,230.0,g
7898678661905,Future Chick’n,Future Farm,160.0,g
7898678662056,Future Tvna,Future Farm,150.0,g
7898678662131,Future tvna,,150.0,g
7898678662162,Future Meatball,,1000.0,g
7898678662360,Future Meatballs,,25.0,g
7898678662582,Future Bueger,,230.0,g
7898678662780,Future Sausage,Future Farm,250.0,g
7898678662803,Mini Hambúrguer Vegetal Anitta Fazenda Futuro Party Caixa 240g 8 Unidades,FAZENDA FUTURO,240.0,g
7898679480116,Pipoca Doce Original Do Pipoqueiro Netflix Pipó Gourmet Sachê 80g,PIPÓ GOURMET,80.0,g
7898679480178,Pipoca Doce Leite Em Pó Ninho Pipó Gourmet Sachê 100g,PIPÓ GOURMET,100.0,g
7898680360209,Farofa crocante com torresmo,Zapoli,250.0,g
7898680700395,"Peito de Frango com Osso Resfriado Bandeja Seara 1,2Kg",Seara,1200.0,g
7898681350650,Fruti Roll,"Kids Zone,KidsZone",18.0,g
7898681790401,Creme De Leite Uht Dália Sabor Da Fazenda Caixa 200g,Dália,200.0,g
7898681791620,Leite UHT Integral,Dália,1000.0,mL
7898681791637,Leite Uht Semidesnatado Dália Caixa Com Tampa 1l,Dália,1000.0,mL
7898681791644,Leite Uht Desnatado Dália Caixa Com Tampa 1l,DÁLIA,1000.0,mL
7898681791651,Leite Uht Semidesnatado Zero Lactose Dália Caixa Com Tampa 1l,DÁLIA,1000.0,mL
7898681791668,Leite Uht Integral Dália Sabor Da Fazenda Caixa Com Tampa 1l,SABOR DA FAZENDA,1000.0,mL
7898681795796,Dalila,,200.0,mL
7898682700195,Beauty Proteín,Better Life BR,450.0,g
7898683710940,gelatina,faça a festa,20.0,g
7898684481481,DESINCHÁ Desinchá Moro: Laranja Moro e Hibisco,DESINCHÁ,60.0,g
7898686950008,Not Mayo original,"NotCo,Not Mayo",350.0,g
7898686950015,Not mayo alho,Not Mayo,350.0,g
7898686950053,Sorvete à Base De Vegetais Crunchy Baunilha Not Pote 473ml,CRUNCH,473.0,mL
7898686950091,Sorvete à Base De Vegetais Chocolate Chips Not Pote 473ml,,473.0,mL
7898686950176,Hambúrguer Vegetal Not Caixa 200g 2 Unidades,NotCo,200.0,g
7898686950251,Molho Cremoso à Base De Vegetais Picante Not Squeeze 335g,NOTCO,335.0,g
7898686950268,Molho Cremoso à Base De Vegetais Azeitona Preta Not Squeeze 335g,NOTCO,335.0,g
7898686950282,NotMilk Chocolate,"NotCo,NotMilk",1000.0,mL
7898686950299,NotMilk Semi,"NotCo,NotMilk",1000.0,mL
7898686950305,NotMilk Original,"NotCo,NotMilk",1000.0,mL
7898686950312,Bebida Vegetal Chocolate Not Milkinho Caixa 200ml,NOTCO,200.0,mL
7898686950336,Bebida Vegetal Café Caramelo Not Caixa 1l,NOTCO,1000.0,mL
7898686950350,Sorvete à Base De Vegetais Morango Com Creme De Avelã Not Pote 473ml,MORANGO,473.0,mL
7898686950374,Sorvete à Base De Vegetais Café Com Cacau Not Pote 100ml,CAFÉ,100.0,mL
7898686950398,Molho Cremoso Tipo Maionese Not Squeeze 400g,NOTCO,400.0,g
7898686950404,Not Chickenzitos,NotCo,250.0,g
7898686950411,Not Chicken Burger Empanado,NotCo,200.0,g
7898686950442,Bebida Vegetal Original Sem Adição De Açúcar Not Caixa 1l,NOTCO,1000.0,mL
7898686950459,NOT SHAKE® PROTEIN CHOCOLATE,NotCo,250.0,mL
7898686950497,Not Milk - Pasta de Amendoim,NotCo,250.0,mL
7898686950527,NOTCO Maionese Not Mayo Alho,NOTCO,350.0,g
7898686950565,Creme de Leite Vegetal,Notco,200.0,g
7898686950794,NOT SHAKE PROTEIN CAFÉ CARAMELO,NotCo,250.0,mL
7898687312201,Chocolat noir,,80.0,g
7898687313154,Chocolat au lait sans sucres ajoutés,Dengo,80.0,g
7898687731903,Equilav body protein,Equilav,10.0,g
7898691990037,Kimilho Yoki Flocao 500g,YOKI,500.0,g
7898692300002,Bebida à Base De Castanha De Caju Orgânica Maçã E Banana A Tal Da Castanha Mini Caixa 200ml,A TAL DA CASTANHA,200.0,mL
7898692300040,Bebida à Base De Aveia A Tal Da Castanha Caixa 1l,A TAL DA CASTANHA,1000.0,mL
7898692300309,Bebida Vegetal Possible ORIGINAL,Possible Plant-based,1000.0,mL
7898692300316,Bebida à Base De Castanha De Caju E Cacau Orgânica Chocolate Possible Caixa 1l,A TAL DA CASTANHA,1000.0,mL
7898692300392,Bebida Choconuts Zero,A tal da castanha,1000.0,mL
7898692300828,Suplemento Alimentar Pó Caramelo Plant Power Ultracoffee Lata 220g,A TAL DA CASTANHA,220.0,g
7898692300842,Suplemento Alimentar Pó Caramelo Plant Power Ultracoffee Pacote 10g,PLANT,10.0,g
7898692300941,Bebida Castanha ATDC Caju/chocolate,,200.0,mL
7898693230094,cuscuz,Da Terrinha,500.0,g
7898693230223,Pao de queijo,,250.0,g
7898693230339,terrinha arabe,,150.0,mL
7898693230780,Tapioca Da Terrinha Na Medida (7 Porções) 490g,Da Terrinha,490.0,g
7898693230964,Milho para Pipoca Tipo 1 Da Terrinha,Da Terrinha,400.0,g
7898697630388,Penne à Bolonhesa com Carne de Plantas,urban farmcy,300.0,g
7898699690069,Salgadinho de Batata Ondulada Sabor Original,Wanflo,80.0,g
7898701300283,Sequilhos laranja,casademãe,280.0,g
7898701300313,Broinha de milho,casademãe,280.0,g
7898701301938,Pasta de amendoim the cookies,casademãe,1070.0,g
7898701302430,"QUALITÁ Castanha, Maçã e Canela",QUALITÁ,400.0,g
7898701303222,Salgadinho sabor Cebola e Salsa Casa de Mãe 200 g,"Casa de Mãe,Fritop Indústria e Comércio de Alimentos Eireli,Aassociaçao Unigrupo de Supermercados",200.0,g
7898701303277,Chocolate em pó solúvel,Casademãe,200.0,g
7898701303437,Casa de mãe bananinha zero,,160.0,g
7898701305226,Milho para pipoca,Casademãe,500.0,g
7898702151525,Mozzarella de Búfala Bola Cereja,Momento Mambo,160.0,g
7898707750099,Empada de Frango D'Gosto,,800.0,g
7898707750112,Bolinha Napolitana D'Gosto,,800.0,g
7898708732254,Whey Baunilha - 100% Black Skull 900g,Black skull,900.0,g
7898709240116,Granola Crocante,genérico,500.0,g
7898709240123,Granola Zero Casas Pedro,Casas Pedro,500.0,g
7898709240130,Óleo de Coco Sem Sabor Casas Pedro - 500ml,Casas Pedro,500.0,mL
7898709240154,Óleo de Coco Virgem Casas Pedro - 200ml,Casas Pedro,200.0,mL
7898709240161,Óleo de Coco Extra Virgem Casas Pedro,Casas Pedro,500.0,mL
7898709240185,Geleia de Morango Casas Pedro,Casas Pedro,300.0,g
7898709240321,Pasta de Amendoim Tradicional Casas Pedro,Casas Pedro,450.0,g
7898709240390,Manteiga Ghee Casas Pedro Tradicional,Casas Pedro,500.0,g
7898709240734,Mel Silvestre Casas Pedro,Casas Pedro,500.0,g
7898709240758,Mel Laranjeira Casas Pedro,Casas Pedro,500.0,g
7898709240765,Barra Chocolate - 72% Casas Pedro,Casas Pedro,40.0,g
7898709240772,Barra de Chocolate Com Café Casas Pedro,Casas Pedro,55.0,g
7898709240789,Barra de Chocolate Ao Leite Casas Pedro,Casas Pedro,55.0,g
7898709240796,Barra Chocolate Zero Casas Pedro,Casas Pedro,40.0,g
7898709240888,Pasta de Amendoim Com Leite Em Pó Casas Pedro - 450g,Casas Pedro,450.0,g
7898709240895,Pasta de Amendoim Crocante Casas Pedro,Casas Pedro,500.0,g
7898709240901,Pasta de amendoim,,500.0,g
7898709240956,Pasta de Amendoim Crocante,Casas Pedro,450.0,g
7898709240963,Tapioca Hidratada,Casas Pedro,500.0,g
7898709241304,Bebida Vegetal Castanha de Caju Casas Pedro - 1l,Casas Pedro,1000.0,mL
7898709241311,Bebida Vegetal Amêndoa Casas Pedro,Casas Pedro,1000.0,mL
7898709241328,Bebida Vegetal De Aveia,Casas Pedro,1000.0,mL
7898709241335,Panettone Casas Pedro,Casas Pedro,400.0,g
7898709241366,Molho de Pimenta Defumada Casas Pedro,Casas Pedro,150.0,mL
7898709241472,Água de Coco Integral Casas Pedro,Casas Pedro,1000.0,mL
7898709242196,Leite de Coco,Casas Pedro,500.0,mL
7898710470021,Uva preta sem semente,Natural Flavors,500.0,g
7898711980123,Suco de Uva Integral,Monterano,1350.0,mL
7898711990993,Açúcar Demerara Orgânico (200 g) GRUPO ROCHA SAÚDE,GRUPO ROCHA SAÚDE,200.0,g
7898711993352,GRUPO ROCHA SAÚDE Chá de Hortelã Mentha Arvensis L. Grupo Rocha Saúde,GRUPO ROCHA SAÚDE,10.0,g
7898714350251,OISHII Sal do Himalaia Fino,OISHII,100.0,g
7898714350343,Milhoca - Tapioca com milho,Oishii,500.0,g
7898716960052,Caldo de carne,Vero Brodo,750.0,mL
7898719884966,Shark Up Gel Cola,SHARK PRO,30.0,g
7898719885727,Pro 100% Whey Elite Series Sabor Chocolate,Strongest Nutrition,2000.0,g
7898721340023,Farofa cantagaloCostela,,200.0,g
7898721340047,Farofa Cantagalo,,200.0,g
7898725610177,Clara De Ovo,Raiar,1000.0,g
7898733710005,Batata Dadinho de Batata com Queijo,Bem Brasil,400.0,g
7898734230137,Farinha De Mandioca Fermentada,Manioca,500.0,g
7898736270049,SNACKS CAES PAPAYA CUIDADO ORAL MD,,170.0,g
7898736270186,Snack Cães Papaya 45gr Boninh BCN. PQ,,0.45,g
7898736270230,Snack Cães Papaya 325gr Bonao CNE.MD/GD,,0.325,g
7898736270841,Snack Cães They Gobananas 170gr Banana,,0.17,g
7898738660442,Império Gold 600 ml,,600.0,mL
7898752400260,"Al. cães F.Natural Vet 10,1kg Gastro",,10100.0,g
7898752480002,farofa pronta Mendez Pic,,250.0,g
7898755180633,BOLD WHEY,BOLD,30.0,g
7898755200065,chantilly sabor Chocolate,chandelle,90.0,g
7898755200102,Grego sabor Tradicional*,Nestlé,450.0,g
7898760810099,Bala Azeda,Lalka,150.0,g
7898770420042,The Doctor VR46,Monster,473.0,mL
7898774730000,MAC Frango,Mexidona Foods,100.0,g
7898774730017,MAC Cogumelo,Mexidona Foods,100.0,g
7898775488917,Bisnaguinha tradicional,Gold Boys,250.0,g
7898786020038,Whey 80% baunilha,Growth,1000.0,g
7898791903531,Iogurte Trevinho Coco,Trevinho,1300.0,g
7898808811842,mel,,250.0,g
7898901525097,Granola com Frutas Cristalizadas Carrefour,Carrefour,500.0,g
7898901525769,LEVE CROC Cacau em Pó,LEVE CROC,100.0,g
7898901525868,LEVE CROC Farinha Integral de Trigo Saraceno (Mourisco),LEVE CROC,1000.0,g
7898901525882,Polvilho Doce Leve Crock Sabor Alternativo,Leve Crock,500.0,g
7898901525899,Leve Crock Polvilho Azedo,Leve Crock,100.0,g
7898901530022,Palmito Tolete Ecológico Brazilian Pupunha 500g,,500.0,g
7898901621102,feijão,Milenium,1000.0,g
7898901621249,Canjica amarela,Rio Imperial,500.0,g
7898902150748,Leite de Coco Casas Pedro,Casas Pedro,500.0,mL
7898902299058,Milho Verde Em Conserva Stella Doro Lata 170g,Stella d'oro,170.0,g
7898902299164,Goiabada Stella D'oro Pote 600GR,,600.0,g
7898902299379,Ervilha Em Conserva Stella Doro Lata 170g,STELLA DORO,170.0,g
7898902299485,Extrato De Tomate Stella Doro Extratod’oro Sachê 140g,STELLA DORO,140.0,g
7898902299515,Ketchup Picante Stella Doro Squeeze 400g,STELLA D ORO,400.0,g
7898902299720,Maionese Tradicional Stella Doro Sachê 200g,STELLA D ORO,200.0,g
7898902394227,pão de forma,real pan,500.0,g
7898902521586,Queijo Camembert Monastère 200g,MONASTERE,200.0,g
7898902521692,Le chevre nature,,100.0,g
7898902550111,Presunto Serrano Espanhol Fatiado Casa Basca 100g,CASA BASCA,100.0,g
7898902550258,Presunto Parma Fatiado Vito Balducci 100g,VITO BALDUCCI,100.0,g
7898902550463,Pastrami Fatiado Vito Balducci Bandeja 100g,VITO BALDUCCI,100.0,g
7898902568437,Requeijão Cremoso D’or,D’or,200.0,g
7898902932030,mega leite,mega bakery,400.0,g
7898903018061,Alfarroba Barra Carob House Caixa 45g,CAROB HOUSE,45.0,g
7898903018603,Confeito De Amendoim Cobertura Alfarroba Carob House Caixa 100g,CAROB HOUSE,100.0,g
7898903064013,Quinoa,Quinua Real,500.0,g
7898903297626,Ketehup Tradicional,Di-Cheff,200.0,g
7898903594046,Du sul,,185.0,g
7898903667559,Goiabada,,600.0,g
7898904039027,Champignon,,250.0,g
7898904099007,Farinha de Coco,coco & cia,200.0,g
7898904189029,Goiabada,Ralston,800.0,g
7898904189302,Goiabada Cremosa,Ralston,500.0,g
7898904189951,Goiabada cascão,Ralston,30.0,g
7898904736513,Leite Esterilizado Integral Orgânico Timbaúba Garrafa 1l,TIMBAUBA,1000.0,mL
7898904736841,Leite UHT Integral Orgânico Timbaúba,Timbaúba,1000.0,mL
7898904845024,Salada Riviera,La Vita,250.0,g
7898904845130,Cheiro verde,La Vita,60.0,g
7898904845215,Repolho branco,La Vita,250.0,g
7898904845345,Primavera Mix La Vita 250g,LA VITA,250.0,g
7898904845536,Salada Baby Summer La Vita 100g,LA VITA,100.0,g
7898904845802,Salanova Mini Lisa Verde La Vita 100g,LA VITA,100.0,g
7898904845819,Salanova Mini Lisa Roxa La Vita 100g,LA VITA,100.0,g
7898904845826,Salanova Mini Crespa La Vita 100g,LA VITA,100.0,g
7898904845840,Salada Tropical La Vita 200g,LA VITA,200.0,g
7898904845895,Salanova Mini Crespa Roxa La Vita 100g,LA VITA,100.0,g
7898904845963,Kit Sopao La Vita 300g,LA VITA,300.0,g
7898904845970,Kit Yakissoba La Vita 300g,LA VITA,300.0,g
7898904852046,Linhaça Dourada Em Grãos Orgânica Vitalin Pouch 120g,VITALIN,120.0,g
7898904852065,Geleia Linea s/ Açúcar Morango,Linea,230.0,g
7898904852329,Quinoa Em Flocos Orgânica Vitalin 200g Quinua,VITALIN,200.0,g
7898904852336,Farinha Quinoa Vitalin 300gr Organica,VITALIN,300.0,g
7898904852503,Quinoa Real Vermelha Em Flocos Orgânica Sem Glúten Vitalin Pouch 200g,VITALIN,200.0,g
7898904852619,Flocos De Amaranto Orgânico Vitalin Pouch 150g,VITALIN,150.0,g
7898904874048,Pão de Forma,PlufNut,400.0,g
7898904874512,Pão de leite,Muffato,400.0,g
7898905356161,Leite de Coco Tradicional,Copra,199.91686,mL
7898905356581,Farinha de Coco 400g - Copra Coco,Copra Coco,400.0,g
7898905356635,Farinha de Coco Sem Gluten,COPRA,100.0,g
7898905356796,Coco Ralado,Copra,100.0,g
7898905356802,Coco Ralado sem Açúcar Copra,Copra,100.0,g
7898905356895,óleo De Coco Extravirgem Orgânico Copra - 500ML,,500.0,mL
7898905565044,Água mineral natural,L'aqua,500.0,mL
7898905687050,TUI Granola Salgada sem Glúten,Tuí alimentos,200.0,g
7898905835093,Queijo Mussarela De Búfala Cereja Levitare 250g,LEVITARE,250.0,g
7898905835451,Queijo Mussarela De Búfala Cereja Levitare Pote 150g,LEVITARE,150.0,g
7898905835536,Queijo Mussarela De Búfala Fatiado Levitare 150g,LEVITARE,150.0,g
7898906169043,Colágeno Hidrolisado,Vila,100.0,g
7898906169098,Farinha de Banana Verde,Vila,100.0,g
7898906381063,Requeijão Cremoso,Sensação de Minas,350.0,g
7898906440067,Rosa.coco petry,,250.0,g
7898907631006,Presunto Cru Fatiado Espanhol Ceratti 100g,CERATTI,100.0,g
7898907631228,Mortadela Bologna Fatiada Ceratti 150g,CERATTI,150.0,g
7898907631242,Mortadela Bovina Fatiada Light Ceratti 100g,CERATTI,100.0,g
7898907631266,Mortadela Bologna Com Pistache Fatiada Ceratti 150g,CERATTI,150.0,g
7898907631303,Mortadela Bologna Com Azeitona Fatiada Ceratti 150g,CERATTI,150.0,g
7898907631709,Pepperoni Fatiado,Ceratti,1000.0,g
7898907631990,Presunto Cru Fatiado Italiano Ceratti 100g,CERATTI,100.0,g
7898907632522,Pig Beef Bovina E Suína Fatiada Ceratti 100g,CERATTI,100.0,g
7898907632614,Linguiça Calabresa Fatiada Cozida E Defumada Ceratti 100g,CERATTI,100.0,g
7898907632645,Peito De Frango Defumado Fatiado Ceratti 100g,CERATTI,100.0,g
7898907760126,Palha,Palha Leve,80.0,g
7898908069075,Batata palha,"Chef Chips, Beyv's",400.0,g
7898908090017,Salgadinho de Batata,Chef Chips,144.0,g
7898908207088,Queijo parmesão para dietas com restrição à lactose,Gran Mestri,40.0,g
7898908207248,Manteiga Extra Com Sal Zero Lactose Gran Mestri Lata 200g,GRAN MESTRI,200.0,g
7898908207514,Manteiga Extra Com Sal Gran Mestri Lata 200g,GRAN MESTRI,200.0,g
7898908207521,Manteiga Extra Sem Sal Gran Mestri Lata 200g,GRAN MESTRI,200.0,g
7898908207989,Manteiga Gran Mestri Extra c/sal Zero Lactose,Gran Mestri,200.0,g
7898908593181,Suco de Maçã Integral,Senhor Viccino,500.0,mL
7898908593617,Vinagre de maçã,,400.0,mL
7898909369013,Minipão Sírio Beiruthe Pacote 300g,BEIRUTHE,300.0,g
7898909369044,Pão Sírio Grande Beiruthe Pacote 400g,BEIRUTHE,400.0,g
7898909369051,Torrada Síria Gergelim Beiruthe Pacote 250g,BEIRUTHE,250.0,g
7898909514581,ALIBEC - Castanha de Caju Premium Torrada,alibec,150.0,g
7898909864020,Soja Mania Ervas Finas,Soja Mania,336.0,g
7898909999135,Goiabada Cascão Nhá Tuca Caixa 400g,NHA TUCA,400.0,g
7898910048006,Leite de coco,Indiano,200.0,mL
7898910095352,Álcool 70%,Tupi,1000.0,mL
7898910583408,Sonho de Mel,Biscoitos Zeca,250.0,g
7898910636616,SÍTIO BOA ESPERANÇA Feijão Carioca Orgânic,SÍTIO BOA ESPERANÇA,500.0,g
7898910891015,Ovos tipo extra branco,"Ovos União, Coave",720.0,g
7898911195020,arroz parboilizado,realengo,1000.0,g
7898911657719,Queijo Prato Fatiado Cruzília 150g,,150.0,g
7898911657986,Fondue De Chocolate Meio Amargo Cruzília Caixa 250g,CRUZILIA,250.0,g
7898911745461,Al. Poytara Carniv. Fundo P 500G,,0.5,g
7898911745577,Al. Peixe Poytara Fisco Dia a Dia 30gr,,0.3,g
7898911749650,Filé de Peixe Congelado-Merluza Gran Filé,,1000.0,g
7898911931116,Bebida Adoçada Cranberry Juxx Funcionais Caixa 1l,JUXX,1000.0,mL
7898911931123,Bebida Cranberry Juxx Funcionais Caixa 1l,JUXX,1000.0,mL
7898911931666,Bebida Blueberry Juxx Funcionais Caixa 1l,JUXX,1000.0,mL
7898911931697,Suco Juxx 1l Antiox Original,JUXX,1000.0,mL
7898912106599,Batata Ondulada Crocante,Klain,40.0,g
7898912222015,Farofa De Mandioca Picante Dgoiás Pacote 400g,D GOIAS,400.0,g
7898912222039,Farofa De Mandioca Tradicional Dgoiás Pacote 400g,D GOIAS,400.0,g
7898912222060,Farofa De Milho Tradicional Dgoiás Pacote 400g,D GOIAS,400.0,g
7898912222152,Sal grosso com chimichurri,D'Goias,500.0,g
7898912222367,D'GOIAS Veg-Oca Tapioca de Espinafre,D'GOIAS,500.0,g
7898912222381,D'GOIAS Tapioca Tradicional Vegana Veg-Oca,D'GOIAS,500.0,g
7898912222428,Sal Parrilla D'Goiás,D'Goiás,280.0,g
7898912222565,Farinha Mandioca Biju,D'Goiás,350.0,g
7898912485151,manteiga natural da vaca,natural da vaca,500.0,g
7898912485649,Queijo parmesão ralado,Natural da vaca,50.0,g
7898912572028,Suco de Uva Branco Integral,Hugo Pietro,1000.0,mL
7898912678072,"SÃO FRANCISCO Vinagre Orgânico de Maçã 4,2%",SÃO FRANCISCO,500.0,mL
7898912704016,ORFEU Café em Grãos Clássico 1Kg,Orfeu,1000.0,g
7898912704023,Café Classico 100% arabica,orfeu,250.0,g
7898912704085,Orfeu clássico,,50.0,g
7898912704146,Orfeu classico,Orfeu,250.0,g
7898912704252,Orfeu intenso,,250.0,g
7898913009110,DA TERRINHA Tapioca da Terrinha Tradicional,DA TERRINHA,500.0,g
7898913857094,Polenta Tablete Amarela Congelada,Bocado Bom,500.0,g
7898914221733,Óleo de coco,Dikoko,500.0,g
7898914282093,Mandolate Gaúcho,,100.0,g
7898914346108,Tapioca Realeza 1k,,1000.0,g
7898914346139,tapioca realeza,,500.0,g
7898914401364,Hambúrguer FastBurger,,56.0,g
7898914549035,Compota Umbu Organico 590g,GRAVETERO,590.0,g
7898914549356,Geléia De Umbu Orgânica Gravetero 240g,GRAVETERO,240.0,g
7898914652384,Biscoito Amanteigado,Bolachas Vovó Elza,200.0,g
7898914652469,Biscoitos Gingerbread,Vovó Elza,120.0,g
7898914796118,ELOGIATA Óleo de Algodão Elogiata,ELOGIATA,500.0,mL
7898914948180,Mel Apiário Breda,Apiário Breda,520.0,g
7898915026023,Farinha de arroz flocada,Kiflocao,1000.0,g
7898915414011,Leite UHT Integral,Terra Viva,1000.0,mL
7898915414363,Leite UHT Zero Lactose,Terra Viva,1000.0,mL
7898915415827,Leite UHT integral,Amanhecer,1000.0,mL
7898915497113,Doce banan unidoce bananada,,450.0,g
7898915573312,Café Cantares Brasil Præmium,cantares,250.0,g
7898915573329,Café cantares præmium moido,,250.0,g
7898915653281,Spaguetti sem glúten,casarão,500.0,g
7898915653786,Macarrão de arroz preto integral penne 200G - Casarão,Casarão,200.0,g
7898915654219,CASARÃO Massa Tradicional para Lasanha,CASARÃO,200.0,g
7898915654226,CASARÃO Massa Caseira para Lasanha Verde sem Glúten,CASARÃO,200.0,g
7898915681024,Fl Endivia Hetros 250g,,250.0,g
7898915762051,Biscoito de Polvilho,Bonzinho,120.0,g
7898916030012,Polvilho Orgânico Coopernatural,Coopernatural,500.0,g
7898916030579,Açúcar mascavo,Cooper natural,500.0,g
7898916030685,Suco de Uva Integral Cooper Natural 300 mL,Coopernatural,300.0,mL
7898916031323,COOPERNATURAL Óleo de Soja Orgânico,COOPERNATURAL,500.0,mL
7898916031606,COOPERNATURAL Farinha de Arroz Integral Orgânica,COOPERNATURAL,1000.0,g
7898916031620,COOPERNATURAL Feijão Preto Orgânico:,COOPERNATURAL,1000.0,g
7898916464077,Picolé Amendoim Rochinha Sorvetes Pacote 55g,ROCHINHA,55.0,g
7898916464220,Sorvete Natas Com Amarena Rochinha Sorvetes Pote 150ml,ROCHINHA,150.0,mL
7898916464237,Sorvete Natas Com Amarena Rochinha Sorvetes Pote 470ml,ROCHINHA,470.0,mL
7898916635057,Pão de Queijo,Mineiraço,400.0,g
7898917507018,Shitake,Arte da Terra,200.0,g
7898917507025,Shimeji,Arte da Terra,200.0,g
7898917507070,Cogumelo Paris,Arte da Terra,200.0,g
7898917507155,Shitake,Arte da Terra,200.0,g
7898917507186,Shimeji Preto,Arte da Terra,200.0,g
7898917852019,Croc apple,Flora Frutas  Ltda,40.0,g
7898917855058,canjica,,500.0,g
7898917945100,Castanha De Caju Torrada E Salgada Amigos Do Bem Pouch 50g,AMIGOS DO BEM,50.0,g
7898917945209,Castanha De Caju Torrada E Salgada Amigos Do Bem Pouch 100g,AMIGOS DO BEM,100.0,g
7898917945292,Castanha De Caju Torrada E Salgada Amigos Do Bem Premium Pote 140g,AMIGOS DO BEM,140.0,g
7898917945346,Castanha De Caju Caramelizada Amigos Do Bem Pote 120g,AMIGOS DO BEM,120.0,g
7898918205135,Qi cone flocos,Quick sorvetes,75.0,g
7898918205296,Picole groselha,Quick sorvetes,50.0,g
7898918205326,Picolé ninho trufado,Quick sorvetes,65.0,g
7898918343059,Granola sem açúcar,Martigran,400.0,g
7898918445197,Biscoito de Polvilho,Quero S. Mais,80.0,g
7898918450016,Salame,,23000.0,g
7898918458128,Molho Shoyu,,150.0,mL
7898918458135,Molho de Alho Toscano 150g,,150.0,g
7898918923275,Gelatina de Framboesa,Tremendinha,45.0,g
7898918923299,Gelatina de Limão,Tremendinha,45.0,g
7898918924029,Gelatina de Amora,Tremendinha,45.0,g
7898919754366,oleo composto tradição tradicional vd,,500.0,mL
7898919797066,Biscoito Sabor de Manteiga com Goiabada,Biscoitos Quiosque,325.0,g
7898919865246,Isofort Neutro 92% Proteina Vitafor 900g,Vitafor,900.0,g
7898919865529,Whey Protein Isolate Vitafor 250g,Vitafor,250.0,g
7898919870509,CAFÉ FRESCO MOÍDO,café do mercado,250.0,g
7898919902064,suco de laranja integral,do bem,1000.0,mL
7898919902071,Refresco Limonada Do Bem Caixa 1l,DO BEM,1000.0,mL
7898919902194,Suco Integral Laranja Do Bem Do Benzinho Caixa 200ml,DO BEM,200.0,mL
7898919902200,Limonada DoBem,DoBem Bebidas,200.0,mL
7898919902255,Chá Mate Limão Do Bem Caixa 1l,DO BEM,1000.0,mL
7898919902279,água De Coco Esterilizada Do Bem Caixa 1l,DO BEM,1000.0,mL
7898919902293,Água de coco DoBem,DoBem bebidas,200.0,mL
7898919902880,Suco Tangerina Do Bem Caixa 1l,DO BEM,1000.0,mL
7898919902897,Todo dia - Caju,Do bem,1000.0,mL
7898919902903,Bebida Manga Do Bem Caixa 1l,DO BEM,1000.0,mL
7898919902910,Bebida Pêssego Do Bem Caixa 1l,DO BEM,1000.0,mL
7898919902989,Bebida Manga Do Bem Do Benzinho Caixa 200ml,DO BEM,200.0,mL
7898919902996,Bebida Pêssego Do Bem Do Benzinho Caixa 200ml,DO BEM,200.0,mL
7898919916870,Tempero para pipoca sabor pizza,Beija Flor,100.0,g
7898920041448,Creatine Monohidratada,Max Titanium,300.0,g
7898920195141,Nutri Néctar sabor uva,Nutri Néctar,1000.0,mL
7898920195226,Nutri Nectar Maracujá,Nutri Nectar,200.0,mL
7898920223431,Pramesa Ketchup,Pramesa,400.0,g
7898921126793,"RIO SOL - 2015, Brasilien",VINI BRASIL,750.0,mL
7898921546096,Melado Colonial Batido,Koch,400.0,g
7898921567046,Batata Corte Tradicional Seleção Especial Bem Brasil,Bem Brasil,400.0,g
7898921567114,Batata Mais Batata Bem Brasil,,1000.0,g
7898921567121,Batata Pré Frita Palito Congelada Bem Brasil Mais Batata Pacote 2kg,BEM BRASIL,2000.0,g
7898921567268,Batata Pré Frita Palito Fininha Congelada Bem Brasil Pacote 700g,BEM BRASIL,700.0,g
7898921567275,Batata Pré Frita Carinhas Congelada Bem Brasil Pacote 400g,BEM BRASIL,400.0,g
7898921567282,Minibatata Pré Frita Hash Brown Congelada Bem Brasil Pacote 400g,BEM BRASIL,400.0,g
7898921567336,"Batata Pré Frita Tradicional Congelada Bem Brasil Pacote 1,05kg",BEM BRASIL,1050.0,g
7898921567350,Anéis De Cebola Empanados Pré Fritos Congelados Bem Brasil Pacote 450g,BEM BRASIL,450.0,g
7898921567367,Batata Corte Especial Steakhouse Bem Brasil,BemBrasil,1050.0,g
7898921567404,Batatas Carinhas,Bem Brasil,1050.0,g
7898921567541,"Batata Pré Frita Ondulada Congelada Bem Brasil Pacote 1,05kg",BemBrasil,1050.0,g
7898921567695,"Batata Doce Pré Frita Congelada Bem Brasil Pacote 1,05kg",BEM BRASIL,1050.0,g
7898921567909,Batata Rústica Crispy com Ervas Finas Bem Brasil,,2000.0,g
7898921567954,"Batata Pré Frita Canoa Congelada Bem Brasil Pacote 1,05kg",BEM BRASIL,1050.0,g
7898922437072,Açaí Com Guaraná Orgânico Sambazon Pote 900ml,SAMBAZON,900.0,mL
7898922437126,Açaí Com Guaraná Orgânico Banana Sambazon Pote 900ml,SAMBAZON,900.0,mL
7898922437140,Açaí Com Guaraná E Granola Orgânico Banana Sambazon Pote 200ml,SAMBAZON,200.0,mL
7898922437164,Açaí Com Guaraná E Granola Orgânico Original Sambazon Pote 200ml,ORIGINAL,200.0,mL
7898922505252,Desmoldante Spray Ooh Pam Lata 170ml,,170.0,mL
7898922505269,Azeite De Oliva Extra Virgem Spray Argentino Ooh Azeite Lata 121ml,EXTRA,121.0,mL
7898922618051,MOLHO SALADA CASTELO CAESAR,CAESAR,236.0,mL
7898922711028,Café Torrado E Moído Chocolate Com Menta Baggio Pacote 250g,BAGGIO CAFÉ,250.0,g
7898922711042,Café Torrado E Moído Caramelo Baggio Pacote 250g,BAGGIO CAFÉ,250.0,g
7898922711226,Café Torrado E Moído Bourbon Baggio Pacote 250g,BAGGIO CAFÉ,250.0,g
7898922711448,Café Torrado E Moído Baggio Caffé.com Premium Pacote 250g,BAGGIO CAFÉ,250.0,g
7898922711547,Café Torrado E Moído Chocolate Trufado Baggio Pacote 250g,BAGGIO CAFÉ,250.0,g
7898922996227,Queijo Minas Padrão,Hebrom,500.0,g
7898923059518,Limonada Orgânica,Fruto do Sol,300.0,mL
7898923217390,Guaravita Original,,300.0,mL
7898923217697,Guaravita,,1000.0,mL
7898923384023,Pururuca Natural,Porcão,100.0,g
7898923384559,Pururuca - Porcão - Porcão,Porkão,100.0,g
7898924049051,Queijo parmesão ralado,Sítio Recanto do Queijo -- Relíquia da Canastra,50.0,g
7898924049082,Queijo parmesão ralado,Sítio Recanto do Queijo -- Vale da Canastra,50.0,g
7898924049372,Manteiga Reliquia 500g C/ Sal,RELÍQUIA DA CANASTRA,500.0,g
7898924049501,Parmesão ralado,Vale do sítio,40.0,g
7898924194225,Granola Tradicional,Genérica,100.0,g
7898924579015,Alho Picado Foods 200g Garlic,GARLIC,200.0,g
7898924668016,Cachaça leblon,leblon,750.0,mL
7898924683385,Mel casa após bisnaga,Casa Apis,270.0,g
7898924887240,Pé de Moça,Piranguinho,50.0,g
7898924887516,Pé de Moleque,Piranguinho,300.0,g
7898924935064,Ingredientes Para Paella Congelado Dellmare Pacote 400g,DELLMARE,400.0,g
7898925014027,Gelo Escama,Gelotec,10000.0,g
7898925152590,COOPERNATURAL Feijão Carioca Orgânico Tipo 1,Coopernatural,500.0,g
7898925212225,Frutas Cristalizadas em cubos,Raiz Bem,100.0,g
7898925213154,Frutas Cristalizadas,Raiz Bem,150.0,g
7898925217206,Amendoins Happy Hour,,400.0,g
7898925219187,MIX NUTS BEM-ESTAR,Raiz do bem nuts,1000.0,g
7898925367994,Miel Elite,,500.0,g
7898925548430,Adoçante Natural Erythritol Betterlife 200g,Betterlife,200.0,g
7898925601418,Gelo Cubo Bi-Filtrado,Gelotec,3000.0,g
7898925675075,NAMASTÊ Chá de Erva-Doce Nacional,NAMASTÊ,20.0,g
7898925834373,Queijo fatiado mussarela,Coyote,150.0,g
7898925856030,Leite Pasteurizado Homogeneizado Tipo A Integral Letti A Garrafa 1l,LETTI A²,1000.0,mL
7898925856047,Leite Pasteurizado Homogeneizado Tipo A Semidesnatado Letti A Garrafa 1l,LETTI A²,1000.0,mL
7898925856054,Iogurte Parcialmente Desnatado Morango Letti A Frasco 180g,LETTI A²,180.0,g
7898925856276,Leite Pasteurizado Homogeneizado Tipo A Desnatado Letti A Garrafa 1l,LETTI A²,1000.0,mL
7898925856665,Iogurte líquido Baunilha zero lactose desnatado,Letti A2,250.0,g
7898925856788,Iogurte líquido morango e banana zero lactose desnatado,letti a2,250.0,g
7898925856825,Coalhada Morango,Letti,130.0,g
7898925856955,Leite Fermentado Desnatado Baunilha Zero Lactose Lettico A Frasco 180g,LETTICO A²,180.0,g
7898925943020,Appia,Colorado,600.0,mL
7898926452262,Leite Longa Vida Desnatado DÁLIA,DÁLIA,1000.0,mL
7898926533572,Alho e Cebola,Oishii,200.0,g
7898926909049,Alho Triturado Sem Sal Alhofree 200 G,,200.0,g
7898927536053,Massa tagliarini caseira,Koene Ouro,400.0,g
7898927560942,Hamburguinho Vpj Picanha 450g,,450.0,g
7898927561802,Hambúrguer De Carne Bovina Angus Vpj Caixa 480g 4 Unidades,VPJ,480.0,g
7898927606572,Sembei Natural,Tonyelcy & Marimá,50.0,g
7898927606596,Sembei com Gengibre,Tonyelcy,50.0,g
7898927633035,Massa para lasanha,Taypé,500.0,g
7898927707170,bananinha cremosa,,26.0,g
7898928000164,Chocolate Amargo 70% Cacau Chocolife,Chocolife,1010.0,g
7898928300578,Cacau 100% em Pó Chocolife 200g,Chocolife,200.0,g
7898928577512,Adoçante Em Pó Sucralose Finn Caixa 40g 50 Unidades,FINN,40.0,g
7898928577536,Adoçante Líquido Sucralose Finn Caixa 65ml,FINN,65.0,mL
7898928577697,Adoçante Em Pó Stevia Finn Caixa 40g 50 Unidades,FINN,40.0,g
7898928577772,Adoçante Líquido Xilitol Finn Caixa 65ml,FINN,65.0,mL
7898928577918,Adoçante Em Pó Stevia E Taumatina Finn Caixa 30g 50 Unidades,STEVIA,30.0,g
7898928577932,Adoçante Em Pó Sucralose Finn Caixa 30g 50 Unidades,SUCRALOSE,30.0,g
7898928577956,Adoçante Em Pó Xilitol Zero Lactose Finn Pote 250g,FINN,250.0,g
7898928727306,Granola zero acucar,WS,250.0,g
7898928727757,Granola Coco Ws Naturais,Ws,500.0,g
7898928927058,Ameixa seca,Paraíba,150.0,g
7898929106254,Molho de Tomate Refogado Qualitá Sachê 300g,Qualitá,300.0,g
7898929160010,Farinha De Mandioca Tipo 1 Zaya Pouch 500g,SAN MAR,500.0,g
7898929160027,Farinha De Mandioca Tipo 1 Zaya Pouch 1kg,ZAYA,1000.0,g
7898929160058,Mistura Para Pão De Forma Integral Sem Glúten Zaya Pouch 282g,INTEGRAL,282.0,g
7898929160119,Mix Para Bolo Brownie Sem Glúten Zero Sódio Zaya Pouch 576g,ZAYA,576.0,g
7898929281234,Acquissina Passion,acquissima,310.0,mL
7898929521033,Paçoca caseira pilão,,130.0,g
7898929749086,flocos de aveia,,500.0,g
7898929750051,Crostata Tradicional 150g,FATTILE,150.0,g
7898929750068,Pao Crostata Fattile Queijo 150gr,FATTILE,150.0,g
7898929877611,megazoo mix papag 350,,350.0,g
7898929877741,megazoo canário 350gr ponta,,350.0,g
7898929949929,óleo de coco,Assflora,200.0,mL
7898929966223,Leite em Pó Integral Instantâneo,CCGL,1000.0,g
7898929966803,Leite Condensado Semidesnatado,CCGL,395.0,g
7898929966841,Creme de Leite Zero Lactose,CCGL,200.0,g
7898930141015,Milho em conserva,Stella D`Oro,300.0,g
7898930141817,Arvejas,Cajamar,280.0,g
7898930142111,Milho em lata,Etti,170.0,g
7898930142128,Ervilha ETTI,,170.0,g
7898930142135,SELETA ETTI,,170.0,g
7898930142142,DUETO ETTI,,170.0,g
7898930142197,Molho De Tomate Tradicional Stella Doro Sachê 300g,STELLA DORO,300.0,g
7898930142470,Extrato De Tomate Stella Doro Extratodoro Sachê 300g,STELLA DORO,300.0,g
7898930142654,Molho De Tomate Tradicional Salsaretti Sachê 300g,SALSARETTI,300.0,g
7898930142784,Milho Verde Em Conserva Salsaretti Lata 170g,SALSARETTI,170.0,g
7898930142791,Passata Rústica,Salsaretti,300.0,g
7898930142869,Goiabada,Stella d'Oro,500.0,g
7898930142951,Kit Ketchup 380g Mostarda 350g Salsaretti Leve Mais Pague Menos,SALSARETTI,380.0,g
7898930142968,Kit Ketchup 380g Maionese 350g Mostarda 350g Salsaretti Leve Mais Pague Menos,SALSARETTI,380.0,g
7898930142982,Ervilha Em Conserva Salsaretti Lata 170g,SALSARETTI,170.0,g
7898930142999,Seleta De Legumes Em Conserva Salsaretti Lata 170g,SALSARETTI,170.0,g
7898930314020,Massa para pastel,Dicatelli,500.0,g
7898930737010,Pao Classico 450g Pao Do Ceu,CLASSICO,450.0,g
7898930737034,Pao De Abobora Org Do Ceu 450g Pao Do Ceu Integral Organico,PAO DO CEU,450.0,g
7898930737072,Pão De Batata Doce 450g,INTEGRALE,450.0,g
7898930772080,Whey Protein,Growth,1000.0,g
7898931140512,AMAVITA Batata Palha,Amavita,120.0,g
7898931140529,Bataa Palha,Ama Vita,500.0,g
7898931157015,Sorvete sabor iogurte e uva,kimania,450.0,g
7898932198079,Capeletti de carne,Aricanduva,1000.0,g
7898932198154,Pizza brotinho,Aricanduva,280.0,g
7898932323013,Pamonha,Cabocla Tereza,200.0,g
7898932426042,Farinha de Milho Flocada,Maratá,500.0,g
7898932487302,TOURS Atum em Pedaços ao Natural,TOURS,180.0,g
7898932487340,TOURS Atum Sólido em Óleo,TOURS,180.0,g
7898932487401,Atum Em Pedaços Em Salmoura E óleo Tours Conservas Lata 180g,,180.0,g
7898932487418,Atum Sólido Em óleo Tours Conservas Lata 180g,,180.0,g
7898932702450,Manteiga Extra Com Sal Tourinho 200g,TOURINHO,200.0,g
7898932702481,Manteiga Extra Com Sal Tourinho Pote 200g,TOURINHO,200.0,g
7898933095056,Costelinha com Limão,Maria Mania,70.0,g
7898933329038,Suco de Uva Integral,Vian,1500.0,mL
7898933349258,Paçoca Rolha,Doces Mais,600.0,g
7898933404469,Fumaça Líquida O Sabor do Texas,O Sabor do Texas,500.0,mL
7898933498147,Tomate Uva Sweet Grape Orgânico Rio Bonito 180g,RIO BONITO,180.0,g
7898933833122,Bisnaga de requeijão,Trelac,1500.0,g
7898933833979,Requeijão cremoso light,Trelac,180.0,g
7898933879038,Minibolo Baunilha Recheio Creme De Avelã Jacquet Pacote 25g,JACQUET,25.0,g
7898933879083,Minibolo Baunilha Recheio Creme De Avelã Jacquet Caixa 125g 5 Unidades,JACQUET,125.0,g
7898934047467,Geladinho,"FruitMais,Fruit Mais",55.0,mL
7898934232030,Açaí Fresh,,200.0,g
7898934232108,Creme de Amendoim Zero Açúcar,Suavipan,450.0,g
7898934645335,Queijo Mussarela De Búfala Bola Média Búfalo Dourado 200g,BÚFALO DOURADO,200.0,g
7898934645359,Queijo Mussarela De Búfala Cerejinha Búfalo Dourado 150g,BÚFALO DOURADO,150.0,g
7898934645663,Queijo Burrata De Búfala Búfalo Dourado 120g,BÚFALO DOURADO,120.0,g
7898934652012,Tempara Churrasco Pamps,Pamps,500.0,g
7898934847012,Bolacha caseira,Mar & Mar,400.0,g
7898934907716,Cereal Matinal Orgânico,"Alca Foods,Alca Foods Limitada,Tia Maninha Produtos Orgânicos,Mano Velho",200.0,g
7898934907839,Aveia Em Flocos Grossos Sem Glúten Mundo Verde 200g,Mundo Verde,200.0,g
7898934980771,Chocolate Smiles,Zeromilk,70.0,g
7898934980986,Chocolate  Zeromilk 40% cacau,TUDO ZERO LEITE,85.0,g
7898934981044,TUDO ZERO LEITE ZeroMilk Puro 40% Cacau,TUDO ZERO LEITE,85.0,g
7898934981914,CHOC 55% CACAU PURO ONLY4,ONLY4,85.0,g
7898934982331,Chocolate 85% cacau,Only4,70.0,g
7898934982621,TUDO ZERO LEITE Only4 Cranberry 70% Cacau,TUDO ZERO LEITE,85.0,g
7898934982683,Chocolate com açúcar de coco,Only4,70.0,g
7898935001260,Pasta de Amendoim DaColônia Amendo Power Crunchy c/ Granulado,DaColônia,500.0,g
7898935435041,Açúcar demerara,Bella,1000.0,g
7898935435508,Açúcar mascavo,Bella,500.0,g
7898935886027,Framboesa Berrygood Pote 125g,BERRY,125.0,g
7898935886089,Morango Naturipe Berrg 300gr,NATURIPE,300.0,g
7898935886768,Physalis Berry Good Pt 100 G,BERRY,100.0,g
7898936195029,Glutamax GP gotas,Inovet,40.0,mL
7898936501196,Rosquinha Santa Clara,,85.0,g
7898936506504,Geléia de Frutas Vermelhas Orgânico,Orgânico Brasil,200.0,g
7898936506863,Geléia de Figo Orgânico,Orgânico Brasil,190.0,g
7898936613127,polvilho palitão,catuzo,130.0,g
7898936660695,Al. Cães Allcanis 15kg AD.RP.M.Bitts FG/CN,,15000.0,g
7898936799487,Farelo De Aveia Sem Glúten Mundo Verde,,200.0,g
7898937112018,reiverde,,500.0,g
7898937112032,reiverde,,1000.0,g
7898937112148,reiverde,,1000.0,g
7898937112469,Rei Verde,Rei Verde,1000.0,g
7898937532236,Farofa Pronta picante,Zana,300.0,g
7898937532243,Tapioca Alho Zana,Zana,500.0,g
7898937699939,Quinoa rouge,,200.0,g
7898937745421,Batata Chips Lisa Original,Wanflo,90.0,g
7898937745704,Salgadinho de Batata Formato de Waffle Sabor Pizza,Wanflo,40.0,g
7898937745742,Salgadinho de Trigo Sabor Bacon,Wanflo,35.0,g
7898937826410,MILHO DE OURO Batata Palha Natural,Milho de ouro,120.0,g
7898937864757,BILLY & JACK Barbecue,BILLY & JACK,250.0,g
7898937864887,Molho de Pimenta Verde (KiSabor),,150.0,mL
7898937868403,Pasta de soja sabor ervas finas,Bem me Quer,180.0,g
7898937868434,Pasta de soja sabor berinjela,Bem me quer,180.0,g
7898937868922,Pasta de soja,Bem me Quer,180.0,g
7898937898288,Whey Protein Isolado 90% Fresh Nutrition 660g,Fresh Nutrition,660.0,g
7898938047555,CIBAU SENSITIVE LAMB,Cibau,3000.0,g
7898938200837,whey for feminy,profit,40.0,g
7898938321013,Cotton candy,,454.0,g
7898938492249,Leite Longa Vida Semidesnatado QUALITÁ,Qualitá,1000.0,mL
7898938519281,Manteiga pastora da fazenda com sal,Pastora,200.0,g
7898938603010,Goma fresca para tapioquinha,,1000.0,g
7898938706926,Filé de Peito de Frango,Uniaves,1000.0,g
7898938880022,Preparado Concentrado Chocolate Brown Cow Garrafa 500g,BROWN COW,500.0,g
7898938940016,Chocolate Orgânico 75%,Amma Todos os Santos,80.0,g
7898938940054,Chocolate Orgânico 85%,"Amma, Amma Chocolate",80.0,g
7898938940078,AMMA CHOCOLATE Chocolate Orgânico 100% Cacau,AMMA CHOCOLATE,85.0,g
7898939009088,DOM AFONSO Manteiga Ghee,DOM AFONSO,200.0,g
7898939009163,Manteiga Ghee com Especiarias Natural Dom Afonso,Dom Afonso,500.0,g
7898939009187,Manteiga Ghee com Sal Rosa Natural Dom Afonso,Dom Afonso,500.0,g
7898939009200,Manteiga Ghee com Trufas Natural Dom Afonso,Dom Afonso,500.0,g
7898939072600,Pasta de amendoim integral,POWER1ONE,1000.0,g
7898939072617,Pasta de amendoim integral crocante,Power 1 one,1005.0,g
7898939091229,MASSA FAMIGLIARE ESPAGUETHI,FAMIGLIARE,500.0,g
7898939247015,Leite Uht Integral Leitíssimo Garrafa 1l,LEITÍSSIMO,1000.0,mL
7898939247077,Creme de Leite Leitíssimo sachê,"leitíssimo,leitíssimo S.A. Usina de Beneficiamento",200.0,g
7898939265019,Biscoito Salgado Globo,Globo,30.0,g
7898939265026,biscoito Doce globo,globo,30.0,g
7898939882278,SOLSTBIO Arroz Arbóreo Branco Orgânico Solst,SOLSTBIO,1000.0,g
7898940571031,Banana + Canela,Aruba,100.0,g
7898940571598,Pasta de Amendoim Aruba Original,Aruba,500.0,g
7898940571604,Pasta de Amendoim Aruba Crunchy,Aruba,500.0,g
7898940590094,Fino Pan,Baxter indústria e comércio de alimentos ltda,500.0,g
7898941084097,Mel orgânico,Organic,300.0,g
7898941084219,Acucar Mascavo Organic 500GR,Organic Sauda Natural,500.0,g
7898941084332,Massa Tapioca Orgânica Pacote Rio de Una,Rio de Una,500.0,g
7898941084400,Farinha De Mandioca Tipo 1 Branca Orgânica Organic Pacote 500g,SAUDE NATURAL,500.0,g
7898941400385,Whey Sabor Frapê De Morango,Choklers,40.0,g
7898941400477,Whey Sabor Petit Gateau,Choklers,40.0,g
7898941401702,Peptídeos de Colágeno Artros sabor Uva,Mix Nutri,300.0,g
7898941401788,Sal Rosa do Himalaia Grosso Mundo Verde Seleção 500g,,500.0,g
7898941449834,Massa pronta para tapioca,Iguaçu,1000.0,g
7898941797850,Pão de forma integral,Gold Boys,400.0,g
7898941911058,Pó Para Preparo De Bebida Baunilha Sustagen Kids Lata 380g,VIZIR,380.0,g
7898941911065,sustagem kids,MeadJohnson Nutrition,350.0,g
7898941911072,Pó Para Preparo De Bebida Morango Sustagen Kids Lata 380g,VIZIR,350.0,g
7898941911102,Pó Para Preparo De Bebida Chocolate Sustagen Kids Pacote 190g,VIZIR,190.0,g
7898941911270,Pó Para Preparo De Bebida Baunilha Sustagen Kids Pacote 190g,SUSTAGEN KIDS,190.0,g
7898941911287,Pó Para Preparo De Bebida Morango Sustagen Kids Pacote 190g,SUSTAGEN KIDS,190.0,g
7898941911850,Enfamil,Mead johnson,900.0,g
7898941911973,Composto Lácteo Premium Enfagrow Lata 800g,ENFAGROW,800.0,g
7898941912390,Pó Para Preparo De Bebida Chocolate Sustagen Kids Pacote 700g Embalagem Econômica Leve Mais Pague Menos,SUSTAGEN KIDS,700.0,g
7898941913021,Pack Pó Para Preparo De Bebida Baunilha Sustagen Kids Lata 2 Unidades 380g Cada Grátis 30 De Desconto Na 2 Unidade,SUSTAGEN KIDS,380.0,g
7898941913038,Pó Para Preparo De Bebida Chocolate Com Caramelo Sustagen Kids Lata 380g,SUSTAGEN KIDS,380.0,g
7898942221026,Massa de Farinha de Trigo com Ovos Caseira para Lasanha Qualitá,Qualitá,200.0,g
7898942254604,Pimenta na cachaca,Fogo mineiro,180.0,g
7898942254802,Carolina repear,Fogo mineiro,100.0,mL
7898942775321,Suco de Uva Integral,OQ,1500.0,mL
7898942775703,Suco Integral Laranja OQ Garrafa,OQ,1000.0,mL
7898942930430,Tomate Uva Sweet Grape Turma Da Mônica Trebeschi 180g,TREBESCHI,180.0,g
7898943090348,TIVVA Macarrão Fusilli Quinoa sem Glúten,Tivva,400.0,g
7898943090386,Açúcar de Coco Orgânico Monama,Monama,250.0,g
7898943090843,MONAMA Granola Salgada Manjericão e Páprica,Monama,200.0,g
7898943163011,Sardinha com Óleo,Robinson Crusoe,125.0,g
7898943163028,Sardinha Com Molho De Tomate Robinson Crusoe Lata 84g,ROBINSON CRUSOE,84.0,g
7898943163035,Atum Sólido Em óleo Robinson Crusoe Lata 120g,ROBINSON CRUSOE,120.0,g
7898943163042,Atum Sólido Ao Natural Robinson Crusoe Lata 120g,ROBINSON CRUSOE,120.0,g
7898943163059,Atum Ralado Em óleo Robinson Crusoe Lata 120g,ROBINSON CRUSOE,120.0,g
7898943163066,Atum Ralado Ao Natural Robinson Crusoe Lata 120g,ROBINSON CRUSOE,120.0,g
7898943163097,Atum Em Pedaços Em óleo Robinson Crusoe Lata 120g,ROBINSON CRUSOE,120.0,g
7898943163103,Atum Em Pedaços Ao Natural Robinson Crusoe Lata 120g,ROBINSON CRUSOE,120.0,g
7898943302250,Paçoca Big Rolha,,1000.0,g
7898943302854,Doce de Milho Verde,,1100.0,g
7898943316288,Salgadinho de Trigo Sabor Bacon,"Romanato Alimentos Ltda.,Romanato Alimentos,Romanato",90.0,g
7898943316325,Roma Nachos Tortilha Crocante,,50.0,g
7898943317186,Panetone com gotas sabor chocolate,Itália Mia,400.0,g
7898943849106,Creamy Pepper 🌶 Sauce,Mendez,86.0,g
7898943849229,Molho de pimenta cremoso defumado,Mendez,520.0,mL
7898943946188,batata suprema 500 g,,500.0,g
7898944019904,Farinha De Linhaça Marrom Integral Vitalin Pouch 150g,VITALIN,150.0,g
7898944019935,Chia em Grãos,"Vitalin, Vitalin Alimentos Ltda.",120.0,g
7898944364981,Polpa Mista de Frutas Vemelhas,nossa fruta brasil,200.0,g
7898944548015,Água Mineral Natural,Cristal,500.0,mL
7898944636200,Sorvete sabor chocolate branco com chocolate meio amargo,gelaboca,1000.0,g
7898944639249,Fritop bacon defumado 60g,,50.0,g
7898944639812,Bacon Sabor Bacon Defumado,Fritop,80.0,g
7898944701212,Cocada Assada de Leite Condensado,alfadoce,60.0,g
7898944785809,INFINITY ENERGY DRINK,INFINITY (Sidori Parnaminim),2000.0,mL
7898944830202,Minibolo Baunilha Sem Glúten Zero Lactose Grani Amici Pacote 40g,GRANI AMICI,40.0,g
7898944830219,Minibolo Chocolate Sem Glúten Zero Lactose Grani Amici Pacote 40g,MINIBOLO,40.0,g
7898944830233,Minibolo Coco Sem Glúten Zero Lactose Grani Amici Pacote 40g,MINIBOLO,40.0,g
7898944830240,Minibolo Banana Sem Glúten Zero Lactose Grani Amici Pacote 40g,MINIBOLO,40.0,g
7898944830332,Pão De Forma Batata Doce Sem Glúten Zero Lactose Grani Amici Ancestrale Pacote 420g,GRANI AMICI,420.0,g
7898944830349,Pão De Forma Batata Doce Com Grãos Sem Glúten Zero Lactose Grani Amici Ancestrale Pacote 420g,GRANI AMICI,420.0,g
7898944830462,Pão De Forma Inhame Sem Glúten Zero Lactose Grani Amici Ancestrale Pacote 420g,GRANI AMICI,420.0,g
7898944830479,Bolo Churros Sem Glúten Grani Amici Caixa 300g,GRANI AMICI,300.0,g
7898944830493,Torrada Tradicional Sem Glúten Grani Amici Pacote 130g,GRANI AMICI,130.0,g
7898944830509,Torrada Grãos Sem Glúten Grani Amici Pacote 130g,GRANI AMICI,130.0,g
7898944830547,Pão de Forma Mandioquinha com Cenoura - GRANI AMICI,Grani Amici,400.0,g
7898944855076,Alho Triturado,Dai,400.0,g
7898944855083,Alho Triturado,Dai,900.0,g
7898944855748,Tapioca,Daí Alimentos,500.0,g
7898945009003,Lasanha ao Molho Vegana,Goshen,450.0,g
7898945009140,Peito de Peru de Soja,Goshen,200.0,g
7898945009300,Linguiça de soja,Goshen,300.0,g
7898945009621,Presunto de soja fatiado,Goshen,200.0,g
7898945009645,Mortadela de soja fatiada,Goshen,200.0,g
7898945133067,Manteiga com Sal,Damare,500.0,g
7898945451017,Pão de queijo tradicional Diviníssimo,,1000.0,g
7898945451437,Empada de Frango,,400.0,g
7898945451628,Bolinha de Queijo Diviníssimo,,500.0,g
7898945451659,Bolinho de Mandioca com Carne Diviníssimo,,500.0,g
7898945451734,Coxinha de Frango Diviníssimo,,500.0,g
7898945451840,Escondidinho de Carne e Requeijão,Diviníssimo,500.0,g
7898945660051,Stroopwafel,Moinho Wafers,280.0,g
7898945683777,Biscoito integral de ameixa,Nutri & Wieder,200.0,g
7898945882163,Açúcar cristal branco,DoceSucar,1000.0,g
7898946481129,Tempero Para Carne Zero Sódio Br Spices Fit Pote 90g,CEREALISTA BARROSO,90.0,g
7898946481242,Condimento Para Grelhados Br Spices Segredo De Expert Pote 100g,BR SPICES,100.0,g
7898946481624,Mix De Especiarias Com Moedor Mix Mexicano Br Spices Volta Ao Mundo Vidro 50g,BR SPICES,50.0,g
7898946579024,Massa para Tapioca SABOR DA PARAÍBA,SABOR DA PARAÍBA,500.0,g
7898946882032,Queijo ralado,Sertaneja,50.0,g
7898946900019,Chimichurri Br Spices Volta Ao Mundo Pote 70g,BR SPICES,70.0,g
7898946900071,Tempero Pó Lemon Pepper Br Spices Gourmet Pote 100g,BR SPICES,100.0,g
7898946900132,Tempero Pó Dry Rub Br Spices Churrasco Pote 90g,BR SPICES,90.0,g
7898946900552,Sal Rosa Do Himalaia Grosso Com Moedor Integral Br Spices Salt Selection Vidro 100g,HIMALAYA,100.0,g
7898946900569,Mix De Pimenta Em Grãos Com Moedor Br Spices Gourmet Vidro 50g,BR SPICES,50.0,g
7898946900576,Pimenta Do Reino Com Moedor Br Spices Gourmet Vidro 50g,BR SPICES,50.0,g
7898946900682,Molho Chimichurri Br Spices Churrasco Pote 180g,BR SPICES,180.0,g
7898946900750,Tempero Completo Zero Sódio Br Spices Fit Pote 50g,BR SPICES,50.0,g
7898946900767,Tempero Para Frango Zero Sódio Br Spices Fit Pote 75g,BR SPICES,75.0,g
7898946900958,Sal Marinho Com Moedor Integral Br Spices Salt Selection Vidro 100g,BR SPICES,100.0,g
7898946900965,Sal Rosa Do Himalaia Com Moedor Ervas Finas Br Spices Gourmet Vidro 100g,BR SPICES,100.0,g
7898946900972,Mix Barbecue Para Carne Com Moedor Br Spices Churrasco Vidro 80g,BR SPICES,80.0,g
7898947326436,Tapioca Mesmo!,Polvo Lab,500.0,g
7898947380014,Mel Composto Casas Pedro,Casas Pedro,500.0,g
7898947526171,Sabor das India,Vinhedo Brasil,240.0,g
7898947526591,Patê Habanero,Sabor das Indias,215.0,g
7898947566566,Sucre Brun,Energy,1000.0,g
7898947706696,Crostiti Lemon Pepper,Mr.Cheff,75.0,g
7898947845685,energético mormaii,,1000.0,mL
7898948041772,Alfajor,Doces Boa Vista,50.0,g
7898948077184,Noz Pecan Agridoce Krok 150gr,AGRIDOCE,150.0,g
7898948218945,Creme de Alho com Chimichurri,Oishii,200.0,g
7898948388693,Leite Fermentado ABC,,1300.0,g
7898948388709,Iogurte Coco ABC,,1300.0,g
7898948388730,Iogurte Salada de Frutas ABC,,1300.0,g
7898948388747,Sorvete Flocos ABC,,1500.0,mL
7898948388754,Sorvete Creme ABC,,1500.0,mL
7898948388785,Sorvete Coco e Abacaxi ABC,,1500.0,mL
7898948388792,Sorvete Leite Condensado e Morango,,1500.0,mL
7898948388808,Sorvete Chocolate ABC,,1500.0,mL
7898948388815,Sorvete Morango ABC,,1500.0,mL
7898948388839,Beb Láctea ABC Morango,,200.0,mL
7898948388846,Beb Láctea ABC Salada de Frutas,,200.0,mL
7898948388907,Iogurte Salada de Frutas ABC,,900.0,g
7898948934401,Manteiga,,500.0,g
7898949304357,Peixe Congelado Filé de Tilápia MoradaFish,,400.0,g
7898949430087,Cachaça PedraBranca,,300.0,mL
7898949620013,Tapioca,,500.0,g
7898949763154,Danky - Leite em pó instantâneo,Danky,400.0,g
7898949791409,VILA CERRONI Sal Grosso para Churrasco,VILA CERRONI,1000.0,g
7898949802143,Granola Sem Glúten Casas Pedro,Casas Pedro,500.0,g
7898949840114,Álcool Palladio,,750.0,mL
7898949840480,Vinagre Balsâmico Modena Toscano Frasco 250ml,TOSCANO,250.0,mL
7898949840923,Vinagre Tinto Bem Viver,,500.0,mL
7898949878131,Lombo Tipo Canadense Cozido Fatiado,BelaVista Basso,1000.0,g
7898949924128,Arroz Patosul Agulhinha,,5000.0,g
7898950042255,Leggeritos Aperitivo Típico Italiano Sabor Pimenta Suave,Viterale,100.0,g
7898950042361,Crostata Italiana de Queijo Parmesão,Viterale,165.0,g
7898950138095,Max pães,g,500.0,g
7898950154132,Presunto Cru Fatiado Villani 100g,VILLANI,100.0,g
7898950154286,Salame Milano Fatiado Villani 90g,VILLANI,90.0,g
7898950154309,Salame Napoli Fatiado Villani 90g,VILLANI,90.0,g
7898950154842,Antepasto Italiano Villani 110g,VILLANI,110.0,g
7898950172150,Biscoito Champagne Tradicional,Porto Alegre,150.0,g
7898950172358,Sequilhos sabor leite condensado,Porto Alegre,100.0,g
7898950172471,Sequilhos mousse de limão,Porto Alegre,100.0,g
7898950248091,Tomate Red Grape,Agro Ciro,300.0,g
7898950286178,Agua Cristal Classic 510ml,,510.0,mL
7898950331014,Pipoca Fantasia,,55.0,g
7898950338020,Refrigerante de Guaraná Orgânico,Wewi,350.0,g
7898950338044,Refrigerante Orgânico Laranja Zero Sódio Wewi Lata 350ml,PANINI,350.0,mL
7898950338068,Refrigerante Orgânico Cola Zero Sódio Wewi Lata 350ml,WEWI,350.0,mL
7898950338112,Refrigerante Guaraná Zero Açúcar Zero Sódio Wewi Lata 350ml,WEWI,350.0,mL
7898950338150,água Tônica Clássica Orgânica Zero Sódio Wewi Premium Lata 269ml,PREMIUM,269.0,mL
7898950338365,água Tônica Orgânica Ginger Zero Sódio Wewi Premium Garrafa 255ml,WEWI,255.0,mL
7898950338396,Refrigerante Orgânico Guaraná Zero Sódio Wewi Garrafa 255ml,WEWI,255.0,mL
7898950338402,Refrigerante Guaraná Zero Açúcar Wewi Garrafa 255ml,WEWI,255.0,mL
7898950338419,Refrigerante Orgânico Laranja Zero Sódio Wewi Garrafa 255ml,WEWI,255.0,mL
7898950338433,Refrigerante Orgânico Cola Zero Sódio Wewi Garrafa 255ml,WEWI,255.0,mL
7898950338440,Refrigerante Cola Zero Açúcar Zero Sódio Wewi Garrafa 255ml,WEWI,255.0,mL
7898950338457,água Tônica Clássica Orgânica Zero Sódio Wewi Premium Garrafa 255ml,WEWI,255.0,mL
7898950338464,água Tônica Rosé Orgânica Zero Sódio Wewi Premium Garrafa 255ml,WEWI,255.0,mL
7898950338471,Refrigerante Orgânico Lemon Sour Zero Sódio Wewi Garrafa 255ml,WEWI,255.0,mL
7898950338488,Refrigerante Orgânico Mate Zero Sódio Wewi Tea Soda Garrafa 255ml,WEWI,255.0,mL
7898950338495,água Tônica Orgânica Tangerina Zero Sódio Wewi Premium Garrafa 255ml,WEWI,255.0,mL
7898950834034,Mix Healthy Snack,Healthy Snack,100.0,g
7898950925015,Caldo Tablete Camarão Sapore Dicucina Caixa 80g 8 Unidades,SAPORE DICUCINA,80.0,g
7898950925022,Caldo Tablete Peixe Sapore Dicucina Caixa 80g 8 Unidades,SAPORE DICUCINA,80.0,g
7898951147881,Snack Cães Bistequitos 50gr CNE,,0.5,g
7898951261013,Karoço com Guaraná,smartaçaí,30.0,g
7898951310353,Biscoito Cantuccini Nut Pacote 120g,NUT,120.0,g
7898951336056,Iogurte Baunilha Polinésia,Delicari,170.0,g
7898951336063,Iogurte Integral Grego Natural Delicari,Delicari,170.0,g
7898951463288,Arroz Arbório,PIEMONTE,1000.0,g
7898951543010,Salgadinho de trigo sabor bacon,Gimores,100.0,g
7898951693111,Bombom de Oreo,"Bombons D' Lucy,Bombons D'Lucy",50.0,g
7898951850064,Macarrão Com Ovos Espaguete 8 Barilla Pacote 500g,BARILLA,500.0,g
7898951850071,Macarrão Com Ovos Espaguetinho 9 Barilla Pacote 500g,BARILLA,500.0,g
7898951850088,Macarrão Com Ovos Linguine Barilla Pacote 500g,BARILLA,500.0,g
7898951850095,Macarrão Com Ovos Penne Rigate Barilla Pacote 500g,BARILLA,500.0,g
7898951850101,Macarrão Com Ovos Pai Nosso Barilla Pacote 500g,BARILLA,500.0,g
7898951850118,Macarrão Parafuso com Ovos,Barilla,500.0,g
7898951850132,Macarrão Com Ovos Ave Maria Barilla Pacote 500g,BARILLA,500.0,g
7898951850149,Macarrão Com Ovos Cabelo De Anjo Barilla Pacote 500g,BARILLA,500.0,g
7898951850156,Macarrão Com Ovos Fettuccine Barilla Pacote 500g,BARILLA,500.0,g
7898951850217,Massa De Sêmola Com Ovos Para Lasanha Barilla Pacote 200g,BARILLA,200.0,g
7898951850293,Macarrão de Arroz e Milho Spaghetti Barilla,Barilla,500.0,g
7898952041331,Granola Australia,Harts Natural,400.0,g
7898952041348,Granola. Austrália,Hart’s Natural,500.0,g
7898952041355,Granola Frutas Vermelhas Harts Natural Austrália Pouch,Harts Natural,400.0,g
7898952041515,Barrinha Vegana Almond Chocolate,Hart's Natural,70.0,g
7898952041614,Granola Australian Keto low carb  granola,Hart's natural,300.0,g
7898952419222,Coxa e Sobrecoxa De Frango Congelada 2Kg,,2000.0,g
7898952496117,Homus Com Matbuka Derbak Saj Pote 200g,DERBAK,200.0,g
7898952496148,Kit Pasta Derbak Saj 600g Leve 3 Pague 2 Unidades,DERBAK,600.0,g
7898952496155,COALHADA SECA,Derbak,200.0,g
7898952496162,Pão Pita Derbak Saj Pacote 300g,Derbak,300.0,g
7898952578141,Suco de Uva Tinto Integral,Alma do Sul,1500.0,mL
7898952578196,"Suco Integral Uva Tinto Bebah Garrafa 1,5l",BEBAH,1500.0,mL
7898952578585,Chá Verde Ice Tea Hortelã Bebah Garrafa 900ml,BEBAH,900.0,mL
7898952578608,Chá Mate Ice Tea Limão Bebah Garrafa 900ml,BEBAH,900.0,mL
7898952578684,Chá Preto Ice Tea Frutas Vermelhas E Hibisco Bebah Garrafa 900ml,BEBAH,900.0,mL
7898952578738,Suco de Uva Tinto Integral,Bebah,1350.0,mL
7898952578776,Suco de Maçã Integral,Bebah,1350.0,mL
7898952801126,Pão Forma Multigrãos sem Glúten - EQUILIBRE,EQUILIBRE,400.0,g
7898952806817,Pão Integral Sem Glúten équilibre Pacote 200g,INTEGRAL,200.0,g
7898952825504,COLLECTA Sal Rosa do Himalaia Fino,COLLECTA,100.0,g
7898952825528,COLLECTA Sal Rosa do Himalaia Grosso,COLLECTA,100.0,g
7898952831123,Pão de queijo tradicional,"Pão e Sabor, Delicatex",1000.0,g
7898952838597,Mix Com Castanhas,Ambrósia,50.0,g
7898952920075,Pasta de Amendoim Natural Life s/ Glúten,Natural Life,500.0,g
7898952939119,Suco de Uva Integral,,1000.0,mL
7898953048582,Caneloni,Galdino,100.0,g
7898953148015,Suco,Prats,330.0,mL
7898953148169,Suco de Laranja Integral,Prats,900.0,mL
7898953148701,Suco de laranja integral,Prats,300.0,mL
7898953265507,HOFFEN Bier Snow Wolf,,473.0,mL
7898953731507,Palmito Palmeira Real,Mucho Gusto,530.0,g
7898953798739,Hambúrguer sabor carne,Zanquetta,56.0,g
7898953831054,Azeite de Oliva Extra Virgem Koroneiki,Prosperato,250.0,mL
7898953854190,Green Gelateria Orgânica Morango,Green,65.0,g
7898953990027,Cerveja Estrella Galicia Premium Lager Puro Malte Lata,,269.0,mL
7898953990140,CERV ESTRELLA GALIC PUR MAL LN GF 355ML,,355.0,mL
7898954144078,Feijão,Super Mais,1000.0,g
7898954360010,Bebida Laranja Life Mix Caixa 1l,LUMINUS LIFE,1000.0,mL
7898954360027,Bebida Manga Life Mix Caixa 1l,LUMINUS LIFE,1000.0,mL
7898954360034,Bebida Pêssego Life Mix Caixa 1l,LUMINUS LIFE,1000.0,mL
7898954360041,Bebida Uva Com Cranberry Life Mix Caixa 1l,LUMINUS LIFE,1000.0,mL
7898954360058,Bebida Laranja Life Mix Caixa 200ml,LUMINUS LIFE,200.0,mL
7898954360065,Bebida Manga Life Mix Caixa 200ml,LUMINUS LIFE,200.0,mL
7898954360072,Bebida Pêssego Life Mix Caixa 200ml,LUMINUS LIFE,200.0,mL
7898954360089,Bebida Uva Com Cranberry Life Mix Caixa 200ml,LUMINUS LIFE,200.0,mL
7898954360096,Suco Laranja Turma Da Mônica Life Mix Caixa 200ml,LUMINUS,200.0,mL
7898954360102,Suco Uva Turma Da Mônica Life Mix Caixa 200ml,LUMINUS LIFE,200.0,mL
7898954360140,Suco Maçã Turma Da Mônica Life Mix Caixa 200ml,LUMINUS,200.0,mL
7898954360157,Suco Morango E Maçã Turma Da Mônica Life Mix Caixa 200ml,LUMINUS,200.0,mL
7898954360324,Chá Mate Orgânico Limão Poder Da Terra Caixa 200ml,PODER DA TERRA,200.0,mL
7898954360348,Chá Hibisco Life Mix Caixa 1l,LUMINUS LIFE,1000.0,mL
7898954360355,Chá Mate Orgânico Tradicional Poder Da Terra Caixa 1l,PODER DA TERRA,1000.0,mL
7898954360362,Chá Mate Orgânico Tradicional Poder Da Terra Caixa 200ml,PODER DA TERRA,200.0,mL
7898954360379,Chá Mate Orgânico Limão Poder Da Terra Caixa 1l,PODER DA TERRA,1000.0,mL
7898954360393,Chá Mate Orgânico Pêssego Poder Da Terra Caixa 1l,PODER DA TERRA,1000.0,mL
7898954360409,Chá Mate Orgânico Pêssego Poder Da Terra Caixa 200ml,PODER DA TERRA,200.0,mL
7898954360447,Chá Branco Laranja E Gengibre Life Mix Caixa 1l,LIFE MIX,1000.0,mL
7898954360454,Chá Verde Limão Life Mix Caixa 1l,LIFE MIX,1000.0,mL
7898954360461,Chá Verde Cranberry Life Mix Caixa 1l,LIFE MIX,1000.0,mL
7898954360652,Chá Branco Pitaya Life Mix Caixa 1l,LIFE MIX,1000.0,mL
7898954360669,Chá Branco Lichia Life Mix Caixa 1l,LIFE MIX,1000.0,mL
7898954360799,Bebida Orgânica Limonada Poder Da Terra Caixa 1l,PODER DA TERRA,1000.0,mL
7898954360805,Bebida Orgânica Pink Lemonade Poder Da Terra Caixa 1l,PODER DA TERRA,1000.0,mL
7898954360812,Bebida Orgânica Limonada E Gengibre Poder Da Terra Caixa 1l,PODER DA TERRA,1000.0,mL
7898954360829,Bebida Orgânica Limonada E Hortelã Poder Da Terra Caixa 1l,PODER DA TERRA,1000.0,mL
7898954360836,Bebida Orgânica Limonada Poder Da Terra Caixa 200ml,PODER DA TERRA,200.0,mL
7898954360843,Bebida Orgânica Pink Lemonade Poder Da Terra Caixa 200ml,PODER DA TERRA,200.0,mL
7898954360850,Bebida Orgânica Limonada Com Gengibre Poder Da Terra Caixa 200ml,PODER DA TERRA,200.0,mL
7898954360867,Bebida Orgânica Limonada Com Hortelã Poder Da Terra Caixa 200ml,PODER DA TERRA,200.0,mL
7898954360942,Suco Maracujá E Maçã Turma Da Mônica Life Mix Caixa 200ml,LIFE MIX,200.0,mL
7898954881393,Mini Coxinha de Frango com Requeijão Frita,Viva Sabor,1000.0,g
7898954933450,Pan Blanco,Schär,200.0,g
7898954933467,Pão De Forma Multigrãos Sem Glúten Schär Pacote 200g,Schär,400.0,g
7898954933474,Farinha Multiuso sem Glúten e Lactose Schar 500g,Schar,500.0,g
7898954933542,Bolo Chocolate Sem Glúten Schär Pacote 200g,SCHÄR,200.0,g
7898954933559,Bolo Laranja Sem Glúten Schär Pacote 200g,SCHÄR,200.0,g
7898954933573,Pão Bisnaguinha Sem Glúten Zero Lactose Schär Bandeja 150g,SCHÄR,150.0,g
7898954933610,Pão Francês Sem Glúten Zero Lactose Schär Bandeja 100g,SCHÄR,100.0,g
7898954933634,Pan con canela,Schär,400.0,g
7898955341698,Batatão Original,Fritop,50.0,g
7898955400302,Açúcar de Coco Estar Bem 350g,Estar Bem,350.0,g
7898955400364,ESTAR BEM Tempero Completo para Arroz,ESTAR BEM,200.0,g
7898955400692,Aveia em Flocos sem Glúten 200g - Estar bem,Estar bem,200.0,g
7898955417010,PAO NUTRIBREADS DE FORMA 450G,,450.0,g
7898955566558,Tomate sem pele,Oba,400.0,g
7898955617397,Requeijão Tradicional Poços de Caldas,Poço de Caldas,200.0,g
7898955617403,Requeijão Cremoso Light Poços De Caldas Copo 200g,DANONE,200.0,g
7898955617519,Queijo prato,President,150.0,g
7898955617526,Queijo Mussarela Fatiado,Président,150.0,g
7898955617694,Queijo Gouda Président 160g,PRESIDENT,160.0,g
7898955617700,Queijo Gruyère Président 160g,PRESIDENT,160.0,g
7898955617717,Queijo Estepe Président 160g,PRESIDENT,160.0,g
7898955684023,Ling Calabresa Autentica Moda Braganca 500g,MODA,500.0,g
7898955684412,LINGUICA COM PIMENTA BIQUINHO ALTEZA,,500.0,g
7898955705049,Bebida De Castanha De Caju - A Tal Da Castanha,A tal da castanha,1000.0,mL
7898955705186,Bebida à Base De Castanha De Caju E Coco Orgânica A Tal Da Castanha Caixa 1l,Ativ,1000.0,mL
7898955705193,Bebida à Base De Castanha De Caju E Cacau Orgânica Choconuts A Tal Da Castanha Caixa 200ml,A TAL DA CASTANHA,200.0,mL
7898955705223,mixed nuts,a tal da castanha,1000.0,mL
7898955705490,Bebida à Base De Amêndoa A Tal Da Castanha Caixa 1l,A TAL DA CASTANHA,1000.0,mL
7898955705704,plant power protein tipo cappuccino,A tal da castanha,330.0,mL
7898955705872,Bebida à Base De Castanha De Caju Orgânica Baunilha A Tal Da Castanha Mini Caixa 200ml,A TAL DA CASTANHA,200.0,mL
7898955705995,Bebida à Base De Castanha De Caju Orgânica Morango A Tal Da Castanha Mini Caixa 200ml,A TAL DA CASTANHA,200.0,mL
7898955711347,Manteiga comum sem sal,Lacticínio Alto Alegre,500.0,g
7898955997024,Doce de amendoim caseiro,Doces São José,80.0,g
7898956147701,Wafer Morango,Santa Marina,70.0,g
7898956147718,Wafer limão,,70.0,g
7898956314981,Mountain food,LIO NUTRI Prático e Saudável,300.0,g
7898956320043,Branco Tipo 1,Arroz Atração,5000.0,g
7898956771487,Sorvete Tapioca Com Coco E Leite Condensado Whaka Sabores Regionais Pote 500ml,WHAKA,500.0,mL
7898956771975,"Açaí The Whaka Gourmet Pote 1,02l",THE WHAKA,1020.0,mL
7898956947394,mist bolo adoralle choco,,400.0,g
7898956947417,Mist bolo adoralle festa,,400.0,g
7898956947424,Mist bolo adoralle lar,,400.0,g
7898956947431,Mist bolo adoralle mil verd,,400.0,g
7898956947448,mist bolo adoralle cenoura,,400.0,g
7898956947738,Gelatina adoralle abacaxi,,20.0,g
7898956947745,Gelatina adoralle cereja,,20.0,g
7898956947752,Gelatina adoralle lim,,20.0,g
7898956947776,Gelatina adoralle framboesa,,20.0,g
7898956947783,Gelatina adoralle uva,,20.0,g
7898956991724,Iogurte Desnatado Skyr Tradicional Zero Lactose Blissimo Pote 130g,BLISSIMO,130.0,g
7898957115082,biscoito de fécula de mandioca papa-ovo,Dadalto,180.0,g
7898957204076,Farinha de aveia,Monama,220.0,g
7898957204960,Granola Salgada Alecrim E Cúrcuma Monama Pouch 200g,MONAMA,200.0,g
7898957354771,Pack Barra De Nuts Original Zero Sódio Super Saúde Pinati Pacote 120g Leve 4 Pague 3 Unidades,SUPER SAUDE,120.0,g
7898957354788,Pack Barra De Nuts Coco Zero Sódio Super Saúde Pinati Pacote 120g Leve 4 Pague 3 Unidades,SUPER SAUDE,120.0,g
7898957354801,Pack Barra De Nuts Banana Zero Sódio Super Saúde Pinati Pacote 120g Leve 4 Pague 3 Unidades,SUPER SAUDE,120.0,g
7898957617012,Frontera Tex Mex Tortilha,"Latinex,nv snack food poco loco,frontera",200.0,g
7898957617050,Molho Guacamole Frontera Tex Mex Vidro 300g,FRONTERA,300.0,g
7898957617067,Molho Mexicano Queijo Frontera Tex Mex Vidro 300g,FRONTERA,300.0,g
7898957617210,Biscoito de Arroz com Chocolate Amargo,FIT FOOD,70.0,g
7898957617487,SMART Sal Rosa do Himalaia Grosso,SMART,100.0,g
7898957617807,Sal Rosa do Himalaia,Smart,100.0,g
7898957732128,Cacau Alcalino Em Pó Mundo Verde,Mundo Verde,150.0,g
7898957734313,Ghee Curcumax Puravida 500g,,500.0,g
7898957749201,Uva Verde Sem Semente Cappellaro 500 g,Cappellaro,500.0,g
7898957939053,Doce de Leite,Rocca,50.0,g
7898957939091,Doce de Leite Minas Gerais,Rocca,470.0,g
7898957978304,Pão sem queijo,Santu,250.0,g
7898958059248,Pasta De Amendoim Leite De Coco Zero Lactose Eat Clean Pote 300g,EAT CLEAN,300.0,g
7898958059316,Pasta De Amendoim Com Cacau Zero Lactose Eat Clean Pote 300g,EAT CLEAN,300.0,g
7898958059378,Sal do Himalaia Fino 600g - Eat Clean,,600.0,g
7898958059453,Pasta De Amendoim Zero Lactose Eat Clean Protein Pote 300g,EAT CLEAN,300.0,g
7898958059507,Manteiga de Gergelim,eat clean.,180.0,g
7898958059514,Manteiga de Gergelim Tahine Levedura 180g - Eat Clean,Eat Clean,500.0,g
7898958059767,Pasta De Castanha De Caju Leite De Coco Zero Lactose Eat Clean Pote 300g,EAT CLEAN,300.0,g
7898958059781,Pasta De Castanha De Caju Cacau Nibs Zero Lactose Eat Clean Pote 300g,EAT CLEAN,300.0,g
7898958059798,Pasta De Castanha De Caju Salted Caramel Zero Lactose Eat Clean Pote 300g,EAT CLEAN,300.0,g
7898958126421,STRUMPF Molho Barbecue,STRUMPF,400.0,g
7898958126759,Mostarda Com Grãos Strumpf 1 Squeeze 210g,STRUMPF,210.0,g
7898958126773,Ketchup Defumado Strumpf 2 Squeeze 210g,STRUMPF,210.0,g
7898958126780,Ketchup Apimentado Strumpf 3 Squeeze 210g,STRUMPF,210.0,g
7898958126797,Molho Barbecue Strumpf Squeeze 220g,STRUMPF,220.0,g
7898958161040,Vida Veg Iog Banana Mamão maçã,Vida Veg,500.0,g
7898958161118,Queijoveg Muçarela de Castanha de Caju Vida Veg.,Vida Veg,300.0,g
7898958161194,Iogurte Coco Vida Veg.,VidaVeg,170.0,g
7898958161200,Iogurte Vegetal Morango Vida Veg Iogveg Frasco 170g,VIDA VEG,170.0,g
7898958161217,"Iogurte Vegetal Banana, Mamão E Maçã Vida Veg Iogveg Frasco 170g",VIDA VEG,170.0,g
7898958161224,Requeijão De Castanha De Caju Tradicional Vida Veg Requeveg Copo 180g,VIDA VEG,180.0,g
7898958161231,RequeVeg Ervas Finas e Pesto,Vida Veg,180.0,g
7898958161460,Bebida à Base De Amêndoa Vida Veg Garrafa 700ml,VIDA VEG,700.0,mL
7898958161477,Bebida à Base De Coco Vida Veg Garrafa 700ml,VIDA VEG,700.0,mL
7898958161484,Bebida à Base De Castanha De Caju Vida Veg Garrafa 700ml,VIDA VEG,700.0,mL
7898958161507,Iorgute Morango Vida Veg. 14g,Vida veg,250.0,g
7898958161514,Iogurte Vegetal Pasta De Amendoim Vida Veg Protein Frasco 250g,VIDA VEG,250.0,g
7898958161521,Queijoveg Frescal de castanha-de-caju,Vida Veg.,200.0,g
7898958161538,Queijoveg padrão de castanha-de-caju VidaVeg.,,200.0,g
7898958161569,Creme de castanha de caju,Vida veg,180.0,g
7898958161576,Creme De Castanha De Caju Ervas Finas Pesto Vida Veg Pote 180g,VIDA VEG,180.0,g
7898958161583,RequeVeg defumado,Vida Veg,180.0,g
7898958161590,Manteiga De Castanha De Caju Vida Veg Pote 170g,VIDA VEG,170.0,g
7898958161644,Aveia,Vida Veg.,700.0,mL
7898958201081,"Manteiga Ghee Tradicional 160ml - Snackout, 160ml - Snackout",Snackout,500.0,g
7898958201098,"Manteiga Ghee Apimentada 180ml - Snackout, 180ml - Snackout",Snackout,500.0,g
7898958201180,Manteiga Ghee Cebola E Alho 180ml - Snackout,,500.0,g
7898958201548,Fondant De Leite Zero Lactose Snackout Pote 180g,SNACKOUT,180.0,g
7898958201760,Pasta de Amendoim Com Doce de Leite Casas Pedro - 450g,Casas Pedro,450.0,g
7898958231033,BIANCA SIMÕES Granola Salgada Alecrim e Cúrcuma,Bianca Simões,200.0,g
7898958302245,Massa Tapioca Garlic 500g,GARLIC,500.0,g
7898958302252,Tapioca Garlic,GARLIC,500.0,g
7898958480746,Pasta de Amendoim Brownie C Whey Absolut,Absolut,1000.0,g
7898958581152,Palmito picado em conserva,Master Gourmet,300.0,g
7898958581596,Leite de Coco Tradicional,,200.0,mL
7898958870799,Sorvete 7 Belo Los Los Pote 490ml,LOS LOS,490.0,mL
7898958870805,Sorvete Doce De Leite Aviação Los Los Pote 490ml,LOS LOS,490.0,mL
7898958870812,Sorvete Bolo De Rolo De Goiabada Los Los Pote 490ml,BOLO DE ROLO,490.0,mL
7898958870836,Sorvete Brownie Los Los Pote 490ml,LOS LOS,490.0,mL
7898958870843,Sorvete Leite Com Creme De Avelã Los Los Pote 490ml,LOS LOS,490.0,mL
7898958870850,Sorvete Cheesecake De Morango Los Los Pote 490ml,LOS LOS,490.0,mL
7898958870867,Sorvete Chocolate Los Los Pote 490ml,LOS LOS,490.0,mL
7898958872434,Iogurte Integral Natural Leitíssimo,Leitíssimo,170.0,g
7898958872441,iogurte naturalZero Lactose,Leitíssimo,170.0,g
7898958872458,Leite 170g,"Leitissimo, Leitíssimo",170.0,g
7898958872465,Iogurte Parcialmente Desnatado Natural Zero Lactose Leitíssimo,Leitíssimo,500.0,g
7898959224652,LEGURMÊ Molho Barbecue Zero Calorias,LEGURMÊ,350.0,g
7898959589034,Pasta de Amendoim Crunchy Carrefour Classic,Carrefour,500.0,g
7898959612015,Manteiga com sal,Sô Minas,200.0,g
7898959855436,apple cider vinegar,Fazenda Sāo Roque,500.0,mL
7898959869013,Esfirra Congelada Aberta Carne Dozza Caixa 400g 8 Unidades,DOZZA,400.0,g
7898959869020,Esfirra Congelada Fechada Carne Dozza Caixa 400g 8 Unidades,DOZZA,400.0,g
7898959869037,Esfirra Congelada Fechada Queijo Dozza Caixa 400g 8 Unidades,Dozza,400.0,g
7898959891496,Pão francês congelado,,240.0,g
7898959982279,Snack Gatos Nats 60gr,,0.6,g
7898959982385,Snack Cães Hana Natural 80gr Abo.Fry.Linh,,0.8,g
7898959982415,Snack Gatos Hana Tastefell 40gr FGO,,0.4,g
7898959982637,Due feline 40g,,40.0,g
7898960176391,Cogumelo shitake,Mise,32.0,g
7898960196863,lascas de polvilho,,100.0,g
7898960212013,Manteiga GHEE com Alho 200g - Benni,Benni,500.0,g
7898960212204,Manteiga Ghee Cúrcuma 200g - Benni,,500.0,g
7898960243536,Sorbet de Açaï Bio,,7000.0,g
7898960587241,Creme de Açaí Tribbu Fit Food,,1500.0,mL
7898960587302,Creme de Açaí Zero Tribbu Fit Food,,1500.0,mL
7898960587388,Creme de Açaí Stormaçaí,,1500.0,mL
7898960730647,ZERO SÓDIO Batata Palha Cebola e Salsa,Zero Sódio,100.0,g
7898960761023,PURI,Green Coco bebidas naturais do Brasil LTDA,1000.0,mL
7898960957037,Queijo ralado fino,Correa e Cunha Alimentos,40.0,g
7898960982015,Tapioca,Da Terrinha,90.0,g
7898960982213,Farofa Tradicional da Terrinha,Da Terrinha,400.0,g
7898960982299,Biscoito doce,Da Terrinha,250.0,g
7898960982312,Biscoito doce,Da Terrinha,250.0,g
7898960982350,molho de pimenta scorpion,,150.0,mL
7898961176611,Energy drink,Big boss,2000.0,mL
7898961265056,Edamame Sem Vagem Congelado Daucy Pacote 300g,DAUCY,300.0,g
7898961265063,Edamame Em Vagem Congelado Daucy Pacote 300g,DAUCY,300.0,g
7898961303406,Bolinho de batata com milho e requeijão,Trevisan,400.0,g
7898961490410,Nutri,,1000.0,mL
7898961526232,Suco Integral Laranja Neat Galão 3l,NEAT,3000.0,mL
7898961591599,Limonada Com Framboesa Orgânica,Limão & Cia,300.0,mL
7898961803173,Grãos de Chia Integral,Áster,120.0,g
7898961803548,Aveia Em Flocos Finos Sem Glúten Mundo Verde,Mundo Verde,200.0,g
7898961943183,Pasta de amendoim integral crocante,Master Force,1005.0,g
7898962022023,Palmito Pupunha Rodelas Fazenda São Gonçalo 200g,FAZENDA SÃO GONÇALO,200.0,g
7898962022030,Palmito Pupunha Fatias Fazenda São Gonçalo 200g,FAZENDA SÃO GONÇALO,200.0,g
7898962275337,Frut Sul Framboesa Congelada,,400.0,g
7898962286029,dulce de leche de coco,,210.0,g
7898962309971,Pasta de Amendoim Crocante,Nutríssima,450.0,g
7898962336144,Pepinos em Conserva,Oceano Conservas,550.0,g
7898962345634,Tábua De Frutas Secas Hand Fruit Bandeja 500g,,500.0,g
7898962345863,Mix Damasco E Cranberry Hand Fruit Premium Bandeja 280g,DAMASCO,280.0,g
7898962392171,Aveia Flocos Grossos sem Glúten Casa Valentina 200g,,200.0,g
7898962642023,chá,,15.0,g
7898962642160,chá,,15.0,g
7898962642177,chá,,15.0,g
7898962676110,Aveia Orgânica Em Flocos Quaker Caixa 170g,QUAKER,170.0,g
7898962676127,Aveia Orgânica Integral,Quaker,170.0,g
7898963086130,Doce banan bananutry c/ açaí,,280.0,g
7898963213437,Queijo Fino Prima Donna 200gr,DONNA,200.0,g
7898963326090,Sorvete Chocolate Belga Moti Moti Pacote 33g,PACO,33.0,g
7898963326106,Sobremesa Gelada Morango Moti Moti Pacote 33g,MORANGO,33.0,g
7898963326120,Sobremesa Gelada Doce De Leite Moti Moti Pacote 33g,PACO,33.0,g
7898963326137,Sorvete Matcha Moti Moti Pacote 33g,MATCHA,33.0,g
7898963326144,Sorvete Manga Com Páprica Moti Moti Pacote 33g,PACO,33.0,g
7898963326151,Sorvete Coco E Carvão Ativado Moti Moti Pacote 33g,COCO,33.0,g
7898963326199,Sorvete Chocolate Com Avelã Moti Moti Pacote 33g,PACO,33.0,g
7898963326212,Sobremesa Gelada Baunilha Moti Moti Caixa 198g 6 Unidades,,198.0,g
7898963326229,Sobremesa Gelada Morango Moti Moti Caixa 198g 6 Unidades,MORANGO,198.0,g
7898963326236,Sobremesa Gelada Chocolate Belga Moti Moti Caixa 198g 6 Unidades,,198.0,g
7898963326298,Sobremesa Gelada Doce De Leite Moti Moti Caixa 198g 6 Unidades,,198.0,g
7898963480075,Doce de goiaba cremoso,Celeste,300.0,g
7898963544098,Bendita Mandioca,Green Natural Foods,400.0,g
7898963557203,Snack Cães Wow 50gr FGO.Alegrim,,0.05,g
7898963557357,Snack Gatos Wow 30gr Peixe Crocante,,0.3,g
7898963557579,Snack Cães Wow 7gr Weggs Frango,,0.007,g
7898963595014,Kombucha Love K Häppy Garrafa 355ml,K-HÄPPY,355.0,mL
7898963595038,Kombucha Harmony K Häppy Garrafa 355ml,K-HÄPPY,355.0,mL
7898963595045,Kombucha Lightness K Häppy Garrafa 355ml,K-HÄPPY,355.0,mL
7898963595052,Kombucha Energy K Häppy Garrafa 355ml,K-HÄPPY,355.0,mL
7898963595069,Kombucha Power K Häppy Garrafa 355ml,K-HÄPPY,355.0,mL
7898963595151,Kombucha Jabutiberry K Häppy Garrafa 355ml,GARRA,355.0,mL
7898963595199,Kombucha Kuaraná K Häppy Garrafa 355ml,GARRA,355.0,mL
7898963595205,Kombucha Kola K Häppy Garrafa 355ml,GARRA,355.0,mL
7898963783084,Light Iso Baunilha Canibal Inc 900g,Canibal Inc,900.0,g
7898963791690,amendoim tipo Ovinho,,1010.0,g
7898963998167,Su Bello Puro Sabor Morango,Su Bello,1000.0,mL
7898964049158,Sorvete Paçoquita Original Whaka Pote 500ml,PAÇOQUITA,500.0,mL
7898964049769,The Açaí,The Açaí,1020.0,mL
7898964064335,NOR FOODS Arroz arborio,Nor Foods,1000.0,g
7898964084135,Cerveja Kölsch Puro Malte Ginjo Sake Beers Garrafa 500ml,GARRA,500.0,mL
7898964084142,Cerveja Weiss Ginjo Sake Beers Garrafa 500ml,WEISS,500.0,mL
7898964084159,Cerveja Apa Puro Malte Ginjo Sake Beers Garrafa 500ml,GARRA,500.0,mL
7898964084166,Cerveja Ipa Puro Malte Ginjo Sake Beers Garrafa 500ml,GARRA,500.0,mL
7898964235025,Sorvete Cheesecake De Goiabada Lowko Pote 455ml,LOWKO,455.0,mL
7898964235032,Sorvete Brigadeiro Lowko Pote 455ml,LOWKO,455.0,mL
7898964235049,Sorvete Pistache Lowko Pote 455ml,LOWKO,455.0,mL
7898964235056,Sorvete Avelã Com Chocolate Lowko Pote 455ml,LOWKO,455.0,mL
7898964235070,Sorvete Cheesecake De Goiabada Lowko Pote 100ml,LOWKO,100.0,mL
7898964235087,Sorvete Brigadeiro Lowko Pote 100ml,LOWKO,100.0,mL
7898964235094,Sorvete Pistache Lowko Pote 100ml,LOWKO,100.0,mL
7898964235100,Sorvete Avelã Com Chocolate Lowko Pote 100ml,LOWKO,100.0,mL
7898964235131,Sorvete Doce De Leite Lowko Pote 100ml,LOWKO,100.0,mL
7898964235155,Sorvete Cookies And Cream Lowko Pote 455ml,LOWKO,455.0,mL
7898964235179,Sorvete Cookies And Cream Lowko Pote 100ml,LOWKO,100.0,mL
7898964235193,Sorvete Morango Lowko Pote 455ml,LOWKO,455.0,mL
7898964235216,Sorvete Banana Com Creme De Avelã Lowko Pote 455ml,LOWKO,455.0,mL
7898964235223,Sorvete Morango Lowko Pote 100ml,LOWKO,100.0,mL
7898964235230,Sorvete Choco Chips Lowko Pote 100ml,LOWKO,100.0,mL
7898964235247,Sorvete Banana Com Creme De Avelã Lowko Pote 100ml,LOWKO,100.0,mL
7898964235315,Pack Picolé Vegano Chocolate Cobertura Chocolate Com Pedaços De Avelã Lowko Caixa 177g 3 Unidades,LOWKO,177.0,g
7898964235339,Pack Picolé Baunilha Cobertura Chocolate E Amêndoas Lowko Caixa 177g 3 Unidades,LOWKO,177.0,g
7898964287062,Suplemento Alimentar Tablete Chocolate Ao Leite Chock Tpm Alívio Caixa 75g,TABLETE,75.0,g
7898964287383,Suplemento Alimentar Tablete Chocolate Ao Leite Com Avelã Chock Vitamina D Caixa 75g,TABLETE,75.0,g
7898964287390,Suplemento Alimentar Tablete Chocolate Ao Leite Com Amêndoas Chock Vitaminas A Z Caixa 75g,TABLETE,75.0,g
7898964287406,Suplemento Alimentar Tablete Cookies N Cream Chock Imune Caixa 75g,TABLETE,75.0,g
7898964287413,Suplemento Alimentar Tablete Chocolate Branco E Mousse De Maracujá Chock Hair Caixa 75g,TABLETE,75.0,g
7898964359318,"Natureon açai com banana 1,5 L 1,1 kg",Natureon,1100.0,g
7898964736591,Queijo Gouda Fatiado Cruzília 100g,Cruzilia,100.0,g
7898964736614,Queijo Gruyère Fatiado Cruzília 100g,,100.0,g
7898964736690,Queijo Emmental Fatiado Cruzília 100g,,100.0,g
7898964736829,Fondue De Queijo Cruzília Azul De Minas Caixa 400g,,400.0,g
7898964736928,Queijo Cottage Cruzília Pote 200g,COTTAGE,200.0,g
7898964907014,Alfajor Recheado com Doce de Leite e Cobertura de Chocolate,Hangar 7,70.0,g
7898964913459,King of Palms. PALMITO,Eco certe,550.0,g
7898964946242,Iogurte Parcialmente Desnatado Skyr Ameixa Zero Lactose Moo Pote 130g,,130.0,g
7898964946686,Iogurte Natural Zero Lactose,Yorgus,500.0,g
7898964980529,PASTA DE AMENDOIM AVELA PUTZ!,PUTZ!,500.0,g
7898965052027,Mostarda Com Picles Strumpf 2 Squeeze 210g,STRUMPF,210.0,g
7898965052201,Mostarda Dijon Strumpf 4 Squeeze 210g,STRUMPF,210.0,g
7898965052256,Relish De Pepino Agridoce Strumpf Squeeze 240g,STRUMPF,240.0,g
7898965094003,Kombucha Orgânica Uva Tao Basic Garrafa 275ml,BASIC,275.0,mL
7898965094065,Kombucha Orgânica Limão E Cúrcuma Tao Classic Garrafa 350ml,CLASSIC,350.0,mL
7898965094218,Kombucha Orgânica Maçã Tao Basic Garrafa 275ml,BASIC,275.0,mL
7898965094225,Kombucha Orgânica Tangerina Tao Basic Garrafa 275ml,BASIC,275.0,mL
7898965094232,Kombucha Orgânica Maracujá Tao Basic Garrafa 275ml,BASIC,275.0,mL
7898965094430,Kombucha Orgânica Manga Tao Basic Garrafa 275ml,BASIC,275.0,mL
7898965094447,Kombucha Orgânica Hibisco Tao Basic Garrafa 275ml,BASIC,275.0,mL
7898965152215,MV&CO Arroz Arbório Arroz de Altitude,MV&CO,1000.0,g
7898965602130,Snack de Banana e Açaí Liofilizados,Solo Snacks,20.0,g
7898965602154,CHIPS SOLO BATATA DCE,,42.0,g
7898965602161,Chips de Mandioca,Solo Snacks,42.0,g
7898965602178,Chips de Batata Doce e Mandioca,Solo Snacks,42.0,g
7898965602741,SOLO SNACKS BATATA ASSADA RÚSTICA ORIGINAL,,50.0,g
7898965602758,SOLO SNACKS BATATA ASSADA RÚSTICA SOUR CREAM,,50.0,g
7898965605032,CAMPO VERDE Chá de Erva-Doce Orgânico,CAMPO VERDE,10.0,g
7898965605094,CAMPO VERDE Chá de Boldo – Orgânico,CAMPO VERDE,30.0,g
7898965646042,Biscoito De Arroz Integral Banana E Cenoura Nhami Mami Mini Puffs Pacote 15g,INTEGRAL,15.0,g
7898965646059,Biscoito De Arroz Integral Brócolis E Maçã Nhami Mami Mini Puffs Pacote 15g,INTEGRAL,15.0,g
7898965646066,Biscoito De Arroz Integral Beterraba E Morango Nhami Mami Mini Puffs Pacote 15g,INTEGRAL,15.0,g
7898965646073,Biscoito De Arroz Integral Ervilha E Brócolis Nhami Mami Mini Veggies Pacote 18g,INTEGRAL,18.0,g
7898965669522,Ovo De Páscoa Branco Com Matcha We.nutz Caixa 200g,MATCHA,200.0,g
7898965669539,Ovo De Páscoa Branco Com Cookies We.nutz Caixa 200g,COOKIE,200.0,g
7898965685034,Chá Mate Com Gás Cafeína Natural Baer Mate Lata 269ml,BAER-MATE,269.0,mL
7898965685058,Chá Com Gás Matcha Cafeína Natural Baer Matcha Garrafa 350ml,BAER-MATE,350.0,mL
7898965716035,Suco Integral Uva Tinto Villa Piva Garrafa 300ml,VILLA PIVA,300.0,mL
7898965716042,Suco Integral Maçã Villa Piva Garrafa 300ml,VILLA PIVA,300.0,mL
7898965716059,Suco Integral Tangerina Villa Piva Garrafa 300ml,VILLA PIVA,300.0,mL
7898965716073,Suco Integral Maçã Villa Piva Garrafa 1l,VILLA PIVA,1000.0,mL
7898965716097,Suco Integral Uva Tinto Villa Piva Garrafa 1l,VILLA PIVA,1000.0,mL
7898965716103,Suco Integral Uva Tinto Com Hortelã Villa Piva Garrafa 1l,VILLA PIVA,1000.0,mL
7898965716110,Suco Integral Tangerina Com Capim Cidreira Villa Piva Garrafa 1l,VILLA PIVA,1000.0,mL
7898965716127,"Suco Integral Maçã Com Hibisco, Canela Gengibre Villa Piva Garrafa 1l",VILLA PIVA,1000.0,mL
7898965716141,Suco Integral Tangerina Com Capim Cidreira Villa Piva Garrafa 300ml,VILLA PIVA,300.0,mL
7898965716158,"Suco Integral Maçã Com Hibisco, Canela Gengibre Villa Piva Garrafa 300ml",VILLA PIVA,300.0,mL
7898965716165,Chá Preto Limão Villa Piva Garrafa 1l,VILLA PIVA,1000.0,mL
7898965716172,Chá Mate Hortelã Villa Piva Garrafa 1l,VILLA PIVA,1000.0,mL
7898965716189,"Chá Verde Hibisco, Cavalinha E Dente De Leão Villa Piva Garrafa 1l",VILLA PIVA,1000.0,mL
7898965716196,Chá Mate Hortelã Villa Piva Garrafa 300ml,VILLA PIVA,300.0,mL
7898965716202,Chá Preto Limão Villa Piva Garrafa 300ml,VILLA PIVA,300.0,mL
7898965716219,"Chá Verde Hibisco, Cavalinha E Dente De Leão Villa Piva Garrafa 300ml",VILLA PIVA,300.0,mL
7898965716226,água De Coco Esterilizada Integral Villa Piva Garrafa 1l,VILLA PIVA,1000.0,mL
7898965716233,água De Coco Esterilizada Integral Villa Piva Garrafa 300ml,VILLA PIVA,300.0,mL
7898965716240,"Chá Tradicional Villa Piva Caixa 22,5g 15 Unidades",VILLA PIVA,22.5,g
7898965716257,"Chá Villa Piva Detox Caixa 22,5g 15 Unidades",VILLA PIVA,22.5,g
7898965716264,"Chá Villa Piva Bom Dia Caixa 22,5g 15 Unidades",VILLA PIVA,22.5,g
7898965716271,"Chá Villa Piva Bons Sonhos Caixa 22,5g 15 Unidades",VILLA PIVA,22.5,g
7898965716288,"Chá Flores Frutas Villa Piva Caixa 22,5g 15 Unidades",VILLA PIVA,22.5,g
7898965716301,Bebida Adoçada Pink Lemonade Villa Piva Garrafa 1l,VILLA PIVA,1000.0,mL
7898965716318,Bebida Adoçada Pink Lemonade Villa Piva Garrafa 300ml,VILLA PIVA,300.0,mL
7898965716325,Suco Tomate Villa Piva Garrafa 1l,VILLA PIVA,1000.0,mL
7898965716332,Suco Tomate Villa Piva Garrafa 300ml,VILLA PIVA,300.0,mL
7898965716387,Mel Silvestre Villa Piva 300g,VILLA PIVA,300.0,g
7898965716394,Mel Laranjeira Villa Piva 300g,VILLA PIVA,300.0,g
7898965716400,Mel Orgânico Villa Piva Vidro 300g,VILLA PIVA,300.0,g
7898965864934,Crema Vegetal,Decor Up,1000.0,mL
7898966136436,Suspiros,lulis,150.0,g
7898966138607,pão de queijo copag,,1000.0,g
7898966234101,Creme De Coco Ameixa Mardicô Pote 135g,COCO,135.0,g
7898966408335,LEGURMÊ Ketchup com Goiaba,LEGURMÊ,200.0,g
7898966655005,Água Mineral Natural Classic Sem Gás,Santa Justina,500.0,mL
7898966688133,"Chá Matchá, Limão E Capim Santo Friizi Caixa 1l",FRIIZI,1000.0,mL
7898966688140,Chá Verde Hortelã E Abacaxi Friizi Caixa 1l,FRIIZI,1000.0,mL
7898966688157,Chá Branco Gengibre E Laranja Friizi Caixa 1l,FRIIZI,1000.0,mL
7898966688164,"Chá Hibisco, Canela E Lichia Friizi Caixa 1l",FRIIZI,1000.0,mL
7898966688171,Chá Mate Frutas Vermelhas Friizi Caixa 1l,FRIIZI,1000.0,mL
7898966688188,Bebida Adoçada Uva Os Aventureiros Caixa 200ml,AVENTUREIROS,200.0,mL
7898966688195,Bebida Adoçada Laranja Os Aventureiros Caixa 200ml,AVENTUREIROS,200.0,mL
7898966688201,Bebida Adoçada Maracujá Os Aventureiros Caixa 200ml,AVENTUREIROS,200.0,mL
7898966688218,Bebida Adoçada Morango Os Aventureiros Caixa 200ml,AVENTUREIROS,200.0,mL
7898966688225,Bebida Adoçada Tutti Frutti Os Aventureiros Caixa 200ml,AVENTUREIROS,200.0,mL
7898966688379,água De Coco Os Aventureiros Caixa 200ml,AVENTUREIROS,200.0,mL
7898966688386,água De Coco Uva Os Aventureiros Caixa 200ml,AVENTUREIROS,200.0,mL
7898966688393,água De Coco Maçã Os Aventureiros Caixa 200ml,AVENTUREIROS,200.0,mL
7898966688409,água De Coco Abacaxi Os Aventureiros Caixa 200ml,AVENTUREIROS,200.0,mL
7898966688416,água De Coco Limão Os Aventureiros Caixa 200ml,AVENTUREIROS,200.0,mL
7898966688430,água De Coco Os Aventureiros Caixa 1l,AVENTUREIROS,1000.0,mL
7898966738104,Mel Caatinga Silvestre Up,Beeva,280.0,g
7898966738289,Mel Caatinga Angico Beeva Squeeze 280g,SQUEEZE,280.0,g
7898966769016,UMBUY Arroz Polido Orgânico Umbuy,Umbuy,1000.0,g
7898966827150,Pasta de Amendoim Integral,Eat clean,400.0,g
7898966862120,Cacao Brew,Cookoa,300.0,g
7898967127303,Batata Palha,Zumbitos,100.0,g
7898967300096,Pão de alho Sorpan Tradicional,Sorpan,400.0,g
7898967300201,Pão de alho Brioche,Sorpan,400.0,g
7898967526304,NATUTERRA Manteiga Vegetal com Aveia,NATUTERRA,200.0,g
7898967617002,Ovos tipo grande vermelho,Sieme Ovos,1650.0,g
7898967617064,Ovos tipo jumbo branco,Sieme,1400.0,g
7898967660008,Gelato Creme Leite Bacio Di Latte 490ml,BACI,490.0,mL
7898967660015,Gelato Bella Bacio,BELLA,400.0,g
7898967660039,Gelato Doce Leite Bacio Di Latte 490ml,BACI,490.0,mL
7898967660046,Sorv Bacio Di Latte Biscotto 490ml Pote,BACI,490.0,mL
7898967660060,Gelato Maracuja Bacio,BACI,400.0,g
7898967660077,Sorv Bacio Di Latte Cioccolato 490ml Pote,BACI,490.0,mL
7898967660084,Sorv Bacio Di Latte Cocco 490ml Pote,BACI,490.0,mL
7898967660558,Sorvete De Brownie,Bacio Di Latte,380.0,g
7898967660718,Pistachio Ice Cream,Bacio Di Latte,380.0,g
7898968082007,Queijo Chèvre Vegano Nomoo 100g,NOMOO,100.0,g
7898968082014,Queijo Parmesão Vegano Nomoo Pacote 100g,NOMOO,100.0,g
7898968082021,Queijo Prato Vegano Nomoo 150g,NOMOO,150.0,g
7898968082038,Queijo Mussarela Vegano Nomoo 150g,NOMOO,150.0,g
7898968082045,Queijo Provolone Vegano Nomoo 150g,NOMOO,150.0,g
7898968082069,Requeijão plant-based,NoMoo,180.0,g
7898968082090,Creme de Leite  vegetal,NoMoo,200.0,g
7898968082250,Queijo Mussarela Fatiado Vegano Nomoo 150g,NOMOO,150.0,g
7898968082359,Queijo Parmesão Ralado Vegano Nomoo Pouch 150g,NOMOO,150.0,g
7898968082366,Queijo Mussarela Ralado Vegano Nomoo Pouch 150g,NOMOO,150.0,g
7898968572058,Crepe Francês Integral Congelado de Ricota com Alho Poró,èze congelados,200.0,g
7898968572072,Crepe Francês Recheado de Chocolate ao Leite Congelado,eze congelados,150.0,g
7898968625013,LEITE PURO LATTE INTEGRAL GFA,PURO LATTE,1000.0,mL
7898968764095,Bebida à Base De Aveia Orgânica Cacau Nude. Caixa 200ml,NUDE.,200.0,mL
7898968764101,Bebida à Base De Aveia Orgânica Baunilha Nude. Caixa 200ml,NUDE.,200.0,mL
7898968764118,Bebida à Base De Aveia Baunilha Café Nude. Caixa 250ml,NUDE.,250.0,mL
7898968764125,Bebida à Base De Aveia Cacau Nude. Caixa 250ml,NUDE.,250.0,mL
7898968764149,Leite Condensado Vegano Nude.,Nude,395.0,g
7898968764323,nude,,180.0,mL
7898969032001,BLACK TUCANO Café Black Tucano Single Origin Torrado e em Grãos 250 g,Black Tucano,250.0,g
7898969097000,Hambúrguer Vegetal Carne The New Meat Bandeja 200g 2 Unidades,NEW ME,200.0,g
7898969097024,Filé Vegetal Frango The New Chicken Bandeja 210g 3 Unidades,CHIC,210.0,g
7898969097031,Hambúrguer Vegetal Crispy Frango The New Chicken Bandeja 240g 2 Unidades,CHIC,240.0,g
7898969097062,Nuggets Vegetal Frango The New Chicken Bandeja 250g 10 Unidades,CHIC,250.0,g
7898969133043,Ovos vermelhos grande,RealAgro,576.0,g
7898969250047,Torrone Frutas Vermelhas,Hagi,60.0,g
7898969457408,Chips Batata Doce,The Chips Revolution,60.0,g
7898969669207,BAR,PING,15.0,g
7898969706216,Filé de Tilápia,Rede do Peixe,500.0,g
7898969797535,Suco 100,Tetra Pak,1000.0,mL
7898969895309,Papinha papapa orgânica maca/mor,,100.0,g
7898970554110,Biscoito Manteguitas,Panine,300.0,g
7898970876076,Erva de Terere Cereja Ice,Black,500.0,g
7898970907220,Snack Cães Pet Saudável 70gr Fígado Desid,,0.7,g
7898971472352,Psyllium Husk em Fibras,Empório Madoxx,1000.0,g
7898971538010,Pao de queijo congelado,Fortes Bento Alimentos,400.0,g
7898971706006,"Mousse de Chocolate Branco Galak com Cobertura de Chocolate, Negresco e Café especial Mais1",Mais1.Café,48.0,g
7898971754120,Chocolate Meio Amargo Açaí Liofilizado Comunidade Urucará 61% Cacau Warabu 70g,Warabu,70.0,g
7898971754144,Chocolate Meio Amargo Gengibre Liofilizado 65% Cacau Warabu,Warabu,70.0,g
7898971754502,Chocolate 60% Jambu E Pimenta Assisi Warabu 40g,Warabu,40.0,g
7898971754519,Chocolate 60% Com Pedaços De Cupuaçu Warabu 40g,Warabu,40.0,g
7898971917761,TEA BRASIL Chá de Camomila Gourmet Tea Brasil,TEA BRASIL,30.0,g
7898971943234,Vanilla Whey Lata Essential - 375g,Essential Nutrition,375.0,g
7898971943739,Collagen Essential Protein frutas tropicais,Essential,17.1,g
7898972721008,AGUA MINERAL NATURAL S/G MG,Leven,1500.0,mL
7898975302457,Mel de abelhas,apiário Brito,300.0,g
7898977073010,Proteína de Soja Isolada,Bellnutry,1000.0,g
7898994047452,Suco de Uva Tinto Integral,,300.0,mL
7898994058625,Goma de Tapioca Pernambuquinha Hidratada,Pernambuquinha,500.0,g
7898994064732,Granola de Tapioca Manioca - Caras do Brasil,Caras do Brasil,400.0,g
7898994073031,Farelo de Aveia Sem Glúten 200g - Monama,Monama,200.0,g
7898994073048,Aveia em flocos,monama,200.0,g
7898994081623,Tapioca Hidratada da Terrinha 500g,Da Terrinha,500.0,g
7898994081630,Goma de Tapioca,Da Terrinha,1000.0,g
7898994162131,Mix Agridoce 180g,AGRIDOCE,180.0,g
7898994253471,Toasted Cassava Flour,Mani,500.0,g
7898994310341,Pudim de Leite Zero Açúcar,Pudim Holandês,125.0,g
7898994420750,Purê de Batata Formatado Pré-Frito e Congelado,"Sérya, Forno de Minas",400.0,g
7898994420774,Noisette Rústica,Sérya,1050.0,g
7898994436416,BENNI ALIMENTOS Ghee Manteiga Clarificada Sem Lactose:,BENNI ALIMENTOS,200.0,g
7898994436423,Manteiga GHEE 500g - Benni,Benni,500.0,g
7898994436485,Manteiga GHEE com Sal Rosa do Himalaia 500g - Benni,Benni,500.0,g
7898994462552,Pipoca Pronta Artesanal Caramelo Flor De Sal Maïs Pura Pacote 150g,MAIS PURA,150.0,g
7898994472988,Pasta de Coco Castanharia 210g,Castanharia,210.0,g
7898994481317,Granola Premium Zero Açúcar Grano Square,Grano Square,200.0,g
7898994493716,LEVIORA Ghee Tradicional,LEVIORA,200.0,g
7898994498032,Alfajor branco,Odara,65.0,g
7898994516774,Stroopwafels,de Bakker,70.0,g
7898994523512,Edamame Em Grãos Repeat 300g,VEGGIE,300.0,g
7898994523536,Edamame Vagem Repeat 300g,VEGGIE,300.0,g
7898994534211,Pão Folha árabe Zero Lactose Kebai Pacote 250g,KEBAI,250.0,g
7898994534228,Pão Folha árabe Integral Zero Lactose Kebai Pacote 250g,KEBAI,250.0,g
7898994534259,Pão Sírio Mini Zero Lactose Kebai Pacote 250g,KEBAI,250.0,g
7898994534266,Pão Sírio Mini Integral Zero Lactose Kebai Pacote 250g,KEBAI,250.0,g
7898994545019,Azeite De Oliva Extra Virgem Brasileiro Intenso Batalha Vidro 500ml,BRASILEIRO,500.0,mL
7898994545064,Azeite De Oliva Extra Virgem Brasileiro Batalha Black Vidro 250ml,BRASILEIRO,250.0,mL
7898994621508,Lamus Mousse Gelado de Chocolate Recheado de Coco,Lamus,48.0,g
7898994648833,Bebida Vegetal Silk Castanha de Caju sem Açúcar 1L,Silk,1000.0,mL
7898994655114,Brócolis,Brocolis Bernardi,180.0,g
7898994655121,Couve-flor,Brocolis Bernardi,300.0,g
7898994683216,Cake Recheado com Doce de Leite e Cobertura de Chocolate,Família Kayser,69.0,g
7898994703808,Kefir Desnatado Morango Zero Lactose Kefir Reggula Shot Diário Frasco 100g,MORANGO,100.0,g
7898994703846,Kefir Integral Zero Lactose Keiff Garrafa 500g,INTEGRAL,500.0,g
7898994703860,Kefir Desnatado Morango Zero Lactose Keiff Garrafa 500g,MORANGO,500.0,g
7898994703877,Kefir Integral Zero Lactose Kefir Reggula Shot Diário Frasco 100g,INTEGRAL,100.0,g
7898994703891,Kefir Adoçado Integral Parcialmente Desnatado Zero Lactose Kefir Reggula Shot Diário Frasco 100g,INTEGRAL,100.0,g
7898994718703,Snack Pork,FIT,86.0,g
7898994769026,Macarrão instantâneo sabor carne Maruchan,Maruchan,79.0,g
7898994802204,Pizza De Pão De Queijo Brotinho Linguicinha Nuu Caixa 210g,PÃO DE QUEIJO,210.0,g
7898994848813,Pamonha Natural Do Campo 160 Gr Doce,DO CAMPO,160.0,g
7898994848837,Curau Fc 180g,,180.0,g
7898994848844,Flv Suco De Milho Verde Natural Do Campo 300ml,VERDE NATURAL,300.0,mL
7898994848851,Suco Milho Verde Fr Campo 500ml,CAMP,500.0,mL
7898994868712,Azeite de oliva extra virgem,Biondo,500.0,mL
7898994896104,CRISPY BREAD,NOVO PINHEIRO,150.0,g
7898994905257,Goiabada Tesouro Real,,400.0,g
7898994908715,Papinha Orgânica Manga Papapá Squeeze 100g,SQUEEZE,100.0,g
7898994908722,Papinha Orgânica Maçã Ameixa Papapá Squeeze 100g,SQUEEZE,100.0,g
7898994908739,"Papinha Orgânica Banana, Mirtilo, Quinoa Papapá Squeeze 100g",SQUEEZE,100.0,g
7898994908746,"Papinha Orgânica Maçã, Cenoura, Batata Doce Papapá Squeeze 100g",SQUEEZE,100.0,g
7898994908753,"Papinha Orgânica Pera, Espinafre, Abobrinha Papapá Squeeze 100g",SQUEEZE,100.0,g
7898994908760,Biscoito Para Fase Da Dentição Vegetais Sem Glúten Papapá Caixa 36g,PARA,36.0,g
7898994908777,Biscoito Para Fase Da Dentição Abóbora E Maçã Sem Glúten Papapá Caixa 36g,PARA,36.0,g
7898994939719,Bebida à Base De Aveia Barista Nude. Caixa 1l,Nude,1000.0,mL
7898994939757,Bebida de aveia & com baunilha,Nude,1000.0,mL
7898994939764,Bebida à Base De Aveia Cremosa Orgânica Sem Glúten Nude. Caixa 1l,NUDE.,1000.0,mL
7898994939788,Creme De Aveia Nude. Caixa 200g,NUDE,200.0,g
7898994959007,Spray Desmoldante UntaFácil InLoco,"Smart Choice,inloco foods",180.0,mL
7898996021535,Feijão Fradinho - Premium,Knorr,1000.0,g
7898996021559,Feijão Carioca Tipo 1 Knorr Premium Pacote 1kg,PREMIUM,1000.0,g
7898996037512,Tapioca com Whey,Pernambuquinha,500.0,g
7898996094126,Tempê de soja orgânica fatiado,Mun,225.0,g
7898996506599,MAC Tomate,Mexidona Foods,100.0,g
7898996729332,Lasquinhas de abóbora com chocolate,Santa Abóbora,250.0,g
7899000014130,INSTANTÁNEA,QUAKER,700.0,g
7899070530011,Biscoitos Amanteigados,Garcéa,150.0,g
7899152680184,Escureto,Richester,125.0,g
7899465201700,Energético Fire Citrus,Vulcano,473.0,mL
7899465201717,Ice Grape,Vulcano,473.0,mL
7899468503252,APISNUTRI Matchá Solúvel Sabor Natural Femme,APISNUTRI,100.0,g
7899474702922,Camarão Bomar Cinza Inteiro Cozido Congelado,,200.0,g
7899484500136,Farinha de Mandioca Panificável You Ka,You Ka,500.0,g
7899516207552,devine zero,devine,100.0,g
7899516207965,Chocolate ao Leite 37% Cacau,Divine,90.0,g
7899516208047,Chocolate 70% cacao.,Divine,90.0,g
7899516210125,Due Passionate,Divine,90.0,g
7899542000356,Rapadura,Ruschel,400.0,g
7899563287330,Deospray Meu Primeiro,Humor,100.0,mL
7899567209536,Carne Moída Friboi,,500.0,g
7899567209864,Feijão preto cozido e temperado,Bordon,300.0,g
7899567218415,Corned beef loaf,,320.0,g
7899567218712,Corned Beef,Exeter,340.0,g
7899567235160,Farofa Apimentada,Swift,400.0,g
7899567235429,Curry Swift,,90.0,g
7899567235832,Linguiça Toscana Swift,Swift,700.0,g
7899567236105,Tilapia Sem Pelé,Swift,800.0,g
7899567236471,Kibe de Carne Bovina Swift,Swift,500.0,g
7899567236808,Pão De Hambúrguer,Swift,120.0,g
7899567237690,Medalhão Temperado De Filé De Peito De Frango Com Bacon,Swift,500.0,g
7899567238055,Bomba de Creme Swift,,170.0,g
7899567246623,Hotdog sousage,Bordon,400.0,g
7899567246784,Exeter Corned Beef®️,,340.0,g
7899567246944,Cornet beef,,340.0,g
7899567248078,Tomate exeter,,425.0,g
7899567249273,Bordon corned beef,Bordon,340.0,g
7899567299896,Filé de Peito de Frango Swift do Campo 1kg,Swift,1000.0,g
7899572805808,Be(M)Dita Ghee Hidratação,,100.0,g
7899594700228,Bolo De Rolo,Casa Dos Frios,900.0,g
7899607202862,Molho de Alho,Saborelle,215.0,mL
7899621100342,100% Whey Flavour Chocolate,Atlethica Nutrition,900.0,g
7899621104470,Protein Premium sabor Chocolate,Atlhetica Nutrition,1800.0,g
7899621108294,Best Whey sabor Brownie de Chocolate,"Atlhetica Nutrition,Best Whey",35.0,g
7899638342476,Hambúrguer De Carne De Frango E Bovina Montana Dia A Dia Pacote 56g,MONTANA,56.0,g
7899638343800,Hambúrguer De Carne De Frango E Bovina Montana Caixa 672g 12 Unidades,MONTANA,672.0,g
7899638343879,Hambúrguer De Carne Bovina Costela Bassi Caixa 400g 2 Unidades,BASSI,400.0,g
7899638343923,Hambúrguer De Carne Bovina Angus Bassi Caixa 400g 2 Unidades,BASSI,400.0,g
7899638362245,Hambúrguer Angus,Sadia Bassi,360.0,g
7899659900099,"BONARE Extrato Tom Bonare Gourmet Sachê (1,7 kg)",BONARE,1700.0,g
7899659900471,Ketchup Zero,Bonare,390.0,g
7899659901089,Molho de Tomate Pizza,Bonare,300.0,g
7899679702451,Polvilho Topless Salgado Assado,Topless,80.0,g
7899686700587,Tomates pelados,,400.0,g
7899686702000,Queijo ralado,Rohden,40.0,g
7899751201438,Barra de Chocolate Castanha de Caju Avelã e Amendoim Casas Pedro,Casas Pedro,40.0,g
7899751212021,Cha q- vita 10x1 boldo,,10.0,g
7899751212038,Cha q-vita 10x1 camomila,,10.0,g
7899751212076,Cha verde q-vita 10x1 abac/hort,,10.0,g
7899751212144,Cha q-vita hortelã,,10.0,g
7899751212151,Cha q-vita 10x1 Melissa,,10.0,g
7899751212427,Cha q-vita 10x1 alecrim,,15.0,g
7899759407542,Chicken Coxinhas (Coxinhas de Frango),Tia Eliana,800.0,g
7899765100017,Mix De Grãos E Cereais Salgado Tradicional Miss Croc Gourmet Vidro 140g,MISS CROC,140.0,g
7899765100031,Mix De Grãos E Cereais Lemon Pepper Miss Croc Gourmet Vidro 140g,MISS CROC,140.0,g
7899765100222,Mix De Grãos E Cereais Mostarda E Mel Miss Croc Gourmet Vidro 120g,MISS CROC,120.0,g
7899767024236,Whey Isolado e Hidrolisado Muke Morango 450g - Mais Mu,Mu,450.0,g
7899767443846,Tapioca Nossa Goma Pacote 500g,NOSSA GOMA,500.0,g
7899767481299,Alfajor de Doce de Leite com Cobertura de Chocolate Branco,Nobre Alfajor,50.0,g
7899778907191,Tomate Seco Em Conserva,Prezunic,100.0,g
7899793802877,Ipet carne com leite,,250.0,g
7899801811136,Tâmara com caroço,Desert Queen,200.0,g
7899802204067,Farinha de Aveia Prezunic,Prezunic,500.0,g
7899813204674,KAMPO DE ERVAS Hibisco Orgânico Sachê,KAMPO DE ERVAS,30.0,g
7899846023747,EKOS CASTANHA,NATURA,75.0,g
7899846031797,Datte Deglet Nour,La Maison Du Fruit Sec,150.0,g
7899879300037,"Purê De Frutas Pera, Uva E Maçã Pic Me Squeeze 100g",PIC ME,100.0,g
7899879300044,"Purê De Frutas Morango, Framboesa E Maçã Pic Me Squeeze 100g",PIC ME,100.0,g
7899879300051,Purê De Frutas Banana E Maçã Pic Me Squeeze 100g,PIC ME,100.0,g
7899879300358,"Purê De Frutas Morango, Framboesa E Maçã Mickey Mouse Pic Me Squeeze 90g",PIC-ME,90.0,g
7899879300372,Pasta De Amendoim Integral Pic Me Squeeze 200g,PIC-ME,200.0,g
7899879300389,Pasta De Amendoim Crocante Pic Me Squeeze 200g,PIC-ME,200.0,g
7899879300396,Pasta De Amendoim Com Açúcar De Coco E Sal Do Himalaia Pic Me Squeeze 200g,PIC-ME,200.0,g
7899879300587,Pipoca maçã e canela,Pic me,55.0,g
7899879300594,Pipoca Laranja,Pic-Me,55.0,g
7899879300853,Purê De Frutas Pera E Maçã Os Incríveis Pic Me Squeeze 90g,PIC-ME,90.0,g
7899879300860,"Purê De Frutas Pera, Uva E Maçã Os Incríveis Pic Me Squeeze 90g",PIC-ME,90.0,g
7899880316690,Álcool Gel 70 Desire 21,Desire,500.0,mL
7899914200629,ENERGY DRINK,V!BE TRADICIONAL,2000.0,mL
7899914200667,ENERGY DRINK,V!BE MELANCIA,2000.0,mL
7899916900329,Orange 100% Juice (Refrigerated),Natural One,300.0,mL
7899916900343,Grape and Apple Fruits 100% Juice (Refrigerated),Natural One,300.0,mL
7899916900503,100% ORANGE JUICE,Natural One,1500.0,mL
7899916900527,Grape and Apple Fruits 100% Juice (Refrigerated),Natural One,1500.0,mL
7899916904617,100% Orange Juice (Shelf Stable),Natural One,300.0,mL
7899916904778,100% Orange Juice (Shelf Stable),"FAZENDA, Natural One",900.0,mL
7899916904815,Apple 100% Juice (Red & Green),"FAZENDA, Natural One",900.0,mL
7899916904839,Grape and Apple Blended Juice (Shelf Stable),Natural One,900.0,mL
7899916904877,Grape and Apple Fruits 100% Juice (Refrigerated),Natural One,1500.0,mL
7899916905584,Grape and Apple Blended Juice (Shelf Stable),Natural One,2000.0,mL
7899916905621,100% Orange Juice (Shelf Stable),Natural One,2000.0,mL
7899916905645,Suco Misto de Uva e Maçã,"Natural aonde,Natural One,Natural One S.A.",2000.0,mL
7899916905980,Apple 100% Juice,Natural One,180.0,mL
7899916906000,Orange 100% Juice (Refrigerated),Natural One,180.0,mL
7899916906017,100% Orange Juice (Shelf Stable),Natural One,180.0,mL
7899916906628,"Apple, Guava and Orange Blended Juice",Natural One,900.0,mL
7899916906734,Jugo De Naranja Fruta Natural,Lider,1500.0,mL
7899916912902,Pêssego 100% Suco,Natural one,900.0,mL
7899916916931,Leite de Aveia zero lactose,"Natural One,Natural One S.A.",2000.0,mL
7899916918829,Suco de Laranja,The Natural One,1700.0,mL
7899916919376,Jugo de Naranja EXPRIMIDO,"Natural one, QUILLAYES",1300.0,mL
7899925604706,Biscoito de Polvilho Salgado,Uann,80.0,g
7899930900480,Chocolate 70 Cacau Com Pedaços De Avelãs Goldko Pacote 80g,GOLD,80.0,g
7899930900497,Goldko,,60.0,g
7899936400410,VELEZ FOODS Sal de Parrilla para Churrasco,VELEZ FOODS,1000.0,g
7899936402797,LE5STAGIONI Farinha de Trigo Le 5 Stagione,Le 5 Stagione,1000.0,g
7899941201651,Power Protein Bar,Max Titanium,41.0,g
7899943703511,Mix De Castanha Amigos Do Bem Pouch 100g,DO BEM,100.0,g
7899943704228,Castanha De Caju Torrada E Triturada Amigos Do Bem Pouch 250g,AMIGOS DO BEM,250.0,g
7899943704235,Farinha De Castanha De Caju Torrada Amigos Do Bem Pouch 250g,AMIGOS DO BEM,250.0,g
7899943704532,Castanha do bem,AMIGOS DO BEM,50.0,g
7899943704976,Mix De Castanha Amigos Do Bem Pouch 50g,AMIGOS DO BEM,50.0,g
7899943706383,Mini cookies Verde,,30.0,g
7899943706390,Mini Cookies Amarelo,,30.0,g
7899968200675,Acai,,200.0,g
7899970400018,Chocolate ao leite (colesterol 3.3mg),Hershey's,92.0,g
7899970400032,Chocolate Branco Hersheys Pacote 92g,HERSHEYS,92.0,g
7899970400056,Hershey's Extra Cremoso,Hershey's,92.0,g
7899970400070,Chocolate Meio Amargo 40 Cacau Hersheys Pacote 92g,SECPOWER,92.0,g
7899970400094,Chocolate Branco Cookies N Creme Hersheys Pacote 87g,HERSHEYS,87.0,g
7899970400131,Chocolate Ao Leite Cookies N Chocolate Hersheys Pacote 87g,HERSHEYS,87.0,g
7899970400155,Chocolate Ao Leite Com Amendoim Hersheys Pacote 85g,HERSHEYS,85.0,g
7899970400292,Hershey‘s Crunchers,,120.0,g
7899970400407,Chocolate Amargo Aerado 60 Cacau Hersheys Special Dark Pacote 85g,HERSHEYS,85.0,g
7899970400452,Chocolate Ao Leite Aerado Hersheys Air Pacote 85g,HERSHEYS,85.0,g
7899970400674,hersheys ao leite,HERSHEYS,102.0,g
7899970400698,Herseys amendoim,HERSHEYS,102.0,g
7899970400704,Sabor Triplo Chocolate,Hershey's,102.0,g
7899970400865,Chocolate Ao Leite Recheio Amendoim Reeses Pacote 42g 2 Unidades,AMENDOIM,42.0,g
7899970400902,HERSHEY'S SPECIAL DARK ORIGINAL,HERSHEY'S,85.0,g
7899970400940,TABLETE SPECIAL DARK LARANJ 85G HERSHEYS,HERSHEYS,85.0,g
7899970400964,TABLETE SPECIAL DARK CRANB 85G HERSHEYS,HERSHEYS,85.0,g
7899970400988,Chocolate Amargo 60 Cacau Com Pedaços De Café Hersheys Special Dark Pacote 85g,HERSHEYS,85.0,g
7899970401003,Chocolate Amargo 60% Caramelo Salgado Hershey's Special Dark,"Hershey's,Hershey",85.0,g
7899970401008,Chocolate Amargo 60 Cacau Caramel N Salt Hersheys Special Dark Pacote 85g,HERSHEYS,85.0,g
7899970401046,HERSHEY'S Gotas Forneáveis Chocolate ao Leite Hershey's Professional,HERSHEY'S,1000.0,g
7899970401084,"HERSHEY'S Cobertura Fracionada Hershey's Professional (Formato Moeda, Ao leite)",HERSHEY'S,1000.0,g
7899970401145,Chocolate Meio Amargo 40 Cacau Cristal Hersheys Pacote 87g,HERSHEYS,87.0,g
7899970401183,Rolinhos De Wafer Ao Leite Hersheys Mais Chocotubes Pacote 25g,HERSHEYS,25.0,g
7899970401206,Rolinhos De Wafer Cookies N Creme Hersheys Mais Chocotubes Pacote 25g,HERSHEYS,25.0,g
7899970401381,Chocolate Ao Leite Com Amêndoas Hersheys Pacote 192g,HERSHEYS,192.0,g
7899970401787,Pastilha Coolmint Zero Açúcar Ice Breakers Mints Pote 24g,,24.0,g
7899970401800,"Pastilha Mix De Morango, Blueberry E Framboesa Zero Açúcar Ice Breakers Sours Pote 24g",MORANGO,24.0,g
7899970402128,Wafer Recheio Morango Cobertura Chocolate Branco Hersheys Mais Pacote 102g,HERSHEYS,102.0,g
7899970402135,Chocolate Ao Leite E Branco Milkshake Crocante Hersheys Pacote 87g,CROCANTE,87.0,g
7899970402159,Chocolate Com Pedaços De Café Caramel Macchiato Hersheys Coffee Creations Pacote 85g,HERSHEYS,85.0,g
7899970402173,Chocolate Mesclado Com Pedaços De Café Cappuccino Hersheys Coffee Creations Pacote 85g,HERSHEYS,85.0,g
7899970402326,Chocolate Ao Leite Gotas Hersheys Professional Pouch 100g,PROFESSIONAL,100.0,g
7899970402401,Chocolate Com Pedaços De Café Espresso Hersheys Coffee Creations Pacote 85g,HERSHEYS,85.0,g
7899970402463,"Creme Choco Io Iô Mix Pote 41,9g",,41.9,g
7899970402692,TABLETE SPECIAL DARK 80 85G HERSHEYS,HERSHEYS,85.0,g
7899970402807,Chocolate Branco Hersheys Pacote 82g,HERSHEYS,82.0,g
7899970402814,Chocolate Ao Leite Hersheys Pacote 82g,Hershey's,82.0,g
7899970402821,Chocolate Ao Leite Extracremoso Hersheys Pacote 82g,HERSHEYS,82.0,g
7899970402838,Chocolate Meio Amargo 40 Cacau Hersheys Pacote 82g,Hershey's,82.0,g
7899970402845,Chocolate Meio Amargo 40 Cacau Cristal Hersheys Pacote 77g,HERSHEYS,77.0,g
7899970402852,Chocolate Branco Cookies N Creme Hersheys Pacote 77g,HERSHEYS,77.0,g
7899970402869,Chocolate Ao Leite Cookies N Chocolate Hersheys Pacote 77g,HERSHEYS,77.0,g
7899970402876,Chocolate Ao Leite Com Ovomaltine Hersheys Pacote 77g,OVOMALTINE,77.0,g
7899970402883,Chocolate Ao Leite Com Amendoim,"Hershey's, Hersheys",75.0,g
7899970402982,HERSHEY con leche,HERSHEY,82.0,g
7899970403002,Chocolate extra cremoso,Hershey's,82.0,g
7899970403026,COOKIES 'N' CREME,HERSHEY'S,77.0,g
7899970403453,Chocolate Meio Amargo 47% Cacau Original Hersheys Special Dark 80G,Hersheys,80.0,g
7899970403569,Chocolate ao leite com ovomaltine,Hershey's,138.0,g
7899970403828,Hershey's Ovomaltine Black 75 g,Hershey's,75.0,g
7899975800035,"Sorvete Moça Morango, Beijinho E Brigadeiro Nestlé Pote 1,5l",NESTLE,1500.0,mL
7899975800509,Sorvete Baunilha Com Biscoito De Chocolate Oreo Pacote 81g,NESTLE,81.0,g
7899975800523,Helado oreo,,65.0,g
7899975800585,Sorvete Napolitano Flocos Tradicional,"NESTLE, Nestlé",720.0,g
7899975800752,"Sorvete Laka Lacta Pote 1,5l",LACTA,1500.0,mL
7899975800769,"Sorvete 3 Chocolates Lacta Pote 1,5l",LACTA,1500.0,mL
7899975800905,"Sorvete Diamante Negro E Laka Lacta Pote 1,5l",LACTA,1500.0,mL
7899975801018,Mega 3 chocolates,Nestle,74.0,g
7899975801520,"Sorvete Negresco Garoto Pote 1,5l",GAROTO,1500.0,mL
7899975801537,"Sorvete Chocolate Garoto Pote 1,5l",GAROTO,1500.0,mL
7899975801544,"Sorvete Flocos Nobrelli Pote 1,5l",NOBRELLI,1500.0,mL
7899975801551,"Sorvete Creme Nobrelli Pote 1,5l",NOBRELLI,1500.0,mL
7899975801568,"Sorvete Napolitano Nobrelli Pote 1,5l",NOBRELLI,1500.0,mL
7899975801940,"Sorvete Baunilha E Morango Nobrelli Duo Pote 1,8l",NOBRELLI,1800.0,mL
7899975801957,"Sorvete Nata E Chocolate Nobrelli Duo Pote 1,8l",NOBRELLI,1800.0,mL
7899975801964,hel Kitkat,Nestlé,61.0,g
7899975801971,Sorvete Chambinho Nestlé Pote 1l,NESTLE,1000.0,mL
7899975801988,Pack Picolé Limão Tang Caixa 330g 6 Unidades,TANG,330.0,g
7899975801995,Pack Picolé Morango Azedinho Fini Tubes Caixa 270g 6 Unidades,FINI,270.0,g
7899975802077,Pack Picolé Baton Garoto Caixa 270g 6 Unidades,GAROTO,270.0,g
7899975802107,Sorvete Coco E Framboesa La Frutta Pote 1l,LA FRUTTA,1000.0,mL
7899975802114,Sorvete Manga E Morango Com Chia La Frutta Pote 1l,LA FRUTTA,1000.0,mL
7899975802121,Sorvete Abacaxi E Coco La Frutta Pote 1l,LA FRUTTA,1000.0,mL
7899975802138,Sorvete Uva E Limão La Frutta Pote 1l,LA FRUTTA,1000.0,mL
7899975802213,"Sorvete Napolitano Tradicional Nestlé Pote Leve 1,8l Pague 1,5l",NESTLE,1800.0,mL
7899975802466,"Sorvete Chocolate Tradicional Nestlé Pote 1,5l",NESTL,1500.0,mL
7899975802473,Pack Picolé Moça Brigadeiro Nestlé Caixa 252g 4 Unidades,NESTL,252.0,g
7899975802480,Pack Picolé Kitkat Nestlé Caixa 183g 3 Unidades,NESTL,183.0,g
7899975802497,Sorvete Sonho De Valsa Lacta Pote 1l,SONHO DE VALSA,1000.0,mL
7899975802503,"Sorvete Trufadinho Calda Chocolate Nobrelli Tentazione Pote 1,5l",NOBRELLI,1500.0,mL
7899975802510,"Sorvete Baunilha Calda Morango Nobrelli Tentazione Pote 1,5l",NOBRELLI,1500.0,mL
7899975802527,"Sorvete Grego Calda Frutas Silvestres Nobrelli Tentazione Pote 1,5l",NOBRELLI,1500.0,mL
7899975802534,Sorvete Diamante Negro Lacta Pote 1l,DIAMANTE NEGRO,1000.0,mL
7899975802565,Sorvete Baton Duobranco Garoto Pote 1l,GAROTO,1000.0,mL
7899975802589,Sorvete Laka E Oreo Recheio Cremoso Lacta Pote 1l,CREMOSO,1000.0,mL
7899975802619,Sorvete Oreo Pote 1l,OREO,1000.0,mL
7899975802664,Pack Picolé Diamante Negro Lacta Caixa 204g 3 Unidades,DIAMANTE NEGRO,204.0,g
7899975802756,"Sorvete Creme Nobrelli Pote 1,3l",NOBRELLI,1300.0,mL
7899975802763,"Sorvete Napolitano Nobrelli Pote 1,3l",NOBRELLI,1300.0,mL
7899975802770,"Sorvete Flocos Nobrelli Pote 1,3l",NOBRELLI,1300.0,mL
7899975802787,"Sorvete Nata E Chocolate Nobrelli Duo Pote 1,3l",NOBRELLI,1300.0,mL
7899975802794,"Sorvete Baunilha E Morango Nobrelli Duo Pote 1,3l",NOBRELLI,1300.0,mL
7899975802831,"Sorvete Banoffee Calda Doce De Leite Nobrelli Tentazione Pote 1,5l",NOBRELLI,1500.0,mL
7899975803166,mega pistacho,frigor,74.0,g
7899975803173,Oreo Picolé,Froneri,260.0,g
7899985000265,Ateliê Minis Salame,,115.0,g
7899985000333,Crepe Recheio Chocolate Paderrí Pacote 192g 6 Unidades,PADERRÍ,150.0,g
7899985000777,Ateliê Trio Frango,,210.0,g
7899985000913,Crepe com Recheio de Doce de Leite,Paderrí,32.0,g
7899985000920,Crepe doce de leite Paderri 180g,Paderri,150.0,g
7899985000944,Ateliê brioche salame,,150.0,g
7899985001323,minis com Cream Cheese Atum Cebolinha e Molho com Cream Cheese,Ateliê,115.0,g
7899990400623,Propolis & Ginger 🫚,Bellabee,30.0,mL
7899990400869,Propolis Extract liquid supplement,Bellabee,30.0,mL
7899990440087,Propolis Green Propolis,Bellabee,30.0,mL
7900000005599,Leite Condensado Semidesnatado Itambé,Itambé,395.0,g
7900000164449,Leite Desnatado MOLICO,"MOLICO,Nestlé",1000.0,mL
7900000170440,LEITE EM PÓ INTEGRAL,Ccgl,800.0,g
7900001034215,Sardinha ao Molho de Tomate 88 Lata 125g,88,125.0,g
7900007979718,Claybom Cremosa com sal,Claybom,500.0,g
7900009717455,Leite condensado integral mococa,Momoca,395.0,g
7900009734964,Claybom sabor Manteiga,Claybom,500.0,g
7900009812679,Empanado de Frango Recheio Embutido de Lombo Cozido e Mussarela Seara Levíssimo,Seara,100.0,g
79003001,Frischkäse,Valblanc,200.0,g
7901011018448,Nestle munch king size,Nestlé,17.8,g
7901019282018,Nutella cacao nocciole e soia,,200.0,g
7901021558019,Baglio delle saline,,750.0,mL
7901062401459,Body Strong Protein,Equaliv,550.0,g
7901066044010,Ragù alla bolognese Conad,Conad,360.0,g
7901067241098,Stellette n°75 Integrale,De Cecco,500.0,g
7901107652013,Vege,,600.0,mL
7901173009018,filetti sgombro,,125.0,g
7901183471041,Succhi,,600.0,mL
7901388026428,Choco squeeze,Wedel,50.0,g
7901479315622,Cookies bubble gum,,128.0,g
7901645704595,Tortellini Ricotta et Épinards,Rana,300.0,g
7901758112706,parle - G,parle,130.0,g
7901808000403,CHIUCROUTE,YARDEN,880.0,g
7901809007715,Cornflower,Weikfield,500.0,g
7901940003409,Ground Cinnamon,Cosmin®,15.0,g
7902238118287,Açaí,MASAIX,500.0,mL
7902552014524,Orange jellies in chocolate,Goplana,190.0,g
7902553648216,ZoZoLe Epic!,,75.0,g
7902596020321,ENGLISH,Remsey,131.25,g
7902596030665,Dzika róża,Milton,160.0,g
7902810111026,Thunfisch Sonnenblumenöl,,150.0,g
7903404415810,Badam flavoured milk,Jersy,110.0,mL
7904019302878,medmix,,500.0,g
7904066006835,Clover Valley Spaghetti Rings in Tomato Sauce,Clover Valley,400.0,g
7904145521198,Agro fresh Ragi flour,,500.0,g
7904546070998,Wafer Rolls,Tago,150.0,g
7904669094963,sugo ARRABBIATA,Tenuta del Cervo,190.0,g
7904685011029,Majonez,,700.0,mL
7904701812166,9ahwa choco,Royal,100.0,g
7904702028382,Czekolada gorzka 90% cocoa,Wawel,90.0,g
7904709000183,Pasztet drobioy,Podlaski,195.0,g
7904730031194,Nuii,,244.0,g
7904835025876,Deli musztarda sarepska,Prymat,185.0,g
7904852000399,Makaron Spaghetti,Goliard,500.0,g
7905358230303,Jabłkowo,Owolovo,200.0,g
7906023270013,Dugra ghee,,910.0,g
7906106220256,Rose lassi,Chhaswala,200.0,mL
7906136301383,Kefir Bio Colectar,,250.0,mL
7907349003316,Bhelpuri chutney,Mothers recipe,200.0,g
79074808077606,"Bob Evans, The Rise & Shine, Low Calorie",Bob Evans,406.0,g
7908014841035,Refined Wheat Flour (maida),Bhagyalakshmi,500.0,g
7908041704631,Hambúrguer De Carne Bovina Picanha Vpj Caixa 450g 15 Unidades,VPJ,450.0,g
7908041704679,Hambúrguer De Carne Bovina Costela Black Angus Vpj Caixa 420g 2 Unidades,VPJ,420.0,g
7908041704693,Hambúrguer De Carne Bovina Picanha Black Angus Vpj Caixa 420g 2 Unidades,VPJ,420.0,g
7908041704761,Hamb Bov Angus Vpj 480g,,480.0,g
7908046701529,Doce Uva,La Brunier,500.0,g
7908046707736,Uva Branca Sem Semente,Vero Frutto,500.0,g
7908046709969,Cotton candy green seedless grapes,Doce uva,908.0,g
7908066400051,Maïs pura pipoca artesanal,Maispura,25.0,g
7908066400334,Farinha de Pipoca 100% integral,Mais Pura,100.0,g
7908073100142,Promotoria Pelati In Succo Di Pomodoro,Mamma Bia,400.0,g
7908073100388,Pão Mini de Batata,"Festval Dia-Dia,Festval",230.0,g
7908073100678,Pizza Individual de Mossarela,"Festval,Festval Pizza",150.0,g
7908073100807,Pizza Individual Corn Bacon,"Festval Pizza,Festval",150.0,g
7908073101651,Panettone com uvas-passas e casca de laranja cristalizada,Mamma Bia,750.0,g
7908073101736,Limonada,"Festval,Festval Natural",900.0,mL
7908073101804,"Kombucha com Uva Rosé, Uva Tinto e Maçã","Festval,Festval Natural",300.0,mL
7908090300556,Peixe Congelado Filé de Merluza sem Pele Mar e Rio Pescados,,400.0,g
7908090300624,Peixe Congelado Filé de Linguado Mar e Rio Pescados,,400.0,g
7908090300662,Peixe Congelado Postas de Salmão Mar e Rio Pescados,,400.0,g
7908090300747,Peixe Congelado Filé de Abadejo sem Pele Mar e Rio Pescados,,400.0,g
7908090300785,Peixe Congelado Eviscerado sem Cabeça Sardinha Mar e Rio Pescados,,400.0,g
7908090302239,Filé de Tilápia Mar e Rio Pescados,,300.0,g
7908101600446,Bananada,Tia Carla,40.0,g
7908111400197,Carpe Etiam Espaguete Zero Gluten Grao de Bico e Arroz 400g,Carpe Etiam,400.0,g
7908145502874,AH! NATU Chá de Erva-Doce,AH! NATU,10.0,g
7908145502966,AH! NATU Chá De Boldo Do Chile Ah Natu 30G,AH! NATU,30.0,g
7908145503055,AH! NATU Chá de Hortelã,AH! NATU,30.0,g
7908224700016,Steak Burger Costela Hambúrguer de Carne Bovina,Frigorífico Argus,360.0,g
7908224700023,Steak Burger Fraldinha,Frigorífico Argus,360.0,g
7908228801573,Balas Sabor Artificial de Tutti Frutti,D'elicce,70.0,g
7908228803089,TUBOS,Fini,80.0,g
7908228803270,TUBOS CINTAS,Fini,70.0,g
7908228804451,smoo free,fini,80.0,g
7908228805120,Polvo,Fini,80.0,g
7908228805151,Sapo,Fini,80.0,g
7908228805946,Harry Potter,fini,70.0,g
7908228806134,cobertura fini beijos,Fini,1000.0,g
7908228807520,Fini GOMITAS GUSANOS ÁCIDOS SABORES SURTIDOS,Fini,80.0,g
7908235000365,maionese julieta,,200.0,g
7908237700843,Tony's potato crisps,Tony's potato crisps,100.0,g
7908240508405,Base Fluida Matte,Ax Love,25.0,mL
7908240863863,Lingzhi Coffee,DXN,21.0,g
7908240894508,Una esmalte 3D gel,Natura,8.0,mL
7908248300018,Royal canin caes sache médium puppy,Royal canin,140.0,g
7908248300025,Royal canin sache médium adulto,Royal canin,140.0,g
7908248300988,Al. Gatos E Canin Vet 4kg Renal Special,,4000.0,g
7908248302500,Al. Royal Canin 12kg Puppy/Filhote 2-8,,12000.0,g
7908253603210,Snack Cães Selections  120gr Cuid.Oral GD,,0.12,g
7908253603227,Snack Cães Selections 75gr Cid. Oral MD,,0.75,g
7908253603234,Snack Cães Selections 45gr Cuid. Oral PQ,,0.45,g
7908253603524,Snack Cães Selections 50gr Gris.AD.CNE,,0.5,g
7908253603531,Snack Cães Selections 400gr Gris.AD.CNE,,0.4,g
7908253603555,Snack Cães Selections 400gr Gris.AD.FGO,,0.4,g
7908253603562,Snack Cães Selectins 50gr Gris. AD. Leg,,0.5,g
7908253603715,Al. Cães Sache Selections FP 100gr AD.MP.,,0.1,g
7908253604323,Bisc. Nutrifresh 150g AD. Camomila. Mar. Erv,,0.15,g
7908253605009,Snack Cães Selections 70gr Enroladinho FG,,0.7,g
7908253605726,Snack Gatos Selections FP 60gr Nugget,,0.6,g
7908267009961,Geleia de Abacaxi Casas Pedro,Casas Pedro,300.0,g
7908267500482,Hambúrguer de Carne Bovina Angus Fazenda Santa Monica,,360.0,g
7908267506804,Carpaccio de Lagarto Angus Fazenda Santa Monica,Carapreta,200.0,g
7908267516711,Hambúrguer de Carne Bovina Brisket Angus,,400.0,g
7908267516728,Hambúrguer de Carne Bovina Costela Angus,,400.0,g
7908267520091,Linguiça de Costela Bovina Congelada,carapreta,300.0,g
7908267522842,Linguiça de Costela Bovina Congelada Apimentada,,300.0,g
7908302481776,Cinnamon Roll,Casa Nacre,320.0,g
7908320902383,LINDT Chocolate Amargo Extrafino Excellence - 70% Cacau,LINDT,100.0,g
7908320908583,TWININGS Chá de Hortelã Twinings,TWININGS,100.0,g
7908320908606,TWININGS OF LONDON Chá Twinings Camomila,TWININGS OF LONDON,32.0,g
7908320908637,TWININGS Chá-Verde e Hortelã,TWININGS,20.0,g
7908320908699,TWININGS Chá Twinings Earl Grey,TWININGS,40.0,g
7908320909092,AHMAD TEA LONDON Infusão de Camomila e Capim-Limão Ahmad Tea London,AHMAD TEA LONDON,40.0,g
7908320909344,"LEÃO Chá Leão Hibisco, Rosa Silvestre e Amora",LEÃO,30.0,g
7908320910739,"DR. OETKER Chá Adorme.SER, Camomila, Capim-Cidreira, Hortelã e Erva-Doce-Nacional",DR. OETKER,22.5,g
7908352402110,Mac and Chilli,Nacho Loco,300.0,g
7908355600568,Pera Ercolini. 1kg,,1000.0,g
7908370100111,Panetone Tradicional frutas,Di Santo,400.0,g
7908370100128,panetone gotas de Chocolate,Di Santo,400.0,g
7908421701250,Carne bovina de hamburguer,Guidara,165.0,g
7908427000197,Brioche gotas de chocolate,Casa d'Oro,300.0,g
7908439001366,VIVA SALUTE Farinha de Arroz,VIVA SALUTE,500.0,g
7908474702679,Snack Gatos Nutrisco 56gr Atum Carang,,0.56,g
7908477600026,FLAVORED POPCORN Molho de Alho Cremoso Sabor Bacon Defumado,FLAVORED POPCORN,100.0,g
7908492700190,Panettone Com Gotas De Chocolate Ao Leite Recheio Trufado Chocolate Lindt Caixa 500g,LINDT,500.0,g
7908496402366,Base Compacta,dapop,11.0,g
7908612901049,Filé de Peito Fatiado Temperado Naturalmente,NAT,600.0,g
7908625603558,Bife de alcatra,Swift,500.0,g
7908625604463,Bife do Vazio,Swift,1000.0,g
7908649400065,coxinha tilápia,,400.0,g
7908690500752,Mini Churros Recheado com Doce de Leite,,800.0,g
7908690500769,Biscoito de Provolone Sabor Marcante de Queijo,,800.0,g
7908690500776,Pão de Queijo Tradicional ABC,,800.0,g
7908733200083,Suplemento alimentar em pó,Re-Hidraben,112.0,g
7908738411972,Granola Sem Açúcar Com Castanha Do Pará,Protein Granola,1000.0,g
7908808000099,Alfajor Whey Dream Milk Gourmet - 50g,Black Skull,50.0,g
7908855700218,CREATINA MONSTER MONOHIDRATADA,MONSTER LABZ,400.0,g
7909189103645,care,,1000.0,mL
7909189103768,Crema multiactiva,Avon,400.0,g
7909189118670,ON DUTY,AVON,84.0,mL
7909883226497,Deospray Humor Transforma,Humor,100.0,mL
